Norway_008161.jpg,1 1576 1455 1702 2031 3 1483 1218 1630 1431
Norway_008162.jpg,1 1468 1292 1987 2022
Norway_008163.jpg,3 1275 1564 1756 2029 3 1275 1214 1746 2029 1 481 1603 621 1729 1 1299 1226 1399 1387 1 1438 1311 1565 1573
Norway_008164.jpg,1 1311 1378 1452 1671
Norway_008165.jpg,
Norway_008166.jpg,
Norway_008167.jpg,
Norway_008168.jpg,
Norway_008169.jpg,1 375 1282 1151 2001
Norway_008170.jpg,
Norway_008171.jpg,
Norway_008172.jpg,
Norway_008173.jpg,1 1325 1221 1989 2018 1 1627 1560 1991 2018 1 1386 1589 1583 2029
Norway_008174.jpg,2 417 1406 1402 1520
Norway_008175.jpg,
Norway_008176.jpg,
Norway_008177.jpg,
Norway_008178.jpg,
Norway_008179.jpg,1 0 1649 209 2018
Norway_008180.jpg,
Norway_008181.jpg,
Norway_008182.jpg,
Norway_008183.jpg,
Norway_008184.jpg,
Norway_008185.jpg,
Norway_008186.jpg,
Norway_008187.jpg,
Norway_008188.jpg,
Norway_008189.jpg,
Norway_008190.jpg,
Norway_008191.jpg,
Norway_008192.jpg,1 0 1324 669 1693
Norway_008193.jpg,1 2003 1574 2193 1789
Norway_008194.jpg,
Norway_008195.jpg,3 66 1473 1293 2035
Norway_008196.jpg,1 249 1189 1077 1660 1 0 1600 159 2016
Norway_008197.jpg,2 191 1451 1846 1631
Norway_008198.jpg,
Norway_008199.jpg,
Norway_008200.jpg,
Norway_008201.jpg,
Norway_008202.jpg,2 37 1891 982 2020 1 72 1510 826 2030 2 696 1716 1153 1759
Norway_008203.jpg,
Norway_008204.jpg,
Norway_008205.jpg,
Norway_008206.jpg,1 1129 1171 1224 1427
Norway_008207.jpg,
Norway_008208.jpg,
Norway_008209.jpg,
Norway_008210.jpg,
Norway_008211.jpg,
Norway_008212.jpg,1 251 1807 553 2032 1 1684 1467 1792 1579 1 959 1240 1181 1434
Norway_008213.jpg,
Norway_008214.jpg,
Norway_008215.jpg,
Norway_008216.jpg,
Norway_008217.jpg,1 763 1738 983 2023 1 771 1376 1095 2024
Norway_008218.jpg,1 2068 1873 2176 2033 1 1529 1410 1579 1514 3 1675 1353 2001 1789
Norway_008219.jpg,
Norway_008220.jpg,2 0 1618 2080 1765 2 0 1664 998 1781 2 0 1694 1066 1777
Norway_008221.jpg,3 257 1733 839 2037 1 1054 1193 1304 1402 3 0 1641 217 1923 2 754 1291 1095 1340 1 731 1920 827 2036
Norway_008222.jpg,1 735 1517 1056 1911 1 1811 1486 2004 1872 1 1 1293 943 1768
Norway_008223.jpg,
Norway_008224.jpg,
Norway_008225.jpg,1 0 1415 695 1912
Norway_008226.jpg,
Norway_008227.jpg,
Norway_008228.jpg,
Norway_008229.jpg,
Norway_008230.jpg,
Norway_008231.jpg,1 1672 1423 1931 2033 1 1507 1409 1588 1724 1 1500 1178 1566 1318
Norway_008232.jpg,1 864 1231 1041 1337
Norway_008233.jpg,
Norway_008234.jpg,
Norway_008235.jpg,
Norway_008236.jpg,1 1061 1305 1242 1444 1 573 1351 875 1546 1 1472 1159 1554 1344 1 525 1277 798 1448
Norway_008237.jpg,
Norway_008238.jpg,
Norway_008239.jpg,
Norway_008240.jpg,1 378 1631 773 2026
Norway_008241.jpg,
Norway_008242.jpg,1 1145 1322 1454 1870 1 966 1807 1217 2038 1 406 1677 820 2034 2 1454 1319 1748 1372
Norway_008243.jpg,
Norway_008244.jpg,1 115 1690 512 2025 1 827 1447 975 1617 1 1356 1790 1457 2032 2 125 1540 1584 1816
Norway_008245.jpg,
Norway_008246.jpg,
Norway_008247.jpg,2 0 1598 1925 1775 1 1346 1397 1447 1533 2 1155 1325 1709 1386 1 1439 1178 1498 1371 1 776 1233 1195 1519
Norway_008248.jpg,1 1492 1183 1839 2030 2 1850 1837 2098 1920 1 1667 1636 1839 2036 2 1721 1838 2097 2033
Norway_008249.jpg,1 1474 1558 1610 2037 1 832 1353 1235 2028 1 894 1278 1182 1577 1 1493 1345 1722 1555 1 1319 1229 1439 1356 1 1304 1231 1722 1547
Norway_008250.jpg,
Norway_008251.jpg,
Norway_008252.jpg,1 1086 1433 1230 1874
Norway_008253.jpg,
Norway_008254.jpg,
Norway_008255.jpg,
Norway_008256.jpg,
Norway_008257.jpg,
Norway_008258.jpg,
Norway_008259.jpg,1 1588 1171 2451 2027
Norway_008260.jpg,
Norway_008261.jpg,
Norway_008262.jpg,
Norway_008263.jpg,
Norway_008264.jpg,
Norway_008265.jpg,
Norway_008266.jpg,4 555 1298 649 1356
Norway_008267.jpg,
Norway_008268.jpg,
Norway_008269.jpg,
Norway_008270.jpg,
Norway_008271.jpg,
Norway_008272.jpg,
Norway_008273.jpg,
Norway_008274.jpg,1 1321 1498 1440 1889 1 1420 1176 1504 1517 1 1113 1860 1221 2034
Norway_008275.jpg,
Norway_008276.jpg,
Norway_008277.jpg,
Norway_008278.jpg,
Norway_008279.jpg,
Norway_008280.jpg,
Norway_008281.jpg,2 0 1528 1639 1771 2 0 1561 1266 1768
Norway_008282.jpg,4 1210 1900 1361 2000
Norway_008283.jpg,
Norway_008284.jpg,
Norway_008285.jpg,
Norway_008286.jpg,
Norway_008287.jpg,
Norway_008288.jpg,2 568 1514 1265 1564
Norway_008289.jpg,
Norway_008290.jpg,
Norway_008291.jpg,
Norway_008292.jpg,1 1443 1100 1548 1303 3 0 1404 673 1776
Norway_008293.jpg,3 1238 1326 1673 1928 1 84 1364 678 1613 1 1334 1937 1387 2037 1 568 1949 659 2037 1 792 1632 873 1737 1 757 1527 868 1659 1 1425 1239 1464 1308
Norway_008294.jpg,
Norway_008295.jpg,
Norway_008296.jpg,
Norway_008297.jpg,
Norway_008298.jpg,
Norway_008299.jpg,1 1 1152 1123 1809
Norway_008300.jpg,2 0 1558 184 1660
Norway_008301.jpg,
Norway_008302.jpg,
Norway_008303.jpg,
Norway_008304.jpg,
Norway_008305.jpg,
Norway_008306.jpg,1 1499 1570 1661 2034 1 1724 1226 1829 1520 3 1500 1565 1665 2036
Norway_008307.jpg,
Norway_008308.jpg,1 1559 1315 1628 1469 2 1400 1582 1575 1619
Norway_008309.jpg,
Norway_008310.jpg,
Norway_008311.jpg,
Norway_008312.jpg,1 910 1687 1007 2035 1 1433 1503 1582 1655 1 1425 1897 1494 2039 1 853 1417 1078 1663 1 1624 1419 1685 1523 1 690 1507 859 1645
Norway_008313.jpg,1 755 1271 1058 1456 1 1122 1170 1437 1543 1 1789 1585 1924 1875
Norway_008314.jpg,1 333 1680 701 2026 1 1530 1649 1602 1891 1 1511 1729 1597 1892 1 1550 1650 1601 1852 1 518 1804 683 1973
Norway_008315.jpg,
Norway_008316.jpg,1 1352 1888 1439 2033
Norway_008317.jpg,
Norway_008318.jpg,
Norway_008319.jpg,
Norway_008320.jpg,
Norway_008321.jpg,1 1242 1214 1356 1354
Norway_008322.jpg,
Norway_008323.jpg,
Norway_008324.jpg,
Norway_008325.jpg,
Norway_008326.jpg,1 1666 1509 1902 2033 1 1434 1356 1535 1528 1 1428 1273 1472 1333
Norway_008327.jpg,
Norway_008328.jpg,1 738 1656 939 2031 1 581 1687 759 1935 1 97 1342 537 1516 1 774 1122 971 1245 2 767 1532 1882 1623 1 1215 1162 1270 1223
Norway_008329.jpg,
Norway_008330.jpg,
Norway_008331.jpg,1 1413 1193 2147 2031
Norway_008332.jpg,
Norway_008333.jpg,
Norway_008334.jpg,1 33 1538 292 1726
Norway_008335.jpg,
Norway_008336.jpg,1 1255 1198 1333 1318 1 1454 1191 1508 1286
Norway_008337.jpg,
Norway_008338.jpg,
Norway_008339.jpg,
Norway_008340.jpg,3 1405 1244 1831 2029 3 883 1360 1227 1531 1 1633 1710 1830 2032
Norway_008341.jpg,
Norway_008342.jpg,1 521 1968 607 2035 1 2057 1570 2530 2024
Norway_008343.jpg,
Norway_008344.jpg,1 1513 1657 1653 2036
Norway_008345.jpg,
Norway_008346.jpg,1 1692 1485 2139 2021 1 1480 1308 1667 1515 1 693 1143 999 1409 1 1347 1240 1580 2036 1 292 1398 878 2029 1 287 1684 648 2029 1 1390 1412 1581 2038
Norway_008347.jpg,
Norway_008348.jpg,
Norway_008349.jpg,
Norway_008350.jpg,
Norway_008351.jpg,
Norway_008352.jpg,
Norway_008353.jpg,
Norway_008354.jpg,
Norway_008355.jpg,
Norway_008356.jpg,
Norway_008357.jpg,
Norway_008358.jpg,3 1202 1236 1597 2030
Norway_008359.jpg,
Norway_008360.jpg,
Norway_008361.jpg,1 0 1598 346 1815 1 0 1596 343 1955
Norway_008362.jpg,
Norway_008363.jpg,
Norway_008364.jpg,
Norway_008365.jpg,
Norway_008366.jpg,1 1841 1761 2033 2024
Norway_008367.jpg,
Norway_008368.jpg,
Norway_008369.jpg,
Norway_008370.jpg,
Norway_008371.jpg,
Norway_008372.jpg,
Norway_008373.jpg,
Norway_008374.jpg,
Norway_008375.jpg,
Norway_008376.jpg,
Norway_008377.jpg,
Norway_008378.jpg,
Norway_008379.jpg,1 1039 1352 1233 1762 1 984 1146 1102 1332
Norway_008380.jpg,
Norway_008381.jpg,4 1317 1656 1404 1761
Norway_008382.jpg,1 1436 1132 2116 2019
Norway_008383.jpg,1 292 1796 505 1961 3 1312 1192 1817 2033 1 1834 1814 1934 2035 1 1278 1314 1359 1400 1 587 1505 1159 2021 1 0 1474 823 1908 1 2069 1619 2251 1785 1 1742 1254 1934 1442 1 1739 1904 1798 2035
Norway_008384.jpg,1 1570 1189 1676 1427 1 1462 1110 1525 1243
Norway_008385.jpg,
Norway_008386.jpg,
Norway_008387.jpg,1 1432 1796 1573 2036 1 1520 1148 1631 1398 1 1596 1529 1681 1797 2 866 1489 1794 1593 1 1428 1125 1479 1292 1 1600 1525 1719 1797
Norway_008388.jpg,1 0 1665 520 2033 1 632 1569 875 1850 3 896 1229 1090 1566 1 1435 1792 1568 2036 1 1121 1295 2023 1963 1 1076 1523 1169 1739
Norway_008389.jpg,
Norway_008390.jpg,1 370 1822 604 2033 1 610 1497 943 1802
Norway_008391.jpg,
Norway_008392.jpg,
Norway_008393.jpg,
Norway_008394.jpg,
Norway_008395.jpg,
Norway_008396.jpg,
Norway_008397.jpg,
Norway_008398.jpg,
Norway_008399.jpg,
Norway_008400.jpg,
Norway_008401.jpg,
Norway_008402.jpg,1 671 1352 765 1417
Norway_008403.jpg,
Norway_008404.jpg,1 1023 1248 1344 2031 1 0 1119 1150 1965 1 1005 1468 1145 1685 1 1246 1112 1295 1188
Norway_008405.jpg,
Norway_008406.jpg,
Norway_008407.jpg,
Norway_008408.jpg,
Norway_008409.jpg,1 995 1447 1131 1642 1 1555 1683 1647 2001 1 1683 1826 1804 2033
Norway_008410.jpg,
Norway_008411.jpg,1 0 1282 829 2012
Norway_008412.jpg,
Norway_008413.jpg,
Norway_008414.jpg,
Norway_008415.jpg,
Norway_008416.jpg,1 1436 1265 2010 2026
Norway_008417.jpg,
Norway_008418.jpg,
Norway_008419.jpg,
Norway_008420.jpg,1 1383 1637 1720 2026 1 1184 1302 1321 1581
Norway_008421.jpg,
Norway_008422.jpg,
Norway_008423.jpg,1 1507 1138 1989 2030
Norway_008424.jpg,
Norway_008425.jpg,
Norway_008426.jpg,
Norway_008427.jpg,
Norway_008428.jpg,1 1647 1816 1809 2034 3 1369 1604 1822 2033 1 1624 1557 1673 1650 1 1929 1740 2169 1975 1 1406 1620 1467 1767
Norway_008429.jpg,
Norway_008430.jpg,
Norway_008431.jpg,
Norway_008432.jpg,
Norway_008433.jpg,1 1268 1224 1483 1404
Norway_008434.jpg,
Norway_008435.jpg,
Norway_008436.jpg,
Norway_008437.jpg,
Norway_008438.jpg,
Norway_008439.jpg,
Norway_008440.jpg,1 1258 1253 1403 1497 1 1130 1540 1237 1652
Norway_008441.jpg,
Norway_008442.jpg,3 1260 1478 1796 1893 1 975 1342 1065 1476 1 615 1864 760 2032 1 716 1439 798 1514 1 1741 1590 1870 1867 2 539 1330 875 1371
Norway_008443.jpg,
Norway_008444.jpg,
Norway_008445.jpg,
Norway_008446.jpg,
Norway_008447.jpg,2 7 1780 1846 2000 1 1267 1244 1346 1363 2 267 1392 1710 1461 1 1678 1460 1871 2024
Norway_008448.jpg,
Norway_008449.jpg,1 1513 1436 1597 1616
Norway_008450.jpg,
Norway_008451.jpg,
Norway_008452.jpg,1 1628 1295 2160 2024
Norway_008453.jpg,
Norway_008454.jpg,1 1309 1151 1366 1233
Norway_008455.jpg,1 1019 1463 1363 2033
Norway_008456.jpg,
Norway_008457.jpg,1 1545 1260 1597 1348
Norway_008458.jpg,
Norway_008459.jpg,
Norway_008460.jpg,
Norway_008461.jpg,
Norway_008462.jpg,
Norway_008463.jpg,
Norway_008464.jpg,1 602 1340 974 1609 2 875 1762 1427 2037 2 1698 1854 2228 1999 1 1510 1606 1698 2040 1 1020 1277 1116 1349 1 1391 1525 1464 1673 1 877 1765 1424 2036 2 1517 1473 1831 1535
Norway_008465.jpg,1 485 1289 1083 2031 1 1323 1203 1411 1534
Norway_008466.jpg,
Norway_008467.jpg,
Norway_008468.jpg,1 1275 1583 1425 2034 1 1701 1634 1828 2030
Norway_008469.jpg,
Norway_008470.jpg,
Norway_008471.jpg,
Norway_008472.jpg,1 209 1671 521 1944 1 1232 1444 1391 2035 1 1585 1630 1686 2034 1 814 1866 983 2034 1 1495 1416 1687 2038
Norway_008473.jpg,
Norway_008474.jpg,
Norway_008475.jpg,
Norway_008476.jpg,
Norway_008477.jpg,
Norway_008478.jpg,
Norway_008479.jpg,1 1072 1221 1419 1648 1 1515 1276 1747 2037 1 16 1260 881 1680 1 1384 1088 1428 1173 1 24 1378 587 1677
Norway_008480.jpg,
Norway_008481.jpg,
Norway_008482.jpg,
Norway_008483.jpg,
Norway_008484.jpg,1 99 1329 901 1748 1 982 1551 1074 1707 1 659 1921 787 2032 1 1441 1424 1684 1981 1 1440 1429 1531 1687
Norway_008485.jpg,
Norway_008486.jpg,
Norway_008487.jpg,1 1462 1573 1636 1738 1 1429 1799 1521 2039 1 1502 1301 1558 1420 4 530 1796 602 1846 1 277 1433 396 1491
Norway_008488.jpg,1 1011 1279 1352 1998 1 600 1110 1230 1397 2 463 1912 1463 2032 1 1364 1188 1428 1274 1 1445 1296 1592 1821 1 1538 1150 1601 1282
Norway_008489.jpg,1 646 1259 1148 2030
Norway_008490.jpg,1 1521 1263 1856 2024
Norway_008491.jpg,
Norway_008492.jpg,
Norway_008493.jpg,1 1029 1354 1427 2031
Norway_008494.jpg,
Norway_008495.jpg,
Norway_008496.jpg,
Norway_008497.jpg,
Norway_008498.jpg,
Norway_008499.jpg,
Norway_008500.jpg,
Norway_008501.jpg,
Norway_008502.jpg,1 2104 1322 2262 1401 1 2421 1579 2691 1788 1 1969 1402 2731 2022
Norway_008503.jpg,2 0 1645 1783 1744
Norway_008504.jpg,1 1697 1532 2025 2031 1 826 1611 1039 2034 1 1607 1214 1759 1478
Norway_008505.jpg,
Norway_008506.jpg,
Norway_008507.jpg,
Norway_008508.jpg,
Norway_008509.jpg,
Norway_008510.jpg,
Norway_008511.jpg,
Norway_008512.jpg,2 0 1648 1955 1874 1 1499 1611 1730 2034
Norway_008513.jpg,
Norway_008514.jpg,1 300 1471 689 1695 1 1703 1411 1860 1744
Norway_008515.jpg,
Norway_008516.jpg,
Norway_008517.jpg,1 1861 1705 2153 2028
Norway_008518.jpg,1 1282 1268 1551 2035
Norway_008519.jpg,1 1366 1209 1542 1522
Norway_008520.jpg,1 1033 1511 1129 1762 2 66 1678 1884 1840 1 872 1436 1080 1671
Norway_008521.jpg,1 1007 1232 1082 1295 1 1007 1225 1107 1295
Norway_008522.jpg,
Norway_008523.jpg,
Norway_008524.jpg,1 1442 1383 2010 2016
Norway_008525.jpg,
Norway_008526.jpg,
Norway_008527.jpg,1 1412 1394 1592 1991
Norway_008528.jpg,3 797 1469 1393 2038 3 5 1538 706 1956
Norway_008529.jpg,
Norway_008530.jpg,2 5 1642 1566 1866
Norway_008531.jpg,
Norway_008532.jpg,1 1042 1720 1188 2036 1 379 1229 1085 2028 2 662 1752 1119 1819
Norway_008533.jpg,1 387 1280 1313 2026
Norway_008534.jpg,1 1575 1280 1966 2027 2 328 1441 1737 1533
Norway_008535.jpg,1 1582 1327 1920 2036 1 2062 1812 2304 2032
Norway_008536.jpg,
Norway_008537.jpg,
Norway_008538.jpg,
Norway_008539.jpg,
Norway_008540.jpg,1 1608 1507 1858 2036
Norway_008541.jpg,
Norway_008542.jpg,1 831 1820 953 2033 1 1120 1450 1241 1660 1 1293 1233 1503 1448 1 1113 1232 1505 1654
Norway_008543.jpg,
Norway_008544.jpg,
Norway_008545.jpg,
Norway_008546.jpg,3 1524 1145 1681 1330 1 1670 1397 1716 1444
Norway_008547.jpg,
Norway_008548.jpg,1 373 1403 883 1764 1 1403 1405 1735 2037 1 811 1420 1218 2031 1 536 1302 760 1411 1 1457 1339 1520 1406 1 15 1552 228 1667 1 1086 1423 1211 1705 1 812 1696 1080 2034
Norway_008549.jpg,
Norway_008550.jpg,1 1231 1169 1295 1239
Norway_008551.jpg,
Norway_008552.jpg,1 903 1593 1295 2032 1 1325 1317 1418 1623
Norway_008553.jpg,4 3374 552 3564 723
Norway_008554.jpg,
Norway_008555.jpg,
Norway_008556.jpg,
Norway_008557.jpg,
Norway_008558.jpg,
Norway_008559.jpg,1 225 1542 778 2003
Norway_008560.jpg,
Norway_008561.jpg,
Norway_008562.jpg,1 1665 1375 1755 1557 1 1521 1499 1745 2035 1 1611 1629 1742 2034 1 404 1686 738 2031 1 1517 1483 1610 1632
Norway_008563.jpg,1 1889 1763 2027 2036 1 1627 1373 1758 1499 1 2568 1922 2728 2035 1 1789 1500 1963 1775 1 1537 1178 1590 1282
Norway_008564.jpg,1 2056 1779 2267 2033
Norway_008565.jpg,1 487 1400 736 1753
Norway_008566.jpg,
Norway_008567.jpg,
Norway_008568.jpg,
Norway_008569.jpg,
Norway_008570.jpg,
Norway_008571.jpg,
Norway_008572.jpg,
Norway_008573.jpg,
Norway_008574.jpg,
Norway_008575.jpg,
Norway_008576.jpg,1 1444 1625 1695 2027
Norway_008577.jpg,
Norway_008578.jpg,
Norway_008579.jpg,1 1602 1707 1808 2032
Norway_008580.jpg,1 1382 1543 1426 1683 1 1322 1689 1367 1786
Norway_008581.jpg,
Norway_008582.jpg,
Norway_008583.jpg,
Norway_008584.jpg,
Norway_008585.jpg,
Norway_008586.jpg,
Norway_008587.jpg,
Norway_008588.jpg,2 254 1577 2601 1681 3 1450 1276 1594 1408
Norway_008589.jpg,1 1848 1520 2309 2034 1 1697 1326 2304 2032
Norway_008590.jpg,1 1301 1414 1416 1804 1 1254 1778 1323 2028
Norway_008591.jpg,
Norway_008592.jpg,
Norway_008593.jpg,1 1684 1451 2308 2029
Norway_008594.jpg,1 1208 1500 1395 1834 1 1452 1286 1523 1485 1 1444 1198 1537 1491
Norway_008595.jpg,
Norway_008596.jpg,
Norway_008597.jpg,1 1556 1730 1667 2038 1 136 1282 795 1682 3 879 1290 1141 1513 2 1698 1562 1946 1790 1 1703 1561 1944 1790
Norway_008598.jpg,1 1513 1312 2157 2023
Norway_008599.jpg,
Norway_008600.jpg,4 3396 1199 3897 1512
Norway_008601.jpg,
Norway_008602.jpg,
Norway_008603.jpg,1 1480 1396 1548 1613
Norway_008604.jpg,1 1679 1565 1967 1918 1 1101 1186 1296 1347 1 879 1189 1298 2032 1 1485 1876 1574 2037 1 1711 1442 1765 1559 1 794 1321 941 1433 1 896 1210 1049 1305 1 1534 1302 1640 1402 1 3 1385 559 1620 1 1273 1532 1352 2037 1 872 1384 1206 2036 1 1465 1589 1536 1785 1 0 1652 114 1746 1 0 1652 114 1798
Norway_008605.jpg,1 1084 1065 1152 1278
Norway_008606.jpg,
Norway_008607.jpg,
Norway_008608.jpg,
Norway_008609.jpg,
Norway_008610.jpg,3 186 1587 680 2030 1 190 1589 673 2031
Norway_008611.jpg,
Norway_008612.jpg,
Norway_008613.jpg,
Norway_008614.jpg,
Norway_008615.jpg,
Norway_008616.jpg,
Norway_008617.jpg,
Norway_008618.jpg,1 0 1293 644 1888 1 773 1092 931 1194 1 868 1084 1115 1999 1 927 1288 1067 1766
Norway_008619.jpg,
Norway_008620.jpg,
Norway_008621.jpg,
Norway_008622.jpg,
Norway_008623.jpg,
Norway_008624.jpg,
Norway_008625.jpg,1 1492 1361 1574 1721
Norway_008626.jpg,
Norway_008627.jpg,
Norway_008628.jpg,
Norway_008629.jpg,
Norway_008630.jpg,1 2477 1655 2944 2029
Norway_008631.jpg,
Norway_008632.jpg,1 1937 1694 2196 2023 1 668 1602 963 2028 1 909 1833 996 2031 3 1398 1508 1810 2032 1 924 1361 1105 1559 1 419 1885 549 2034 1 965 1597 1093 1894 1 115 1375 437 1510
Norway_008633.jpg,
Norway_008634.jpg,
Norway_008635.jpg,1 1582 1447 2121 2027 1 1315 1129 2124 2028
Norway_008636.jpg,1 1487 1786 1632 2028 1 334 1846 410 1912 1 1645 1682 1689 1810 1 1625 1680 1689 1818
Norway_008637.jpg,1 937 1683 1068 2011
Norway_008638.jpg,
Norway_008639.jpg,
Norway_008640.jpg,1 0 1403 577 1720
Norway_008641.jpg,1 206 1211 1082 1631 1 1535 1577 1813 2034
Norway_008642.jpg,
Norway_008643.jpg,
Norway_008644.jpg,
Norway_008645.jpg,
Norway_008646.jpg,
Norway_008647.jpg,
Norway_008648.jpg,1 0 1325 782 1776
Norway_008649.jpg,
Norway_008650.jpg,1 1225 1634 1400 2033 1 1540 1884 1625 2034 1 658 1599 924 1871 1 1296 1331 1409 1485 1 1595 1311 1762 1930 1 943 1258 1268 1551 1 1458 1529 1531 1652 1 0 1785 140 1994 1 1473 1221 1544 1487 1 0 1625 248 1765 1 0 1784 138 1911
Norway_008651.jpg,1 1448 1459 1517 1526 1 1494 1742 1609 2038 1 1584 1542 1628 1617 1 1452 1711 1600 2036 1 3 1412 468 1617 1 1595 1673 1655 1779 1 1479 1574 1549 1691 1 1431 1556 1551 1693 1 1517 1750 1599 2037
Norway_008652.jpg,
Norway_008653.jpg,1 0 1108 945 1588 1 1411 1476 1496 1618 1 1312 1121 1362 1247 1 1101 1195 1148 1275 1 711 1100 973 1214 1 957 1304 1026 1409
Norway_008654.jpg,
Norway_008655.jpg,
Norway_008656.jpg,
Norway_008657.jpg,
Norway_008658.jpg,
Norway_008659.jpg,
Norway_008660.jpg,
Norway_008661.jpg,
Norway_008662.jpg,
Norway_008663.jpg,1 839 1882 1003 2034 1 508 1449 705 1554 1 1387 1495 1469 1660 2 691 1699 1287 1771 1 1386 1863 1446 2034 1 315 1738 656 2031 1 1175 1236 1354 1639 1 767 1224 1041 1373 1 1174 1316 1322 1639 1 1271 1161 1388 1329 1 1070 1207 1153 1265
Norway_008664.jpg,
Norway_008665.jpg,1 1604 1340 1685 1486 1 1602 1480 1739 1771 1 2070 1898 2234 2034
Norway_008666.jpg,
Norway_008667.jpg,
Norway_008668.jpg,
Norway_008669.jpg,
Norway_008670.jpg,
Norway_008671.jpg,
Norway_008672.jpg,
Norway_008673.jpg,
Norway_008674.jpg,
Norway_008675.jpg,
Norway_008676.jpg,
Norway_008677.jpg,1 716 1737 839 2032 1 1575 1673 1664 2036 1 1490 1565 1555 1665 1 1421 1480 1474 1581 1 1456 1224 1492 1288 1 1182 1651 1273 1861
Norway_008678.jpg,
Norway_008679.jpg,1 0 1497 367 1696
Norway_008680.jpg,
Norway_008681.jpg,1 1314 1110 2051 2021
Norway_008682.jpg,
Norway_008683.jpg,
Norway_008684.jpg,
Norway_008685.jpg,1 0 1166 804 1696
Norway_008686.jpg,1 491 1284 786 1411 1 1227 1143 1260 1197
Norway_008687.jpg,1 1611 1541 1993 2023
Norway_008688.jpg,2 0 1729 364 1796 2 3 1630 513 1691
Norway_008689.jpg,
Norway_008690.jpg,
Norway_008691.jpg,
Norway_008692.jpg,1 163 1540 309 1620
Norway_008693.jpg,2 175 1488 1785 1577
Norway_008694.jpg,
Norway_008695.jpg,1 1857 1884 2000 2033
Norway_008696.jpg,1 1195 1389 1345 1650 1 623 1357 991 1581 1 1521 1385 1685 2037 1 824 1612 1078 2031 1 460 1391 609 1477 2 0 1538 901 1711 1 801 1214 1065 1348 1 1391 1234 1458 1350 1 1227 1228 1356 1391
Norway_008697.jpg,
Norway_008698.jpg,
Norway_008699.jpg,
Norway_008700.jpg,
Norway_008701.jpg,
Norway_008702.jpg,
Norway_008703.jpg,
Norway_008704.jpg,
Norway_008705.jpg,
Norway_008706.jpg,
Norway_008707.jpg,4 121 1897 312 2016 4 3 1765 204 1873 1 687 1513 1049 1795 4 901 1382 1094 1504 4 697 1462 839 1542 4 624 1459 845 1558
Norway_008708.jpg,
Norway_008709.jpg,
Norway_008710.jpg,
Norway_008711.jpg,1 72 1323 1010 2033 1 1149 1217 1229 1292 1 1274 1281 1333 1333 1 66 1559 722 2032 1 1306 1163 1371 1263 1 1011 1158 1176 1324 1 1295 1140 1369 1256 1 129 1393 433 1512
Norway_008712.jpg,
Norway_008713.jpg,
Norway_008714.jpg,
Norway_008715.jpg,
Norway_008716.jpg,1 1345 1175 1438 1704 1 1488 1322 1533 1385
Norway_008717.jpg,1 1895 1566 2155 2022
Norway_008718.jpg,
Norway_008719.jpg,
Norway_008720.jpg,
Norway_008721.jpg,
Norway_008722.jpg,1 1400 1173 2033 2028 1 1551 1402 2030 2024
Norway_008723.jpg,
Norway_008724.jpg,
Norway_008725.jpg,1 1783 1471 1949 2038 1 1507 1392 1612 1481 1 388 1920 508 2038 1 229 1534 393 1626 1 499 1319 882 1498 1 1593 1241 1673 1384
Norway_008726.jpg,
Norway_008727.jpg,
Norway_008728.jpg,
Norway_008729.jpg,1 1467 1162 1576 1365 1 1466 1328 1588 2007 1 0 1494 365 1916
Norway_008730.jpg,1 1526 1191 1625 1324 1 2006 1831 2117 2037 1 1448 1434 1634 2024 1 1620 1393 1698 1492 2 0 1794 1389 1915 1 1453 1647 1636 2023
Norway_008731.jpg,
Norway_008732.jpg,
Norway_008733.jpg,1 226 1576 880 2025 1 1551 1324 1708 1474 2 1503 1543 1733 1612
Norway_008734.jpg,
Norway_008735.jpg,
Norway_008736.jpg,
Norway_008737.jpg,
Norway_008738.jpg,
Norway_008739.jpg,
Norway_008740.jpg,
Norway_008741.jpg,1 1457 1249 2045 2021
Norway_008742.jpg,
Norway_008743.jpg,
Norway_008744.jpg,2 3596 1657 4037 1721
Norway_008745.jpg,
Norway_008746.jpg,4 1461 1602 1634 1801
Norway_008747.jpg,1 1158 1521 1272 1671 1 1000 1316 1108 1447 1 655 1693 750 1780 1 687 1940 759 2034 1 1318 1409 1379 1550 1 1321 1218 1451 1550 1 819 1885 907 1963 3 210 1508 606 1763
Norway_008748.jpg,
Norway_008749.jpg,
Norway_008750.jpg,
Norway_008751.jpg,
Norway_008752.jpg,
Norway_008753.jpg,1 1247 1406 1421 2033 1 1737 1853 1844 2033
Norway_008754.jpg,1 2273 1832 2554 2027
Norway_008755.jpg,1 1233 1165 1456 1319
Norway_008756.jpg,
Norway_008757.jpg,
Norway_008758.jpg,
Norway_008759.jpg,
Norway_008760.jpg,
Norway_008761.jpg,
Norway_008762.jpg,
Norway_008763.jpg,
Norway_008764.jpg,2 27 1367 913 1969
Norway_008765.jpg,
Norway_008766.jpg,1 1178 1273 1515 1402
Norway_008767.jpg,
Norway_008768.jpg,
Norway_008769.jpg,
Norway_008770.jpg,
Norway_008771.jpg,
Norway_008772.jpg,
Norway_008773.jpg,
Norway_008774.jpg,
Norway_008775.jpg,2 637 1321 1796 1418
Norway_008776.jpg,
Norway_008777.jpg,
Norway_008778.jpg,
Norway_008779.jpg,
Norway_008780.jpg,
Norway_008781.jpg,
Norway_008782.jpg,
Norway_008783.jpg,
Norway_008784.jpg,
Norway_008785.jpg,1 347 1375 1065 2031 1 270 1432 575 1543 2 1245 1583 1888 1645 1 1100 1203 1244 1345 1 682 1366 845 1444 1 1461 1225 1514 1329
Norway_008786.jpg,1 1524 1393 1665 1630
Norway_008787.jpg,
Norway_008788.jpg,
Norway_008789.jpg,1 1156 1836 1219 2039 1 789 1597 875 1781 1 1344 1938 1395 2033
Norway_008790.jpg,
Norway_008791.jpg,
Norway_008792.jpg,1 1327 1448 1458 2041 3 1380 1257 1548 1452 1 1430 1135 1477 1247
Norway_008793.jpg,
Norway_008794.jpg,
Norway_008795.jpg,
Norway_008796.jpg,
Norway_008797.jpg,
Norway_008798.jpg,
Norway_008799.jpg,
Norway_008800.jpg,
Norway_008801.jpg,1 1095 1421 1401 1953
Norway_008802.jpg,
Norway_008803.jpg,
Norway_008804.jpg,1 1495 1547 1653 2036 1 1450 1260 1577 1492 1 1464 1262 1658 2033
Norway_008805.jpg,
Norway_008806.jpg,
Norway_008807.jpg,
Norway_008808.jpg,3 1477 1201 1900 2039 1 1284 1260 1389 1350 1 1293 1138 1481 1257
Norway_008809.jpg,1 2079 1512 2762 2032
Norway_008810.jpg,
Norway_008811.jpg,
Norway_008812.jpg,1 432 1666 789 2012 1 673 1494 829 1673 1 865 1264 1044 1504 1 438 1251 1079 2016
Norway_008813.jpg,1 1697 1643 1899 2032 1 1453 1252 1682 1633 1 1665 1884 1771 2034
Norway_008814.jpg,1 1603 1521 1935 2026
Norway_008815.jpg,1 1288 1154 1456 1459
Norway_008816.jpg,
Norway_008817.jpg,
Norway_008818.jpg,
Norway_008819.jpg,
Norway_008820.jpg,2 3 1600 1367 1809 1 266 1379 706 1595
Norway_008821.jpg,
Norway_008822.jpg,1 1198 1130 1311 1373 1 1405 1738 1483 1877 1 1351 1628 1393 1702
Norway_008823.jpg,
Norway_008824.jpg,
Norway_008825.jpg,
Norway_008826.jpg,
Norway_008827.jpg,1 1593 1210 1907 1578 1 1711 1359 1904 1576
Norway_008828.jpg,1 1357 1176 1412 1272
Norway_008829.jpg,
Norway_008830.jpg,
Norway_008831.jpg,
Norway_008832.jpg,
Norway_008833.jpg,
Norway_008834.jpg,
Norway_008835.jpg,4 1243 1464 1357 1585
Norway_008836.jpg,
Norway_008837.jpg,
Norway_008838.jpg,
Norway_008839.jpg,1 1749 1432 2142 2030 1 1969 1744 2138 2034
Norway_008840.jpg,
Norway_008841.jpg,1 1862 1621 1951 1748
Norway_008842.jpg,1 1648 1811 1725 1976 1 1825 1828 1876 1904 1 1592 1576 1669 1811
Norway_008843.jpg,
Norway_008844.jpg,2 437 1404 1770 1575 1 832 1153 940 1256
Norway_008845.jpg,
Norway_008846.jpg,
Norway_008847.jpg,
Norway_008848.jpg,
Norway_008849.jpg,
Norway_008850.jpg,
Norway_008851.jpg,
Norway_008852.jpg,
Norway_008853.jpg,
Norway_008854.jpg,4 2532 741 3027 885
Norway_008855.jpg,1 1193 1361 1300 1573 2 0 1688 1987 1776
Norway_008856.jpg,
Norway_008857.jpg,
Norway_008858.jpg,
Norway_008859.jpg,1 1763 1484 2106 2038 1 1534 1122 2108 2033
Norway_008860.jpg,1 655 1697 956 2014
Norway_008861.jpg,
Norway_008862.jpg,
Norway_008863.jpg,
Norway_008864.jpg,
Norway_008865.jpg,
Norway_008866.jpg,
Norway_008867.jpg,
Norway_008868.jpg,
Norway_008869.jpg,
Norway_008870.jpg,
Norway_008871.jpg,
Norway_008872.jpg,
Norway_008873.jpg,
Norway_008874.jpg,
Norway_008875.jpg,
Norway_008876.jpg,
Norway_008877.jpg,
Norway_008878.jpg,
Norway_008879.jpg,
Norway_008880.jpg,
Norway_008881.jpg,1 290 1569 803 2028
Norway_008882.jpg,
Norway_008883.jpg,1 312 1425 675 1616 1 0 1425 673 1948 1 0 1634 325 2019
Norway_008884.jpg,
Norway_008885.jpg,
Norway_008886.jpg,
Norway_008887.jpg,
Norway_008888.jpg,
Norway_008889.jpg,
Norway_008890.jpg,
Norway_008891.jpg,
Norway_008892.jpg,
Norway_008893.jpg,
Norway_008894.jpg,
Norway_008895.jpg,
Norway_008896.jpg,2 1069 1581 1401 1612 2 5 1636 1675 1728
Norway_008897.jpg,
Norway_008898.jpg,
Norway_008899.jpg,
Norway_008900.jpg,
Norway_008901.jpg,
Norway_008902.jpg,1 1535 1102 1650 1423 2 0 1564 1844 1658
Norway_008903.jpg,
Norway_008904.jpg,
Norway_008905.jpg,
Norway_008906.jpg,
Norway_008907.jpg,
Norway_008908.jpg,
Norway_008909.jpg,1 182 1356 999 2030 1 619 1257 877 1439
Norway_008910.jpg,
Norway_008911.jpg,
Norway_008912.jpg,
Norway_008913.jpg,2 296 1871 1919 1975
Norway_008914.jpg,
Norway_008915.jpg,
Norway_008916.jpg,
Norway_008917.jpg,
Norway_008918.jpg,2 1010 1432 1348 1465 2 1016 1435 1260 1466
Norway_008919.jpg,
Norway_008920.jpg,1 0 1803 359 2025 1 555 1676 879 2032 1 1180 1258 1373 1479 1 1070 1426 1499 2030 1 1675 1551 1765 2035 1 0 1729 227 1924 1 281 1518 690 1794 1 1573 1504 1646 1651 1 304 1916 420 2034 1 1488 1233 1589 1446 1 368 1798 462 1876 1 1638 1367 1749 1548 1 559 1504 1039 2029 2 1213 1467 1398 1533
Norway_008921.jpg,1 964 1209 1089 1359
Norway_008922.jpg,
Norway_008923.jpg,
Norway_008924.jpg,
Norway_008925.jpg,
Norway_008926.jpg,1 1353 1219 2086 2024
Norway_008927.jpg,
Norway_008928.jpg,1 1 1160 1025 1719
Norway_008929.jpg,2 1142 1503 1920 1584 4 875 1636 1087 1765 1 1221 1154 1453 1382 3 980 1384 1254 1597
Norway_008930.jpg,
Norway_008931.jpg,
Norway_008932.jpg,
Norway_008933.jpg,
Norway_008934.jpg,
Norway_008935.jpg,
Norway_008936.jpg,
Norway_008937.jpg,
Norway_008938.jpg,
Norway_008939.jpg,
Norway_008940.jpg,
Norway_008941.jpg,
Norway_008942.jpg,
Norway_008943.jpg,
Norway_008944.jpg,1 1368 1567 1546 2017
Norway_008945.jpg,
Norway_008946.jpg,
Norway_008947.jpg,
Norway_008948.jpg,1 1112 1115 1244 1238
Norway_008949.jpg,1 352 1682 708 2035 1 943 1173 1021 1303 1 781 1168 1191 1596
Norway_008950.jpg,
Norway_008951.jpg,
Norway_008952.jpg,1 1512 1302 1602 1579
Norway_008953.jpg,
Norway_008954.jpg,
Norway_008955.jpg,
Norway_008956.jpg,1 457 1324 627 1430 1 52 1432 369 1599
Norway_008957.jpg,
Norway_008958.jpg,1 675 1467 1040 1983 1 1496 1360 1539 1457
Norway_008959.jpg,1 477 1276 597 1347
Norway_008960.jpg,
Norway_008961.jpg,
Norway_008962.jpg,1 341 1365 1144 2019 1 335 1632 778 2025
Norway_008963.jpg,
Norway_008964.jpg,
Norway_008965.jpg,
Norway_008966.jpg,
Norway_008967.jpg,
Norway_008968.jpg,
Norway_008969.jpg,
Norway_008970.jpg,1 1192 1355 1237 1413 1 934 1216 1079 1346 1 1192 1167 1266 1225
Norway_008971.jpg,1 1041 1371 1247 1715 1 1988 1733 2197 2028 1 1805 1506 1928 1652 1 361 1223 948 1466 1 1644 1304 1699 1401 1 1549 1179 1701 1399
Norway_008972.jpg,1 1360 1160 2242 2029
Norway_008973.jpg,1 1358 1476 1415 1619 1 0 1486 369 1752 1 1030 1146 1110 1211
Norway_008974.jpg,1 463 1495 981 2031 1 1534 1598 1706 2035 1 802 1687 922 2034 1 2077 1751 2317 2032 2 1171 1423 1493 1606 1 1170 1416 1493 1603
Norway_008975.jpg,
Norway_008976.jpg,
Norway_008977.jpg,
Norway_008978.jpg,
Norway_008979.jpg,
Norway_008980.jpg,
Norway_008981.jpg,
Norway_008982.jpg,
Norway_008983.jpg,1 1261 1181 1479 1460 1 1421 1884 1569 2026
Norway_008984.jpg,
Norway_008985.jpg,
Norway_008986.jpg,
Norway_008987.jpg,
Norway_008988.jpg,1 813 1220 1311 2031 1 992 1220 1306 1519 1 1322 1446 1410 2027 1 2039 1788 2159 2035 1 746 1239 1006 1407 1 1480 1307 1598 2024 1 1619 1518 1696 1642 1 1407 1272 1455 1447 1 484 1458 763 1668 2 8 1604 565 1728 1 1578 1372 1831 1699 1 1635 1508 1827 1698
Norway_008989.jpg,
Norway_008990.jpg,1 1540 1332 1714 2020
Norway_008991.jpg,
Norway_008992.jpg,
Norway_008993.jpg,
Norway_008994.jpg,1 1281 1188 1846 2026
Norway_008995.jpg,
Norway_008996.jpg,
Norway_008997.jpg,
Norway_008998.jpg,
Norway_008999.jpg,
Norway_009000.jpg,1 365 1385 560 1465 1 1399 1575 1503 1934 1 1563 1338 1652 1526 1 846 1553 930 1632 1 227 1564 810 2030 1 1029 1252 1219 1369 1 840 1380 1031 1538 1 844 1255 1223 1530 1 1529 1885 1764 2022 1 1412 1177 1525 1562
Norway_009001.jpg,
Norway_009002.jpg,
Norway_009003.jpg,
Norway_009004.jpg,1 1452 1642 1505 1782 1 58 1556 423 1845 1 1661 1604 1904 2035 1 1164 1397 1394 1779 1 1025 1693 1127 2037 1 1569 1790 1643 2035 2 509 1335 1435 1530 2 397 1561 735 1668 2 31 1801 1001 1963 1 1467 1185 1622 1659 1 1656 1617 1729 1838
Norway_009005.jpg,
Norway_009006.jpg,2 0 1725 2109 1870
Norway_009007.jpg,
Norway_009008.jpg,
Norway_009009.jpg,1 1070 1125 1383 1456
Norway_009010.jpg,1 222 1677 617 2035 1 190 1340 574 1532 1 631 1298 700 1365 1 868 1291 987 1429 1 0 1345 778 1901
Norway_009011.jpg,1 0 1646 402 2017
Norway_009012.jpg,
Norway_009013.jpg,
Norway_009014.jpg,2 181 1343 1724 1518
Norway_009015.jpg,
Norway_009016.jpg,
Norway_009017.jpg,
Norway_009018.jpg,
Norway_009019.jpg,
Norway_009020.jpg,
Norway_009021.jpg,1 649 1471 1011 1839 3 1460 1185 1857 2035 2 1900 1917 2257 2034 1 1060 1307 1161 1408
Norway_009022.jpg,
Norway_009023.jpg,
Norway_009024.jpg,
Norway_009025.jpg,1 220 1482 868 1888 1 882 1521 1065 1617 1 1682 1327 1732 1434 1 637 1321 990 1459 1 4 1573 494 1776
Norway_009026.jpg,
Norway_009027.jpg,
Norway_009028.jpg,
Norway_009029.jpg,
Norway_009030.jpg,
Norway_009031.jpg,1 1434 1411 1626 2039 2 602 1367 1763 1465
Norway_009032.jpg,
Norway_009033.jpg,
Norway_009034.jpg,
Norway_009035.jpg,1 0 1667 229 2016 1 0 1438 517 1979 1 0 1434 521 1713
Norway_009036.jpg,
Norway_009037.jpg,
Norway_009038.jpg,
Norway_009039.jpg,
Norway_009040.jpg,
Norway_009041.jpg,
Norway_009042.jpg,
Norway_009043.jpg,
Norway_009044.jpg,
Norway_009045.jpg,1 1575 1384 1707 1783 2 722 1726 1832 1791
Norway_009046.jpg,
Norway_009047.jpg,
Norway_009048.jpg,
Norway_009049.jpg,
Norway_009050.jpg,1 1720 1278 2520 2022 1 288 1293 1124 2018 1 524 1298 1127 1692 1 1299 1152 1399 1226
Norway_009051.jpg,
Norway_009052.jpg,
Norway_009053.jpg,
Norway_009054.jpg,
Norway_009055.jpg,
Norway_009056.jpg,
Norway_009057.jpg,
Norway_009058.jpg,
Norway_009059.jpg,1 0 1511 660 2013 1 990 1178 1476 2025 1 780 1348 1013 1483 1 1584 1456 1717 1712 1 995 1710 1180 2034
Norway_009060.jpg,1 1498 1188 1718 2034 1 0 1482 371 1708
Norway_009061.jpg,
Norway_009062.jpg,1 1415 1192 2225 2025
Norway_009063.jpg,
Norway_009064.jpg,
Norway_009065.jpg,1 155 1569 536 1730 1 653 1286 1006 1456 2 0 1847 360 1934 2 514 1528 1238 1585
Norway_009066.jpg,
Norway_009067.jpg,
Norway_009068.jpg,
Norway_009069.jpg,
Norway_009070.jpg,
Norway_009071.jpg,
Norway_009072.jpg,
Norway_009073.jpg,
Norway_009074.jpg,4 1214 1794 1316 1848
Norway_009075.jpg,
Norway_009076.jpg,
Norway_009077.jpg,
Norway_009078.jpg,
Norway_009079.jpg,
Norway_009080.jpg,1 0 1229 640 1561
Norway_009081.jpg,
Norway_009082.jpg,
Norway_009083.jpg,2 692 1459 1767 1598 2 94 1452 1770 1609
Norway_009084.jpg,1 647 1395 854 1667
Norway_009085.jpg,
Norway_009086.jpg,
Norway_009087.jpg,
Norway_009088.jpg,
Norway_009089.jpg,
Norway_009090.jpg,
Norway_009091.jpg,1 1326 1319 1367 1382
Norway_009092.jpg,
Norway_009093.jpg,
Norway_009094.jpg,
Norway_009095.jpg,
Norway_009096.jpg,
Norway_009097.jpg,
Norway_009098.jpg,
Norway_009099.jpg,1 1850 1489 2388 2030 1 1663 1346 1758 1475
Norway_009100.jpg,
Norway_009101.jpg,
Norway_009102.jpg,
Norway_009103.jpg,
Norway_009104.jpg,1 488 1372 1143 2027 1 1263 1174 1393 1262 1 1171 1291 1246 1349
Norway_009105.jpg,1 0 1717 378 2027 1 1977 1631 2307 2024 1 1010 1305 1158 1437 1 833 1247 997 1324 2 307 1472 1400 1546 2 1555 1437 1794 1475 1 1062 1205 1174 1262
Norway_009106.jpg,
Norway_009107.jpg,2 918 1480 2163 1818 1 1829 1796 1980 2037 1 1683 1584 1808 1753
Norway_009108.jpg,
Norway_009109.jpg,
Norway_009110.jpg,1 526 1380 674 1452
Norway_009111.jpg,1 621 1835 805 2033 1 1420 1731 1543 2029 1 0 1346 830 1841 1 1546 1415 1969 2031 3 1454 1143 1558 1401
Norway_009112.jpg,
Norway_009113.jpg,
Norway_009114.jpg,
Norway_009115.jpg,
Norway_009116.jpg,
Norway_009117.jpg,
Norway_009118.jpg,
Norway_009119.jpg,1 1098 1278 1275 1568 1 1140 1532 1279 2035
Norway_009120.jpg,
Norway_009121.jpg,
Norway_009122.jpg,
Norway_009123.jpg,
Norway_009124.jpg,
Norway_009125.jpg,2 1863 1833 2266 1906
Norway_009126.jpg,1 1551 1512 1698 1992
Norway_009127.jpg,2 187 1682 1784 1761
Norway_009128.jpg,
Norway_009129.jpg,
Norway_009130.jpg,
Norway_009131.jpg,
Norway_009132.jpg,
Norway_009133.jpg,
Norway_009134.jpg,
Norway_009135.jpg,1 1093 1199 1197 1387 1 1419 1362 1484 1440 1 1109 1299 1206 1398 1 1093 1202 1191 1328
Norway_009136.jpg,
Norway_009137.jpg,
Norway_009138.jpg,
Norway_009139.jpg,
Norway_009140.jpg,
Norway_009141.jpg,1 1417 1212 2163 2026
Norway_009142.jpg,
Norway_009143.jpg,
Norway_009144.jpg,2 829 1467 1998 1558
Norway_009145.jpg,
Norway_009146.jpg,
Norway_009147.jpg,
Norway_009148.jpg,2 1454 1644 1795 1691
Norway_009149.jpg,2 627 1541 2122 1784
Norway_009150.jpg,
Norway_009151.jpg,1 893 1535 1518 2033
Norway_009152.jpg,1 1705 1663 1889 2036 1 1539 1303 1822 1667
Norway_009153.jpg,
Norway_009154.jpg,
Norway_009155.jpg,
Norway_009156.jpg,
Norway_009157.jpg,
Norway_009158.jpg,4 668 1747 857 1831
Norway_009159.jpg,
Norway_009160.jpg,
Norway_009161.jpg,
Norway_009162.jpg,
Norway_009163.jpg,
Norway_009164.jpg,
Norway_009165.jpg,1 1600 1417 1745 1694
Norway_009166.jpg,4 3667 278 3932 409
Norway_009167.jpg,
Norway_009168.jpg,1 592 1171 1199 1682 2 0 1717 1958 1965
Norway_009169.jpg,1 0 1351 706 1868
Norway_009170.jpg,1 1827 1823 1976 2034 1 1617 1433 1694 1604 1 1652 1725 1716 1809
Norway_009171.jpg,
Norway_009172.jpg,1 1403 1772 1529 2030
Norway_009173.jpg,
Norway_009174.jpg,
Norway_009175.jpg,1 2038 1774 2185 2027 3 1370 1343 1708 2000 1 560 1397 705 1477 1 2043 1697 2223 1910 1 926 1532 1203 1968 1 1299 1377 1385 1540
Norway_009176.jpg,
Norway_009177.jpg,
Norway_009178.jpg,
Norway_009179.jpg,2 1424 1489 1762 1569 2 172 1465 1767 1541
Norway_009180.jpg,2 13 1677 1889 1951 2 1121 1814 1866 1940 2 6 1668 810 1933
Norway_009181.jpg,1 575 1477 772 1627 1 674 1572 936 1796 1 899 1881 976 2031 1 991 1178 1230 1294 1 747 1303 963 1449 1 1736 1636 1963 2030 1 226 1483 601 1643 1 1049 1314 1221 1451 2 771 1400 1236 1500
Norway_009182.jpg,
Norway_009183.jpg,
Norway_009184.jpg,
Norway_009185.jpg,
Norway_009186.jpg,1 0 1459 550 1734 1 0 1422 647 1764
Norway_009187.jpg,1 1426 1602 1552 2037
Norway_009188.jpg,1 0 1059 986 1659
Norway_009189.jpg,1 71 1509 783 2027
Norway_009190.jpg,
Norway_009191.jpg,
Norway_009192.jpg,1 1561 1387 1947 2032 1 511 1202 1068 1479 1 1590 1211 1669 1324
Norway_009193.jpg,
Norway_009194.jpg,2 0 1708 2032 1864 1 1878 1934 1920 2033
Norway_009195.jpg,
Norway_009196.jpg,
Norway_009197.jpg,4 500 1788 760 2030 1 1389 1349 1478 1850
Norway_009198.jpg,
Norway_009199.jpg,1 461 1545 923 2029 1 464 1724 754 2030 1 1691 1573 1782 1755
Norway_009200.jpg,
Norway_009201.jpg,1 819 1214 1263 1888 1 1013 1116 1129 1239 1 65 1244 963 1669
Norway_009202.jpg,
Norway_009203.jpg,
Norway_009204.jpg,1 1730 1540 1826 1720
Norway_009205.jpg,
Norway_009206.jpg,
Norway_009207.jpg,1 944 1541 1165 2034 1 591 1479 796 1613
Norway_009208.jpg,1 493 1847 675 2035 1 466 1705 669 1855 1 1287 1471 1399 2033 1 1679 1457 1949 1964 2 10 1496 1370 1730 1 1550 1813 1762 2007 1 1091 1219 1337 1419 1 1190 1914 1259 2036 1 0 1562 347 1866 1 482 1470 558 1529
Norway_009209.jpg,
Norway_009210.jpg,
Norway_009211.jpg,
Norway_009212.jpg,
Norway_009213.jpg,
Norway_009214.jpg,
Norway_009215.jpg,1 0 1376 917 1863
Norway_009216.jpg,
Norway_009217.jpg,
Norway_009218.jpg,
Norway_009219.jpg,
Norway_009220.jpg,
Norway_009221.jpg,
Norway_009222.jpg,
Norway_009223.jpg,
Norway_009224.jpg,1 1761 1395 2031 1695
Norway_009225.jpg,
Norway_009226.jpg,
Norway_009227.jpg,
Norway_009228.jpg,
Norway_009229.jpg,
Norway_009230.jpg,
Norway_009231.jpg,
Norway_009232.jpg,1 285 1679 739 2033 1 0 1355 844 1772 1 1373 1351 1579 1658 1 1750 1767 1848 2033 1 1629 1625 1702 1820 1 857 1314 1184 1717 1 856 1540 997 1717 1 921 1307 1190 1528
Norway_009233.jpg,
Norway_009234.jpg,1 1366 1232 1465 1370
Norway_009235.jpg,1 0 1271 476 1641
Norway_009236.jpg,
Norway_009237.jpg,1 251 1174 1313 2028
Norway_009238.jpg,
Norway_009239.jpg,1 611 1571 996 2019
Norway_009240.jpg,
Norway_009241.jpg,
Norway_009242.jpg,
Norway_009243.jpg,
Norway_009244.jpg,
Norway_009245.jpg,
Norway_009246.jpg,1 1436 1365 1556 2039 1 1614 1768 1739 2038 1 1430 1056 1467 1104
Norway_009247.jpg,1 63 1622 443 2029 1 859 1572 1016 2039 1 1255 1373 1390 1514 1 1627 1371 1729 1495
Norway_009248.jpg,2 941 1904 2112 2011 1 0 1588 179 1729 1 0 1587 182 1801
Norway_009249.jpg,1 312 1371 972 1919 1 1607 1390 1722 1553 1 488 1826 662 2034
Norway_009250.jpg,
Norway_009251.jpg,
Norway_009252.jpg,1 1828 1494 2256 2027
Norway_009253.jpg,1 1306 1278 1657 1717 1 1432 1686 1535 1936 1 474 1210 597 1274 1 1541 1578 1660 1709
Norway_009254.jpg,2 0 1496 600 1603 1 6 1190 707 1526
Norway_009255.jpg,
Norway_009256.jpg,1 1357 1166 2100 2025
Norway_009257.jpg,
Norway_009258.jpg,
Norway_009259.jpg,
Norway_009260.jpg,1 690 1586 982 1896 1 1673 1532 1731 1706
Norway_009261.jpg,
Norway_009262.jpg,2 707 1424 1255 1526
Norway_009263.jpg,
Norway_009264.jpg,
Norway_009265.jpg,
Norway_009266.jpg,
Norway_009267.jpg,1 410 1697 830 2033 1 1273 1444 1757 2032 1 277 1460 1093 2008 1 0 1745 376 1995 1 1190 1253 1640 1440
Norway_009268.jpg,1 1013 1904 1099 2036
Norway_009269.jpg,1 1424 1291 1934 2020 1 1425 1290 1593 1567
Norway_009270.jpg,
Norway_009271.jpg,
Norway_009272.jpg,
Norway_009273.jpg,
Norway_009274.jpg,
Norway_009275.jpg,
Norway_009276.jpg,
Norway_009277.jpg,
Norway_009278.jpg,
Norway_009279.jpg,
Norway_009280.jpg,
Norway_009281.jpg,
Norway_009282.jpg,
Norway_009283.jpg,
Norway_009284.jpg,1 1191 1844 1310 2036 1 1547 1659 1693 2036 1 1582 1550 1635 1677 1 1518 1414 1575 1576 1 1504 1273 1565 1386 1 4 1404 568 1769 1 1595 1253 1782 1544 1 1439 1194 1488 1253 1 1464 1364 1500 1430
Norway_009285.jpg,2 0 1637 1846 1745
Norway_009286.jpg,
Norway_009287.jpg,1 240 1787 447 2027 2 1037 1850 1278 1891
Norway_009288.jpg,
Norway_009289.jpg,
Norway_009290.jpg,
Norway_009291.jpg,
Norway_009292.jpg,3 1398 1389 2114 2038 3 150 1602 500 1754 1 470 1413 634 1509
Norway_009293.jpg,
Norway_009294.jpg,
Norway_009295.jpg,
Norway_009296.jpg,
Norway_009297.jpg,
Norway_009298.jpg,
Norway_009299.jpg,
Norway_009300.jpg,
Norway_009301.jpg,
Norway_009302.jpg,1 1412 1275 1872 2009 1 1537 1401 1873 2009
Norway_009303.jpg,
Norway_009304.jpg,
Norway_009305.jpg,
Norway_009306.jpg,
Norway_009307.jpg,
Norway_009308.jpg,
Norway_009309.jpg,1 1342 1583 1532 1806 1 1109 1777 1260 1955 1 1612 1507 1654 1612
Norway_009310.jpg,
Norway_009311.jpg,1 16 1490 575 1776 2 481 1461 1452 1607
Norway_009312.jpg,
Norway_009313.jpg,1 1286 1275 1364 1469
Norway_009314.jpg,
Norway_009315.jpg,1 1485 1196 1549 1260
Norway_009316.jpg,
Norway_009317.jpg,
Norway_009318.jpg,1 150 1270 502 1423 1 241 1271 501 1407
Norway_009319.jpg,1 1563 1255 1648 1496
Norway_009320.jpg,1 68 1375 799 1817 1 70 1187 1069 1818
Norway_009321.jpg,
Norway_009322.jpg,
Norway_009323.jpg,1 1743 1679 1926 2032 1 473 1691 798 2030 1 993 1458 1171 1649 1 1547 1267 1617 1422 1 1626 1745 1731 2033 1 635 1584 751 1704 1 472 1460 996 2029
Norway_009324.jpg,
Norway_009325.jpg,
Norway_009326.jpg,
Norway_009327.jpg,
Norway_009328.jpg,
Norway_009329.jpg,
Norway_009330.jpg,1 1559 1258 1620 1404
Norway_009331.jpg,1 131 1496 479 1680 2 1088 1708 2020 1757
Norway_009332.jpg,
Norway_009333.jpg,
Norway_009334.jpg,
Norway_009335.jpg,
Norway_009336.jpg,
Norway_009337.jpg,
Norway_009338.jpg,
Norway_009339.jpg,
Norway_009340.jpg,1 547 1192 1386 2023 1 746 1793 898 2029
Norway_009341.jpg,
Norway_009342.jpg,
Norway_009343.jpg,
Norway_009344.jpg,
Norway_009345.jpg,
Norway_009346.jpg,
Norway_009347.jpg,
Norway_009348.jpg,
Norway_009349.jpg,
Norway_009350.jpg,1 1350 1458 1418 1591 1 1427 1313 1524 1454 1 1423 1314 1485 1415
Norway_009351.jpg,
Norway_009352.jpg,
Norway_009353.jpg,1 1661 1666 1778 2029
Norway_009354.jpg,
Norway_009355.jpg,
Norway_009356.jpg,1 1426 1211 2123 2021
Norway_009357.jpg,
Norway_009358.jpg,1 925 1934 1057 2033 3 1226 1293 1718 2029 1 1546 1604 1686 2036 1 176 1404 718 1675 1 330 1416 708 1618 1 0 1454 331 1653 1 1897 1810 2028 2034
Norway_009359.jpg,
Norway_009360.jpg,
Norway_009361.jpg,1 1178 1851 1261 2036
Norway_009362.jpg,1 252 1253 546 1410
Norway_009363.jpg,2 172 1586 834 1700
Norway_009364.jpg,
Norway_009365.jpg,
Norway_009366.jpg,
Norway_009367.jpg,
Norway_009368.jpg,
Norway_009369.jpg,1 957 1613 1171 2035 1 1443 1367 1559 1682 1 528 1253 1119 1603
Norway_009370.jpg,
Norway_009371.jpg,
Norway_009372.jpg,1 1572 1290 1859 2025
Norway_009373.jpg,1 1648 1871 1711 2035 1 1505 1483 1574 1860 1 1480 1192 1551 1377
Norway_009374.jpg,1 1534 1434 1759 2031 1 1435 1107 1596 1426 1 1433 1113 1756 2028
Norway_009375.jpg,
Norway_009376.jpg,2 1492 1335 1632 1376 1 1286 1087 1449 1221
Norway_009377.jpg,
Norway_009378.jpg,1 4 1285 642 1593 2 61 1963 525 2036
Norway_009379.jpg,
Norway_009380.jpg,1 580 1868 625 1954 1 742 1633 846 1710 1 652 1953 685 2025 3 352 1675 643 1806
Norway_009381.jpg,
Norway_009382.jpg,
Norway_009383.jpg,1 1404 1368 1549 2039 1 1481 1238 1555 1378
Norway_009384.jpg,
Norway_009385.jpg,
Norway_009386.jpg,1 583 1811 760 2028
Norway_009387.jpg,
Norway_009388.jpg,
Norway_009389.jpg,
Norway_009390.jpg,
Norway_009391.jpg,
Norway_009392.jpg,
Norway_009393.jpg,
Norway_009394.jpg,
Norway_009395.jpg,
Norway_009396.jpg,
Norway_009397.jpg,
Norway_009398.jpg,
Norway_009399.jpg,
Norway_009400.jpg,
Norway_009401.jpg,1 822 1426 958 1607 1 1642 1659 1698 1770
Norway_009402.jpg,
Norway_009403.jpg,
Norway_009404.jpg,
Norway_009405.jpg,
Norway_009406.jpg,
Norway_009407.jpg,1 316 1423 537 1525
Norway_009408.jpg,1 268 1427 1089 2029 1 601 1424 1086 1902
Norway_009409.jpg,
Norway_009410.jpg,
Norway_009411.jpg,1 1035 1799 1159 2034 1 12 1451 504 1713 1 177 1749 550 2031 1 1517 1752 1630 2034 1 1566 1550 1727 1806 1 1520 1536 1733 2035 1 1466 1172 1519 1268 1 1591 1418 1638 1489 1 1416 1301 1454 1359
Norway_009412.jpg,1 1511 1272 1628 1540
Norway_009413.jpg,
Norway_009414.jpg,
Norway_009415.jpg,
Norway_009416.jpg,
Norway_009417.jpg,1 217 1857 387 2014 1 733 1555 824 1637
Norway_009418.jpg,
Norway_009419.jpg,
Norway_009420.jpg,1 1306 1496 1574 2032
Norway_009421.jpg,
Norway_009422.jpg,1 1539 1215 2102 2019 1 1639 1369 2100 2019
Norway_009423.jpg,1 1447 1258 1484 1316
Norway_009424.jpg,1 636 1656 899 2031 1 406 1737 648 1965 1 928 1437 1138 1722 1 1996 1773 2143 2026 1 1333 1662 1413 2035 1 1808 1495 2019 1666 1 1153 1571 1191 1658 1 522 1625 593 1733 1 361 1492 524 1614
Norway_009425.jpg,3 1407 1397 1748 1795 3 1401 1388 1758 1968 3 1445 1159 1554 1375 1 1893 1737 2092 2034 2 1199 1482 1459 1523
Norway_009426.jpg,1 1634 1770 1735 2035
Norway_009427.jpg,
Norway_009428.jpg,
Norway_009429.jpg,
Norway_009430.jpg,
Norway_009431.jpg,
Norway_009432.jpg,
Norway_009433.jpg,1 1518 1312 1602 1498
Norway_009434.jpg,1 1593 1747 1711 2034 1 1622 1223 1758 1570
Norway_009435.jpg,1 0 1601 361 1983 1 0 1602 358 1863
Norway_009436.jpg,
Norway_009437.jpg,
Norway_009438.jpg,1 1488 1774 1567 1954
Norway_009439.jpg,1 1064 1710 1188 2035 1 585 1672 834 1966 1 1301 1371 1445 2024 1 1190 1127 1361 1452 1 938 1363 1073 1555 1 1136 1095 1204 1249
Norway_009440.jpg,
Norway_009441.jpg,1 0 1109 684 1535 1 0 1170 556 1500
Norway_009442.jpg,1 1125 1730 1241 2033 1 1012 1354 1212 1614
Norway_009443.jpg,2 0 1849 2328 1960
Norway_009444.jpg,
Norway_009445.jpg,
Norway_009446.jpg,
Norway_009447.jpg,1 1646 1268 1791 1456 1 1731 1512 1791 1621
Norway_009448.jpg,
Norway_009449.jpg,1 0 1723 319 2021
Norway_009450.jpg,
Norway_009451.jpg,
Norway_009452.jpg,
Norway_009453.jpg,
Norway_009454.jpg,
Norway_009455.jpg,1 1562 1636 1701 2030 1 1471 1214 1616 1532 1 1495 1307 1617 1531
Norway_009456.jpg,1 969 1417 1140 2018
Norway_009457.jpg,
Norway_009458.jpg,
Norway_009459.jpg,1 1711 1558 2091 2027
Norway_009460.jpg,1 1884 1593 2082 1835
Norway_009461.jpg,
Norway_009462.jpg,
Norway_009463.jpg,
Norway_009464.jpg,4 1397 1686 1600 1868
Norway_009465.jpg,1 1328 1320 1379 1449 2 1088 1888 1572 2028 1 427 1447 1011 2023 1 1486 1193 1621 1689
Norway_009466.jpg,
Norway_009467.jpg,
Norway_009468.jpg,
Norway_009469.jpg,
Norway_009470.jpg,
Norway_009471.jpg,3 1411 1475 1589 1669 1 1264 1745 1468 2025 1 389 1347 983 1802 1 0 1666 323 2013 1 995 1289 1160 1462
Norway_009472.jpg,3 1452 1261 1627 1616
Norway_009473.jpg,1 2119 1650 2508 2032 1 1 1150 1028 1739 1 1991 1564 2060 1654
Norway_009474.jpg,1 1764 1883 1846 2033 1 1556 1305 1761 1629
Norway_009475.jpg,
Norway_009476.jpg,
Norway_009477.jpg,
Norway_009478.jpg,
Norway_009479.jpg,
Norway_009480.jpg,
Norway_009481.jpg,1 1425 1204 1561 1433
Norway_009482.jpg,
Norway_009483.jpg,
Norway_009484.jpg,1 1509 1189 1667 1460 1 1654 1917 1722 2034 1 873 1480 989 1586 1 312 1471 1002 2030
Norway_009485.jpg,
Norway_009486.jpg,3 1555 1548 1881 2032 3 1529 1352 1882 2031
Norway_009487.jpg,
Norway_009488.jpg,
Norway_009489.jpg,
Norway_009490.jpg,
Norway_009491.jpg,
Norway_009492.jpg,1 190 1420 728 1733 1 792 1274 1019 1430
Norway_009493.jpg,
Norway_009494.jpg,1 4 1287 783 1672 3 1326 1267 1786 2029 1 1521 1471 1774 2022
Norway_009495.jpg,1 1379 1136 2027 2022
Norway_009496.jpg,
Norway_009497.jpg,
Norway_009498.jpg,
Norway_009499.jpg,
Norway_009500.jpg,
Norway_009501.jpg,1 247 1394 988 2024
Norway_009502.jpg,
Norway_009503.jpg,
Norway_009504.jpg,
Norway_009505.jpg,
Norway_009506.jpg,3 500 1605 953 1970 3 1278 1334 1740 2023 2 1044 1742 1406 1794 2 633 1551 1362 1616
Norway_009507.jpg,
Norway_009508.jpg,1 1466 1406 1566 1558 2 17 1782 681 1854 1 665 1680 863 1908 1 1008 1312 1177 1496 1 1230 1229 1278 1304
Norway_009509.jpg,1 1494 1625 1628 2036 1 1542 1280 1613 1467 1 1459 1427 1525 1572 1 1467 1418 1631 2037
Norway_009510.jpg,
Norway_009511.jpg,1 981 1307 1232 1480 3 1550 1230 1694 1468 2 990 1463 1387 1508 3 1551 1239 1695 1402
Norway_009512.jpg,
Norway_009513.jpg,1 1844 1562 2007 1766 2 1800 1961 1996 2034 1 1934 1773 2016 1966
Norway_009514.jpg,
Norway_009515.jpg,1 599 1403 815 1567 1 1043 1669 1498 2022 1 428 1530 973 2026
Norway_009516.jpg,
Norway_009517.jpg,
Norway_009518.jpg,
Norway_009519.jpg,
Norway_009520.jpg,
Norway_009521.jpg,
Norway_009522.jpg,
Norway_009523.jpg,1 1544 1302 1610 1412
Norway_009524.jpg,
Norway_009525.jpg,
Norway_009526.jpg,
Norway_009527.jpg,
Norway_009528.jpg,1 1388 1292 1633 1999 1 1439 1921 1507 2037
Norway_009529.jpg,3 1460 1243 1809 2029 1 575 1294 900 1435 1 1491 1536 1643 2035
Norway_009530.jpg,1 1443 1701 1669 2036 1 1456 1158 1530 1382 3 1444 1701 1677 2037
Norway_009531.jpg,
Norway_009532.jpg,3 1581 1506 1755 1731 3 1576 1266 1730 1387
Norway_009533.jpg,
Norway_009534.jpg,
Norway_009535.jpg,
Norway_009536.jpg,
Norway_009537.jpg,
Norway_009538.jpg,
Norway_009539.jpg,1 1847 1689 2024 2025 1 1498 1763 1578 2024 3 1386 1117 1595 1304 4 1855 1690 2035 2025
Norway_009540.jpg,
Norway_009541.jpg,2 0 1538 1842 1614
Norway_009542.jpg,1 1537 1224 1934 2027
Norway_009543.jpg,
Norway_009544.jpg,
Norway_009545.jpg,
Norway_009546.jpg,
Norway_009547.jpg,1 20 1552 589 1989 1 771 1428 923 1545 1 1179 1641 1285 2040 2 1220 1877 1408 1920 2 728 1540 1744 1693 2 1302 1535 1709 1584 1 1047 1252 1106 1297 2 659 1630 924 1668 2 953 1581 1751 1695
Norway_009548.jpg,1 1482 1202 1659 1570 1 1366 1424 1592 2031 1 1322 1237 1385 1308
Norway_009549.jpg,1 498 1550 663 1678
Norway_009550.jpg,
Norway_009551.jpg,
Norway_009552.jpg,1 0 1413 339 1601
Norway_009553.jpg,
Norway_009554.jpg,
Norway_009555.jpg,
Norway_009556.jpg,
Norway_009557.jpg,
Norway_009558.jpg,
Norway_009559.jpg,
Norway_009560.jpg,
Norway_009561.jpg,1 1763 1714 1871 2038 1 1618 1412 1731 1688 1 1042 1537 1209 1718 1 1305 1309 1496 1509 1 1464 1267 1491 1326 1 1042 1326 1231 1722 1 1595 1303 1655 1379
Norway_009562.jpg,
Norway_009563.jpg,
Norway_009564.jpg,
Norway_009565.jpg,
Norway_009566.jpg,1 1547 1196 2011 2028
Norway_009567.jpg,1 1291 1109 1482 1228 1 898 1127 1289 1308 2 0 1560 2131 1661 1 2370 1802 2673 2026
Norway_009568.jpg,3 1495 1253 2255 2035
Norway_009569.jpg,
Norway_009570.jpg,
Norway_009571.jpg,
Norway_009572.jpg,
Norway_009573.jpg,
Norway_009574.jpg,1 413 1365 1180 2021
Norway_009575.jpg,
Norway_009576.jpg,1 839 1715 1034 2028 1 1437 1204 1630 1372
Norway_009577.jpg,
Norway_009578.jpg,
Norway_009579.jpg,1 782 1451 1050 1736
Norway_009580.jpg,
Norway_009581.jpg,
Norway_009582.jpg,
Norway_009583.jpg,
Norway_009584.jpg,1 1314 1459 1389 1772 1 1536 1486 1624 1660 1 472 1302 1108 1849 1 1441 1312 1506 1509 1 472 1609 760 1860 1 1579 1829 1662 2035 1 756 1296 1121 1583 1 1535 1707 1586 1827 1 216 1908 417 2037
Norway_009585.jpg,1 463 1247 946 1474
Norway_009586.jpg,1 1483 1450 1898 2007
Norway_009587.jpg,
Norway_009588.jpg,
Norway_009589.jpg,1 1562 1268 1638 1454
Norway_009590.jpg,
Norway_009591.jpg,
Norway_009592.jpg,
Norway_009593.jpg,4 1415 1855 1607 2009 1 1044 1355 1082 1435
Norway_009594.jpg,
Norway_009595.jpg,
Norway_009596.jpg,1 1826 1270 1906 1556 1 0 1693 530 2026
Norway_009597.jpg,
Norway_009598.jpg,1 740 1644 1012 2032 1 1108 1254 1235 1591 1 4 1166 1073 1886 2 0 1903 363 2031 2 435 1591 1444 1688 1 1205 1145 1300 1261
Norway_009599.jpg,
Norway_009600.jpg,
Norway_009601.jpg,
Norway_009602.jpg,
Norway_009603.jpg,
Norway_009604.jpg,1 1618 1132 1723 1331 1 1621 1203 1689 1332
Norway_009605.jpg,
Norway_009606.jpg,
Norway_009607.jpg,1 577 1627 879 1965 1 1562 1716 1714 2036 1 1417 1100 1635 1419 1 1141 1254 1294 1504
Norway_009608.jpg,
Norway_009609.jpg,
Norway_009610.jpg,
Norway_009611.jpg,
Norway_009612.jpg,
Norway_009613.jpg,
Norway_009614.jpg,
Norway_009615.jpg,1 929 1383 1245 2036 1 1357 1392 1480 2037 1 1721 1743 1823 2037 1 1265 1332 1326 1402 1 1465 1320 1518 1407 1 1349 1252 1408 1328 1 2037 1715 2277 2034 1 1495 1142 1536 1255 1 1527 1337 1660 2007 1 534 1311 903 1489 2 1277 1371 1441 1421 1 0 1425 450 1653
Norway_009616.jpg,
Norway_009617.jpg,
Norway_009618.jpg,
Norway_009619.jpg,
Norway_009620.jpg,
Norway_009621.jpg,
Norway_009622.jpg,
Norway_009623.jpg,
Norway_009624.jpg,2 1149 1831 1561 1926
Norway_009625.jpg,1 546 1838 660 1957 2 0 1716 516 1955 2 520 1570 1058 1890 2 522 1569 756 1727 1 140 1614 276 1711 2 768 1735 1057 1893 2 1226 1611 1861 1990 1 1227 1604 1870 2000 2 631 1986 966 2038
Norway_009626.jpg,
Norway_009627.jpg,
Norway_009628.jpg,1 1 1451 635 1946
Norway_009629.jpg,
Norway_009630.jpg,
Norway_009631.jpg,
Norway_009632.jpg,
Norway_009633.jpg,
Norway_009634.jpg,
Norway_009635.jpg,
Norway_009636.jpg,
Norway_009637.jpg,
Norway_009638.jpg,
Norway_009639.jpg,
Norway_009640.jpg,1 297 1877 426 2023
Norway_009641.jpg,1 1508 1156 1579 1387 1 603 1372 1126 2028 1 509 1306 829 1464 1 599 1659 908 2031 1 1244 1309 1314 1491 1 890 1161 1152 1294
Norway_009642.jpg,1 542 1474 1071 2027
Norway_009643.jpg,
Norway_009644.jpg,1 1248 1184 1327 1284
Norway_009645.jpg,
Norway_009646.jpg,
Norway_009647.jpg,
Norway_009648.jpg,
Norway_009649.jpg,
Norway_009650.jpg,1 1445 1422 1909 2021
Norway_009651.jpg,1 1360 1185 1408 1263
Norway_009652.jpg,2 82 1524 1794 1699 1 679 1390 1035 1556 2 12 1648 585 1760
Norway_009653.jpg,1 0 1263 872 1676 1 3 1379 582 1646
Norway_009654.jpg,
Norway_009655.jpg,
Norway_009656.jpg,
Norway_009657.jpg,
Norway_009658.jpg,
Norway_009659.jpg,
Norway_009660.jpg,1 1766 1503 1892 1906 1 965 1073 1591 1302
Norway_009661.jpg,1 1307 1813 1385 2029
Norway_009662.jpg,
Norway_009663.jpg,
Norway_009664.jpg,2 0 1588 1323 1705 4 379 1642 537 1706
Norway_009665.jpg,
Norway_009666.jpg,1 390 1805 613 2036 1 1566 1300 1643 1455 1 1395 1333 1479 2022 1 1409 1176 1485 1344 1 143 1335 621 1560 2 1805 1934 2203 2025 1 1564 1449 1650 1786 1 1399 1744 1473 2027 2 408 1945 1443 2028 1 1430 1205 1487 1346 1 1403 1346 1466 1722 1 1494 1143 1585 1287 1 1111 1272 1218 1375
Norway_009667.jpg,
Norway_009668.jpg,1 1655 1518 1752 1748
Norway_009669.jpg,
Norway_009670.jpg,1 1465 1264 1619 1584 1 1833 1485 2301 2013
Norway_009671.jpg,1 1199 1166 1258 1375
Norway_009672.jpg,
Norway_009673.jpg,2 453 1740 2177 1895
Norway_009674.jpg,
Norway_009675.jpg,
Norway_009676.jpg,
Norway_009677.jpg,
Norway_009678.jpg,2 12 1876 2157 2041 2 628 1942 2119 2039
Norway_009679.jpg,1 2237 1688 2581 2023
Norway_009680.jpg,
Norway_009681.jpg,
Norway_009682.jpg,
Norway_009683.jpg,
Norway_009684.jpg,1 980 1323 1164 1496 1 1235 1217 1412 1337 1 836 1328 1165 1646 2 1082 1856 2140 1990
Norway_009685.jpg,1 358 1237 590 1347 4 1402 1553 1491 1602
Norway_009686.jpg,
Norway_009687.jpg,
Norway_009688.jpg,1 2987 1420 3388 1831
Norway_009689.jpg,1 1088 1200 1238 1348 1 0 1684 273 2029 1 299 1318 852 1619
Norway_009690.jpg,
Norway_009691.jpg,
Norway_009692.jpg,
Norway_009693.jpg,
Norway_009694.jpg,
Norway_009695.jpg,2 479 1802 1028 2007
Norway_009696.jpg,
Norway_009697.jpg,1 1195 1491 1262 1731 1 1122 1374 1167 1434
Norway_009698.jpg,
Norway_009699.jpg,
Norway_009700.jpg,
Norway_009701.jpg,1 488 1595 748 2036 1 1422 1868 1511 2040 1 1139 1686 1198 1828 1 1490 1749 1533 1851
Norway_009702.jpg,
Norway_009703.jpg,
Norway_009704.jpg,
Norway_009705.jpg,1 1393 1266 1921 2027 2 7 1660 1646 1857
Norway_009706.jpg,
Norway_009707.jpg,
Norway_009708.jpg,
Norway_009709.jpg,
Norway_009710.jpg,
Norway_009711.jpg,
Norway_009712.jpg,1 1508 1471 1738 1843
Norway_009713.jpg,
Norway_009714.jpg,
Norway_009715.jpg,
Norway_009716.jpg,
Norway_009717.jpg,
Norway_009718.jpg,
Norway_009719.jpg,
Norway_009720.jpg,
Norway_009721.jpg,
Norway_009722.jpg,
Norway_009723.jpg,
Norway_009724.jpg,
Norway_009725.jpg,1 569 1427 994 2036 1 579 1429 814 1833 1 339 1949 448 2032 1 716 1835 991 2033 1 925 1236 1072 1313
Norway_009726.jpg,
Norway_009727.jpg,
Norway_009728.jpg,
Norway_009729.jpg,
Norway_009730.jpg,1 1417 1179 2041 2023 4 3841 1755 3996 1928
Norway_009731.jpg,
Norway_009732.jpg,1 328 1790 536 2033 1 2006 1554 2511 2031 2 22 1707 456 1763 2 991 1523 1971 1583 1 0 1764 95 1919 1 942 1199 1244 1477 1 1488 1320 1552 1471 1 0 1763 96 1997 1 1486 1301 1570 1471
Norway_009733.jpg,
Norway_009734.jpg,
Norway_009735.jpg,4 850 1355 950 1414
Norway_009736.jpg,
Norway_009737.jpg,1 1643 1583 1790 2035 1 859 1403 1300 2031 1 720 1357 1077 1670 1 0 1657 544 1987 1 1332 1367 1378 1440 1 460 1289 1037 1561 1 1254 1251 1361 1350 1 80 1562 393 1745
Norway_009738.jpg,1 1557 1400 1683 1742
Norway_009739.jpg,
Norway_009740.jpg,
Norway_009741.jpg,1 0 1275 826 1730
Norway_009742.jpg,
Norway_009743.jpg,
Norway_009744.jpg,
Norway_009745.jpg,1 1281 1373 1403 1635
Norway_009746.jpg,1 1144 1413 1272 1831
Norway_009747.jpg,1 1404 1309 1458 1422 1 364 1298 916 1520 1 0 1593 128 1713 1 1005 1203 1159 1289 1 0 1593 130 1776
Norway_009748.jpg,
Norway_009749.jpg,
Norway_009750.jpg,
Norway_009751.jpg,
Norway_009752.jpg,1 2157 1760 2439 2032 1 1576 1167 2109 1678
Norway_009753.jpg,
Norway_009754.jpg,1 1274 1166 1827 2026 1 1443 1420 1826 2025
Norway_009755.jpg,3 341 1536 976 2030 2 0 1771 492 1848
Norway_009756.jpg,
Norway_009757.jpg,1 304 1783 589 2032 1 1113 1477 1271 1726 1 640 1529 884 1742 1 642 1482 932 1739
Norway_009758.jpg,
Norway_009759.jpg,
Norway_009760.jpg,
Norway_009761.jpg,
Norway_009762.jpg,
Norway_009763.jpg,
Norway_009764.jpg,
Norway_009765.jpg,
Norway_009766.jpg,
Norway_009767.jpg,
Norway_009768.jpg,
Norway_009769.jpg,1 1014 1298 1152 1440
Norway_009770.jpg,
Norway_009771.jpg,
Norway_009772.jpg,1 0 1526 482 1812
Norway_009773.jpg,1 1688 1379 1766 1524
Norway_009774.jpg,
Norway_009775.jpg,1 1623 1507 1718 1888 2 1152 1659 1647 1730 1 1879 1878 1977 2034 1 1699 1270 1823 1436 1 1416 1461 1516 1570 2 762 1899 1279 1973 2 1420 1456 1582 1540 1 1694 1328 1725 1443 1 1548 1139 1634 1437 1 1693 1271 1770 1443 1 1548 1242 1598 1438 1 589 1394 1070 1772 2 1420 1524 1621 1589
Norway_009776.jpg,1 0 1618 374 2024 1 434 1375 634 1515 1 1366 1369 1509 2028 1 1220 1109 1280 1216 1 1669 1528 1919 2004 1 492 1281 952 1612 1 482 1197 1034 1612
Norway_009777.jpg,
Norway_009778.jpg,1 1031 1398 1205 1701 1 805 1716 944 2034 1 99 1872 279 2032 1 120 1574 592 1866 1 537 1468 944 1724 1 890 1233 1141 1436 1 1204 1228 1389 1381 2 88 1820 643 1883 1 779 1347 879 1453 3 1379 1126 1555 1280 1 1233 1138 1316 1230
Norway_009779.jpg,
Norway_009780.jpg,
Norway_009781.jpg,
Norway_009782.jpg,
Norway_009783.jpg,1 239 1248 1256 2025 1 235 1521 882 2029
Norway_009784.jpg,
Norway_009785.jpg,
Norway_009786.jpg,
Norway_009787.jpg,1 742 1328 1183 1665 1 1457 1276 1545 1606 1 882 1678 1130 2027 1 0 1566 461 1967 1 1089 1303 1331 1558 1 0 1572 453 1842 1 1639 1316 1681 1382 1 1353 1228 1411 1295 1 919 1229 1123 1320
Norway_009788.jpg,
Norway_009789.jpg,
Norway_009790.jpg,
Norway_009791.jpg,
Norway_009792.jpg,
Norway_009793.jpg,
Norway_009794.jpg,
Norway_009795.jpg,2 274 1491 1229 1584 1 1373 1360 1419 1438
Norway_009796.jpg,
Norway_009797.jpg,
Norway_009798.jpg,
Norway_009799.jpg,
Norway_009800.jpg,1 1074 1186 1396 2033 1 207 1268 933 1556 1 0 1582 276 1977 1 436 1262 924 1564 1 456 1452 630 1561
Norway_009801.jpg,2 495 1550 1816 1790 1 1493 1894 1574 2034 1 1402 1725 1479 1982 1 1426 1193 1545 1457 1 1494 1385 1620 1734 1 1428 1216 1518 1456
Norway_009802.jpg,
Norway_009803.jpg,
Norway_009804.jpg,
Norway_009805.jpg,
Norway_009806.jpg,
Norway_009807.jpg,
Norway_009808.jpg,
Norway_009809.jpg,
Norway_009810.jpg,1 21 1333 1373 1809 1 1320 1264 1495 2024 2 30 1329 1381 1807
Norway_009811.jpg,
Norway_009812.jpg,1 613 1173 1073 1483
Norway_009813.jpg,
Norway_009814.jpg,
Norway_009815.jpg,
Norway_009816.jpg,
Norway_009817.jpg,2 407 1387 1687 1616
Norway_009818.jpg,1 1504 1244 2100 2025 1 1683 1513 2095 2024
Norway_009819.jpg,
Norway_009820.jpg,
Norway_009821.jpg,
Norway_009822.jpg,
Norway_009823.jpg,1 733 1179 952 1292 2 1346 1748 1714 2007
Norway_009824.jpg,1 857 1428 1134 1624 1 621 1681 875 1890 2 3 1650 868 1739 2 0 1644 2068 1766
Norway_009825.jpg,
Norway_009826.jpg,1 1538 1703 1664 1867
Norway_009827.jpg,
Norway_009828.jpg,
Norway_009829.jpg,1 1618 1492 1761 2030 1 1518 1208 1601 1515
Norway_009830.jpg,
Norway_009831.jpg,
Norway_009832.jpg,
Norway_009833.jpg,
Norway_009834.jpg,
Norway_009835.jpg,
Norway_009836.jpg,
Norway_009837.jpg,
Norway_009838.jpg,
Norway_009839.jpg,
Norway_009840.jpg,
Norway_009841.jpg,
Norway_009842.jpg,1 1544 1317 1650 1444 1 1573 1797 1765 1975 1 1678 1431 1761 1638 1 0 1304 837 1754 1 0 1402 589 1724
Norway_009843.jpg,
Norway_009844.jpg,
Norway_009845.jpg,
Norway_009846.jpg,
Norway_009847.jpg,
Norway_009848.jpg,
Norway_009849.jpg,4 2509 1262 2699 1348
Norway_009850.jpg,1 1 1379 633 1723
Norway_009851.jpg,1 1721 1542 1860 2025 1 1636 1380 1696 1554 1 1554 1163 1611 1288
Norway_009852.jpg,
Norway_009853.jpg,
Norway_009854.jpg,1 1299 1141 1966 2014
Norway_009855.jpg,
Norway_009856.jpg,
Norway_009857.jpg,2 1057 1783 1478 1882 1 869 1423 1140 1654
Norway_009858.jpg,
Norway_009859.jpg,
Norway_009860.jpg,
Norway_009861.jpg,
Norway_009862.jpg,
Norway_009863.jpg,
Norway_009864.jpg,4 2342 1495 2516 1590
Norway_009865.jpg,
Norway_009866.jpg,
Norway_009867.jpg,
Norway_009868.jpg,
Norway_009869.jpg,1 975 1094 1437 1445 1 737 1541 878 1653
Norway_009870.jpg,
Norway_009871.jpg,
Norway_009872.jpg,
Norway_009873.jpg,
Norway_009874.jpg,
Norway_009875.jpg,
Norway_009876.jpg,1 1412 1601 1560 2036 1 712 1250 1093 1468 1 1747 1926 1834 2035 1 1446 1162 1514 1376 1 0 1508 518 1790 1 1367 1462 1417 1561
Norway_009877.jpg,
Norway_009878.jpg,1 1226 1829 1365 2030 1 1225 1837 1319 2031 2 1357 1520 1537 1603 1 1048 1509 1293 2034
Norway_009879.jpg,1 0 1168 1163 2021 1 1204 1212 1298 1337
Norway_009880.jpg,1 0 1300 929 2010
Norway_009881.jpg,
Norway_009882.jpg,
Norway_009883.jpg,1 915 1137 1300 1560 1 1579 1566 1731 2034 1 1517 1258 1735 2030 1 1 1554 793 1949
Norway_009884.jpg,1 1 1247 920 1730
Norway_009885.jpg,
Norway_009886.jpg,
Norway_009887.jpg,3 1637 1436 1916 1834 1 1347 1286 1521 1464 1 1864 1224 1907 1308 1 1640 1435 1883 1828
Norway_009888.jpg,
Norway_009889.jpg,
Norway_009890.jpg,3 1347 1291 1866 2024 3 1261 1143 1437 1392
Norway_009891.jpg,
Norway_009892.jpg,1 1454 1668 1696 2019
Norway_009893.jpg,
Norway_009894.jpg,
Norway_009895.jpg,1 383 1302 1136 2016 1 1067 1761 1223 2034 1 1190 1452 1234 1520 1 1163 1270 1420 2037
Norway_009896.jpg,
Norway_009897.jpg,1 96 1361 731 1678 1 4 1359 738 1770
Norway_009898.jpg,
Norway_009899.jpg,
Norway_009900.jpg,
Norway_009901.jpg,
Norway_009902.jpg,
Norway_009903.jpg,2 1426 1672 2119 1937
Norway_009904.jpg,
Norway_009905.jpg,1 13 1436 849 2005 1 780 1267 1070 1434 1 58 1772 405 2027 1 1228 1295 1365 1448 1 280 1450 859 2019
Norway_009906.jpg,2 77 1644 1002 1696
Norway_009907.jpg,1 1617 1201 1888 1536 1 783 1610 1089 1922 1 1841 1557 1941 1742 1 1226 1231 1369 1384 1 1087 1303 1165 1376 1 0 1536 174 1657 2 641 1576 1040 1655 2 1155 1525 1881 1576
Norway_009908.jpg,1 217 1547 800 2028 1 1514 1317 1759 2028
Norway_009909.jpg,
Norway_009910.jpg,
Norway_009911.jpg,1 0 1324 869 1998
Norway_009912.jpg,
Norway_009913.jpg,3 1452 1592 2091 2037 4 1830 1397 2010 1487 1 1499 1310 1555 1423
Norway_009914.jpg,
Norway_009915.jpg,
Norway_009916.jpg,2 802 1529 1196 1588
Norway_009917.jpg,1 1571 1850 1662 2033 1 420 1467 997 2030 1 1006 1228 1225 1443 1 766 1455 996 1686 1 1509 1299 1571 1363
Norway_009918.jpg,
Norway_009919.jpg,
Norway_009920.jpg,
Norway_009921.jpg,
Norway_009922.jpg,
Norway_009923.jpg,
Norway_009924.jpg,
Norway_009925.jpg,1 1266 1500 1330 1679 1 1284 1203 1352 1281 1 1486 1760 1592 1878
Norway_009926.jpg,
Norway_009927.jpg,
Norway_009928.jpg,
Norway_009929.jpg,
Norway_009930.jpg,1 791 1324 969 1455 1 438 1265 853 1454 1 790 1232 1084 1452
Norway_009931.jpg,1 1330 1198 1630 1597
Norway_009932.jpg,1 790 1524 961 1725 2 259 1484 1865 1570 1 582 1401 692 1498 1 0 1518 430 1963
Norway_009933.jpg,
Norway_009934.jpg,
Norway_009935.jpg,
Norway_009936.jpg,
Norway_009937.jpg,
Norway_009938.jpg,
Norway_009939.jpg,
Norway_009940.jpg,
Norway_009941.jpg,1 0 1482 613 2024 1 1404 1673 1614 2035 1 1888 1647 2076 2036 1 628 1208 1156 1571 1 1371 1213 1524 1591 1 1643 1313 1927 1602 2 1576 1846 1936 1906
Norway_009942.jpg,1 1727 1891 1787 2030
Norway_009943.jpg,
Norway_009944.jpg,
Norway_009945.jpg,
Norway_009946.jpg,1 8 1237 963 1993
Norway_009947.jpg,
Norway_009948.jpg,
Norway_009949.jpg,
Norway_009950.jpg,3 1541 1453 1708 1633 1 1516 1184 1595 1357
Norway_009951.jpg,
Norway_009952.jpg,
Norway_009953.jpg,1 3 1253 798 1698 1 422 1639 787 2030
Norway_009954.jpg,
Norway_009955.jpg,
Norway_009956.jpg,
Norway_009957.jpg,
Norway_009958.jpg,2 0 1792 2170 1904 1 1508 1205 1566 1315 1 477 1946 581 2034
Norway_009959.jpg,
Norway_009960.jpg,1 1057 1257 1336 1494 2 235 1472 1708 1558
Norway_009961.jpg,
Norway_009962.jpg,1 0 1515 534 1760 1 0 1514 536 1912
Norway_009963.jpg,3 727 1433 1270 2015 1 33 1359 899 1817
Norway_009964.jpg,
Norway_009965.jpg,
Norway_009966.jpg,1 1272 1455 1458 2030 2 761 1734 1319 1804
Norway_009967.jpg,
Norway_009968.jpg,
Norway_009969.jpg,
Norway_009970.jpg,
Norway_009971.jpg,
Norway_009972.jpg,
Norway_009973.jpg,
Norway_009974.jpg,
Norway_009975.jpg,
Norway_009976.jpg,
Norway_009977.jpg,
Norway_009978.jpg,
Norway_009979.jpg,
Norway_009980.jpg,1 1681 1857 1812 2039 1 1406 1461 1442 1539 1 1647 1964 1686 2038 3 1415 1279 1508 1385
Norway_009981.jpg,1 1343 1181 1957 2020
Norway_009982.jpg,
Norway_009983.jpg,
Norway_009984.jpg,1 0 1207 1145 1971
Norway_009985.jpg,
Norway_009986.jpg,
Norway_009987.jpg,
Norway_009988.jpg,
Norway_009989.jpg,
Norway_009990.jpg,
Norway_009991.jpg,
Norway_009992.jpg,
Norway_009993.jpg,
Norway_009994.jpg,1 0 1336 887 1898 1 1051 1454 1515 2024 1 1346 1292 1409 1362
Norway_009995.jpg,
Norway_009996.jpg,
Norway_009997.jpg,
Norway_009998.jpg,
Norway_009999.jpg,
Norway_010000.jpg,
Norway_010001.jpg,
Norway_010002.jpg,
Norway_010003.jpg,1 1907 1511 2116 1728
Norway_010004.jpg,
Norway_010005.jpg,
Norway_010006.jpg,
Norway_010007.jpg,1 4 1250 1090 2029 1 1098 1299 1278 1570 1 305 1253 891 1520
Norway_010008.jpg,
Norway_010009.jpg,
Norway_010010.jpg,
Norway_010011.jpg,
Norway_010012.jpg,
Norway_010013.jpg,1 1078 1456 1458 2030 1 2377 1841 2567 2032 1 1083 1291 1534 2027 1 1232 1212 1293 1292
Norway_010014.jpg,
Norway_010015.jpg,
Norway_010016.jpg,
Norway_010017.jpg,
Norway_010018.jpg,
Norway_010019.jpg,1 1340 1199 1879 2023
Norway_010020.jpg,
Norway_010021.jpg,
Norway_010022.jpg,
Norway_010023.jpg,
Norway_010024.jpg,
Norway_010025.jpg,
Norway_010026.jpg,
Norway_010027.jpg,
Norway_010028.jpg,1 630 1131 966 1340 1 630 1171 922 1341
Norway_010029.jpg,
Norway_010030.jpg,
Norway_010031.jpg,1 380 1357 733 1639
Norway_010032.jpg,
Norway_010033.jpg,
Norway_010034.jpg,
Norway_010035.jpg,
Norway_010036.jpg,
Norway_010037.jpg,1 1419 1606 1510 1814 1 1420 1677 1489 1812
Norway_010038.jpg,1 1384 1183 1908 2011
Norway_010039.jpg,1 1366 1587 1426 1771 1 739 1276 851 1380 1 1492 1722 1574 2037 1 1284 1397 1335 1586
Norway_010040.jpg,1 1790 1614 2269 2034
Norway_010041.jpg,
Norway_010042.jpg,
Norway_010043.jpg,
Norway_010044.jpg,
Norway_010045.jpg,1 1598 1511 1744 2033 1 1311 1555 1392 1841 1 29 1303 1212 1881 1 1323 1423 1480 1531 1 1325 1370 1481 1535 1 1526 1298 1594 1403 1 1265 1202 1500 1372 1 0 1673 351 2016
Norway_010046.jpg,
Norway_010047.jpg,
Norway_010048.jpg,
Norway_010049.jpg,
Norway_010050.jpg,
Norway_010051.jpg,1 1531 1229 1992 2026
Norway_010052.jpg,
Norway_010053.jpg,
Norway_010054.jpg,
Norway_010055.jpg,
Norway_010056.jpg,
Norway_010057.jpg,
Norway_010058.jpg,1 1550 1256 1767 1601
Norway_010059.jpg,1 1498 1467 1655 2018
Norway_010060.jpg,2 0 1637 1793 1774 2 0 1675 1794 1770
Norway_010061.jpg,4 761 1867 871 1942 4 571 1834 735 2008
Norway_010062.jpg,1 1642 1390 1801 1880 2 0 1863 520 1972 1 584 1224 1255 1844 1 1630 1253 1709 1379 2 800 1839 1748 1929 2 0 1961 495 2044 1 806 1224 1252 1650 3 446 1699 886 2030
Norway_010063.jpg,
Norway_010064.jpg,
Norway_010065.jpg,
Norway_010066.jpg,
Norway_010067.jpg,
Norway_010068.jpg,
Norway_010069.jpg,
Norway_010070.jpg,1 900 1374 1235 2029 1 0 1529 616 1960
Norway_010071.jpg,
Norway_010072.jpg,1 75 1797 423 2036 1 463 1562 783 1815 1 1537 1362 1621 1914 1 1302 1865 1359 2036 1 1394 1664 1521 1798 1 1218 1186 1330 1264 1 1458 1922 1499 2027
Norway_010073.jpg,1 2 1495 357 1682 1 0 1490 357 1790 1 791 1090 1251 1301 1 791 1141 1156 1298
Norway_010074.jpg,1 1552 1169 1721 1717
Norway_010075.jpg,
Norway_010076.jpg,
Norway_010077.jpg,
Norway_010078.jpg,
Norway_010079.jpg,
Norway_010080.jpg,
Norway_010081.jpg,
Norway_010082.jpg,1 574 1466 822 1642 1 570 1715 724 1849
Norway_010083.jpg,
Norway_010084.jpg,
Norway_010085.jpg,
Norway_010086.jpg,
Norway_010087.jpg,1 1350 1197 1878 2025 1 1435 1330 1874 2026
Norway_010088.jpg,1 1550 1124 1620 1265
Norway_010089.jpg,
Norway_010090.jpg,1 1167 1476 1263 1671
Norway_010091.jpg,
Norway_010092.jpg,
Norway_010093.jpg,
Norway_010094.jpg,
Norway_010095.jpg,
Norway_010096.jpg,
Norway_010097.jpg,
Norway_010098.jpg,
Norway_010099.jpg,2 1081 1522 1722 1665
Norway_010100.jpg,
Norway_010101.jpg,
Norway_010102.jpg,
Norway_010103.jpg,2 1164 1804 1981 2024 3 1524 1382 1805 1621 3 1 1346 759 1750 3 1530 1378 2176 2028
Norway_010104.jpg,
Norway_010105.jpg,
Norway_010106.jpg,
Norway_010107.jpg,
Norway_010108.jpg,1 1734 1491 2073 2026
Norway_010109.jpg,
Norway_010110.jpg,1 281 1522 831 2012
Norway_010111.jpg,
Norway_010112.jpg,
Norway_010113.jpg,
Norway_010114.jpg,1 532 1326 617 1401
Norway_010115.jpg,1 631 1260 907 1399 1 1791 1673 1986 2038 1 1642 1380 1779 1636
Norway_010116.jpg,
Norway_010117.jpg,1 3866 1293 4011 1680
Norway_010118.jpg,1 584 1692 693 2029 1 2420 1669 2630 2024
Norway_010119.jpg,
Norway_010120.jpg,
Norway_010121.jpg,1 517 1244 984 1542 1 1296 1194 1383 1275
Norway_010122.jpg,
Norway_010123.jpg,3 1263 1466 1796 2020
Norway_010124.jpg,1 1367 1243 1433 1307
Norway_010125.jpg,1 680 1224 1287 1784 1 676 1449 1061 1783
Norway_010126.jpg,
Norway_010127.jpg,
Norway_010128.jpg,1 1290 1766 1379 2038 3 1297 1320 1885 2038 4 1408 1453 1481 1529
Norway_010129.jpg,
Norway_010130.jpg,
Norway_010131.jpg,
Norway_010132.jpg,
Norway_010133.jpg,
Norway_010134.jpg,
Norway_010135.jpg,
Norway_010136.jpg,3 53 1476 812 2014 1 63 1503 598 1912 1 1330 1490 1511 1656 1 1554 1591 1699 1949 1 61 1484 806 1925 1 1328 1497 1756 1947 3 1326 1500 1756 1949
Norway_010137.jpg,4 2753 1777 3153 2033
Norway_010138.jpg,1 283 1427 521 1534
Norway_010139.jpg,1 1663 1698 1795 2032 1 1037 1154 1353 1424 3 1516 1092 1697 1396 1 187 1392 726 1666 2 1292 1485 1900 1534 1 836 1226 926 1280
Norway_010140.jpg,
Norway_010141.jpg,
Norway_010142.jpg,
Norway_010143.jpg,
Norway_010144.jpg,1 1455 1196 1612 1613 1 309 1802 618 2031
Norway_010145.jpg,
Norway_010146.jpg,1 1420 1218 2225 2025
Norway_010147.jpg,1 570 1264 858 1422
Norway_010148.jpg,1 18 1612 740 2022
Norway_010149.jpg,
Norway_010150.jpg,
Norway_010151.jpg,
Norway_010152.jpg,
Norway_010153.jpg,1 1635 1453 1845 2035
Norway_010154.jpg,
Norway_010155.jpg,
Norway_010156.jpg,
Norway_010157.jpg,1 1546 1201 1600 1310 1 0 1500 436 1735
Norway_010158.jpg,1 781 1900 927 2034 1 1678 1755 1765 2041 1 964 1432 1202 1590 1 1540 1868 1589 1970 1 1502 1730 1538 1829 1 1521 1865 1588 2021 3 1514 1406 1620 1621
Norway_010159.jpg,
Norway_010160.jpg,
Norway_010161.jpg,
Norway_010162.jpg,
Norway_010163.jpg,
Norway_010164.jpg,
Norway_010165.jpg,1 985 1654 1109 2030 1 989 1369 1121 2031
Norway_010166.jpg,
Norway_010167.jpg,
Norway_010168.jpg,
Norway_010169.jpg,
Norway_010170.jpg,
Norway_010171.jpg,1 1752 1757 1939 2038
Norway_010172.jpg,
Norway_010173.jpg,
Norway_010174.jpg,
Norway_010175.jpg,
Norway_010176.jpg,1 438 1519 849 1879 1 9 1690 310 2033 1 1407 1259 1621 1961 1 1197 1870 1374 1990 1 1489 1708 1594 2032
Norway_010177.jpg,1 0 1517 635 2014 1 613 1748 911 2037 1 1078 1480 1181 1842 1 1500 1224 1569 1427 1 578 1569 661 1657
Norway_010178.jpg,1 1202 1264 1380 1447
Norway_010179.jpg,
Norway_010180.jpg,
Norway_010181.jpg,
Norway_010182.jpg,1 1 1122 818 1504
Norway_010183.jpg,1 0 1481 324 1781 1 0 1481 321 1682 1 0 1476 325 1939
Norway_010184.jpg,
Norway_010185.jpg,
Norway_010186.jpg,1 1938 1934 1998 2035
Norway_010187.jpg,
Norway_010188.jpg,
Norway_010189.jpg,
Norway_010190.jpg,
Norway_010191.jpg,
Norway_010192.jpg,1 1584 1346 1678 1493 2 0 1499 1829 1584 1 1277 1128 1353 1194 1 1463 1087 1516 1149
Norway_010193.jpg,
Norway_010194.jpg,1 1253 1430 1454 2042 2 1331 1642 1788 1757
Norway_010195.jpg,
Norway_010196.jpg,
Norway_010197.jpg,
Norway_010198.jpg,
Norway_010199.jpg,
Norway_010200.jpg,
