United_States_004805.jpg,2 291 493 375 513
United_States_004806.jpg,3 71 380 397 589 2 387 536 569 578 2 473 584 639 627
United_States_004807.jpg,1 73 482 293 632 3 196 483 352 639
United_States_004808.jpg,1 371 477 398 536 1 364 477 401 591
United_States_004809.jpg,1 297 444 345 503 2 330 561 454 587 1 309 503 350 640 1 31 492 273 639
United_States_004810.jpg,2 229 450 353 471 1 375 491 436 558
United_States_004811.jpg,1 222 378 267 454
United_States_004812.jpg,1 434 534 544 637
United_States_004813.jpg,2 148 534 369 580 1 370 524 554 639
United_States_004814.jpg,1 96 424 166 565 1 282 407 376 546 2 37 511 111 526
United_States_004815.jpg,1 231 509 277 629
United_States_004816.jpg,1 144 420 236 569 1 458 509 572 640
United_States_004817.jpg,1 307 402 456 600 1 328 387 407 464 1 39 468 137 620 2 446 567 547 603 2 132 520 337 575 1 37 400 197 618 4 152 445 175 465
United_States_004818.jpg,
United_States_004819.jpg,1 469 575 526 640
United_States_004820.jpg,2 157 452 496 492 1 432 384 510 499
United_States_004821.jpg,1 146 360 180 456 1 382 525 480 640 1 201 364 217 401 1 126 464 177 639
United_States_004822.jpg,3 397 463 599 639 2 151 453 263 473 1 521 424 639 495 2 143 477 260 494 2 102 478 262 496 3 520 423 640 493
United_States_004823.jpg,1 304 440 334 566 1 306 392 328 446
United_States_004824.jpg,1 143 522 242 639
United_States_004825.jpg,1 89 452 153 585 1 171 383 204 456 2 160 506 245 535
United_States_004826.jpg,1 115 422 183 640 2 529 578 640 626 2 150 559 537 640 2 419 560 535 604
United_States_004827.jpg,2 103 454 251 489 2 104 455 222 485
United_States_004828.jpg,1 117 479 158 585 2 188 449 260 474 2 386 433 452 458 1 258 420 309 553
United_States_004829.jpg,2 0 505 264 549
United_States_004830.jpg,1 202 430 314 562 1 124 423 318 637
United_States_004831.jpg,1 158 441 179 493
United_States_004832.jpg,1 441 515 567 639 1 285 390 399 639
United_States_004833.jpg,1 273 435 320 640
United_States_004834.jpg,1 363 483 404 543 1 218 571 262 640
United_States_004835.jpg,1 211 450 262 540 1 212 448 291 639
United_States_004836.jpg,2 257 457 494 493 1 235 371 270 639 1 61 414 200 636 1 237 374 265 567
United_States_004837.jpg,3 50 425 195 618 1 265 480 281 518 2 440 424 566 459 1 361 489 469 594
United_States_004838.jpg,2 57 499 169 529
United_States_004839.jpg,2 0 563 137 592 2 383 495 546 560 1 428 453 485 512 2 2 443 183 474
United_States_004840.jpg,1 291 434 351 560
United_States_004841.jpg,2 41 511 450 624 1 230 411 271 540
United_States_004842.jpg,1 101 481 195 638
United_States_004843.jpg,1 142 379 279 570
United_States_004844.jpg,1 421 448 637 615
United_States_004845.jpg,1 360 467 433 579 2 169 465 352 501 1 359 468 419 554
United_States_004846.jpg,3 52 429 347 630 1 477 559 567 639 1 316 397 452 536 1 322 403 565 638 1 431 411 596 461 2 431 413 606 459 1 533 454 549 485
United_States_004847.jpg,1 40 433 238 604
United_States_004848.jpg,1 168 442 184 484 2 490 561 640 638 1 291 477 344 555 1 384 526 448 611 2 25 563 74 586 1 131 416 159 453
United_States_004849.jpg,1 377 427 562 640 2 0 445 183 470
United_States_004850.jpg,2 449 568 555 584
United_States_004851.jpg,1 185 463 241 560 1 167 463 241 640
United_States_004852.jpg,1 361 562 423 640
United_States_004853.jpg,1 209 390 276 549 2 142 536 483 636 2 315 455 415 476 1 370 416 576 635 1 0 425 65 520
United_States_004854.jpg,1 112 573 145 640 2 0 435 202 458
United_States_004855.jpg,1 328 434 492 638 2 97 466 208 483 1 120 525 157 580
United_States_004856.jpg,1 407 387 608 619 1 163 420 214 495 2 0 547 150 582 1 139 503 197 579
United_States_004857.jpg,2 6 411 212 443
United_States_004858.jpg,1 0 469 87 615 2 501 458 633 551 1 501 458 632 551
United_States_004859.jpg,2 93 470 337 519 1 274 425 310 477
United_States_004860.jpg,2 185 452 348 483 1 324 399 551 639 1 102 388 225 638
United_States_004861.jpg,1 306 444 345 635 2 170 421 513 459 2 215 429 509 457
United_States_004862.jpg,1 119 440 192 577 1 304 432 361 562
United_States_004863.jpg,1 84 409 167 525 1 115 510 188 639 2 366 612 505 639
United_States_004864.jpg,2 498 513 595 543 1 335 549 369 640 1 408 406 578 636 1 405 396 451 480
United_States_004865.jpg,2 216 432 313 461
United_States_004866.jpg,2 185 463 292 503 2 77 472 178 497 2 354 424 483 458
United_States_004867.jpg,
United_States_004868.jpg,1 231 605 264 640 1 306 540 427 639
United_States_004869.jpg,1 59 414 171 631 2 0 496 119 517
United_States_004870.jpg,2 194 574 545 623 1 338 445 384 549 1 351 479 383 550
United_States_004871.jpg,3 173 386 443 639 1 0 500 186 612
United_States_004872.jpg,1 0 407 178 548
United_States_004873.jpg,1 412 566 466 624
United_States_004874.jpg,1 343 412 462 547 1 154 513 216 612 2 0 440 219 464
United_States_004875.jpg,1 309 410 390 562 1 179 434 232 575 2 79 526 178 546 1 171 428 189 456 2 381 530 479 551 1 378 377 637 541
United_States_004876.jpg,1 372 432 513 638 1 0 472 147 612 1 0 543 55 620 1 0 423 196 612
United_States_004877.jpg,1 57 517 162 639 2 345 474 475 497 1 213 410 282 555 1 442 507 537 632
United_States_004878.jpg,1 381 449 573 637 1 270 402 304 539 1 136 437 187 557 1 336 421 575 636
United_States_004879.jpg,1 288 515 351 571
United_States_004880.jpg,1 204 481 233 640 2 0 564 129 586
United_States_004881.jpg,4 242 505 262 537 2 111 428 252 446 4 254 465 274 480
United_States_004882.jpg,1 59 500 120 580 1 99 434 139 482 1 240 361 255 397 1 190 405 225 547
United_States_004883.jpg,2 0 472 357 563 2 0 477 356 602
United_States_004884.jpg,3 282 379 637 639 1 143 361 179 640 1 142 361 175 563
United_States_004885.jpg,2 434 523 561 583
United_States_004886.jpg,1 234 533 286 639
United_States_004887.jpg,1 362 425 415 493 1 370 498 408 568 1 314 412 359 503
United_States_004888.jpg,1 310 466 422 640 1 0 447 103 611
United_States_004889.jpg,3 0 364 535 637 2 339 438 564 461
United_States_004890.jpg,1 405 437 479 545 1 221 444 238 477 1 402 434 571 639
United_States_004891.jpg,1 447 435 639 587
United_States_004892.jpg,
United_States_004893.jpg,1 340 495 394 635
United_States_004894.jpg,
United_States_004895.jpg,
United_States_004896.jpg,1 392 407 492 547 1 392 408 553 638 2 515 498 574 511
United_States_004897.jpg,2 80 445 508 531 1 419 386 640 587 2 69 495 312 532 2 105 456 226 477
United_States_004898.jpg,1 198 453 241 607 2 433 587 482 636 2 367 586 434 624
United_States_004899.jpg,1 347 446 540 638 3 145 431 545 640
United_States_004900.jpg,1 369 520 389 577 1 463 510 585 640
United_States_004901.jpg,1 56 452 130 639 1 134 375 161 427
United_States_004902.jpg,1 192 389 254 501 1 110 549 172 639 3 270 411 336 542
United_States_004903.jpg,1 84 505 243 639
United_States_004904.jpg,3 310 394 519 639
United_States_004905.jpg,3 274 459 370 640 2 176 462 308 480
United_States_004906.jpg,2 250 532 381 562
United_States_004907.jpg,1 174 463 202 543
United_States_004908.jpg,1 47 533 116 624 2 338 458 566 549 1 317 540 380 639 1 245 379 313 540 1 503 494 639 579
United_States_004909.jpg,1 413 470 451 535 1 489 535 561 639 1 488 536 591 639
United_States_004910.jpg,3 1 371 633 639
United_States_004911.jpg,1 456 466 595 635 1 66 454 200 623 1 388 395 404 424 1 227 364 294 453 2 70 437 462 469 2 0 544 107 573 2 71 436 344 467 1 344 459 363 532
United_States_004912.jpg,1 64 549 146 620 3 200 488 255 639
United_States_004913.jpg,3 389 414 618 493 2 457 524 638 550 2 84 494 356 530
United_States_004914.jpg,1 364 405 388 477 1 297 386 326 478 2 296 504 497 544 1 373 535 425 640 1 288 386 327 484
United_States_004915.jpg,3 299 402 561 636 2 0 550 199 583 2 555 510 639 535
United_States_004916.jpg,1 145 455 204 561 1 93 453 203 638
United_States_004917.jpg,1 432 449 563 638 2 2 504 452 550 1 247 420 281 523 1 198 543 248 639
United_States_004918.jpg,1 412 489 559 639 1 326 397 561 638 2 134 531 238 549
United_States_004919.jpg,1 481 576 537 627
United_States_004920.jpg,1 330 415 389 636 1 158 379 284 636 1 415 466 563 639
United_States_004921.jpg,3 4 386 211 623
United_States_004922.jpg,1 112 406 174 553 1 63 589 103 639 2 200 472 570 559 1 361 514 428 597
United_States_004923.jpg,2 487 591 582 610
United_States_004924.jpg,
United_States_004925.jpg,1 239 410 274 479 2 102 489 242 513 2 543 577 639 631
United_States_004926.jpg,1 395 429 596 626 1 522 486 639 588
United_States_004927.jpg,4 350 562 376 581
United_States_004928.jpg,1 397 403 496 639
United_States_004929.jpg,1 97 431 129 511 1 84 430 129 549
United_States_004930.jpg,2 439 491 526 523 1 265 435 329 541 2 510 505 574 528 2 62 481 141 500
United_States_004931.jpg,1 383 465 564 639 1 320 381 367 437 1 436 414 551 478 1 68 477 178 639 1 187 393 228 475 1 68 400 224 638
United_States_004932.jpg,1 247 393 476 638 1 167 456 199 593 3 11 443 113 495 1 166 453 202 636
United_States_004933.jpg,1 0 522 134 619
United_States_004934.jpg,1 200 407 254 504 2 0 507 109 529
United_States_004935.jpg,1 0 548 49 623 2 128 409 210 426 1 75 388 145 518
United_States_004936.jpg,1 0 363 109 600
United_States_004937.jpg,1 179 394 260 559 2 0 581 118 607 1 371 461 459 559 1 0 390 137 473 1 361 542 410 639
United_States_004938.jpg,2 92 473 328 505
United_States_004939.jpg,1 55 390 152 639 2 122 414 340 447
United_States_004940.jpg,1 23 397 194 622 2 0 463 137 494
United_States_004941.jpg,1 364 479 452 634 2 0 546 222 571 4 235 547 257 565
United_States_004942.jpg,3 48 407 327 621
United_States_004943.jpg,2 280 539 401 558 1 198 538 282 640
United_States_004944.jpg,2 313 483 476 523 2 6 574 141 598 1 255 372 336 638 2 25 440 262 487 2 325 428 431 450 2 576 490 640 519 1 254 371 320 543 2 28 448 230 489
United_States_004945.jpg,1 475 544 593 639 1 233 394 263 640 2 148 440 357 466 1 357 490 375 524
United_States_004946.jpg,1 154 410 289 638 1 545 447 639 524
United_States_004947.jpg,1 329 438 486 582
United_States_004948.jpg,1 236 424 271 500 2 4 525 181 558 1 314 412 369 538 1 3 400 140 527
United_States_004949.jpg,2 0 500 461 593
United_States_004950.jpg,
United_States_004951.jpg,1 197 430 386 639 1 122 375 152 430 2 210 519 271 537
United_States_004952.jpg,2 116 575 379 638 1 315 391 474 639 1 463 402 503 434 1 233 455 258 546 2 349 425 487 443
United_States_004953.jpg,1 0 468 79 618 2 0 415 348 473 2 479 602 639 639 2 0 439 216 476 1 213 456 297 639
United_States_004954.jpg,3 9 393 424 629 1 203 447 241 640
United_States_004955.jpg,3 96 358 611 638
United_States_004956.jpg,1 220 365 250 509 2 297 586 432 620 2 0 475 217 506 2 288 586 432 632
United_States_004957.jpg,2 2 444 546 599 1 118 582 160 639
United_States_004958.jpg,2 0 467 188 503 1 416 551 559 639
United_States_004959.jpg,1 394 533 457 640
United_States_004960.jpg,1 447 465 593 621 2 0 458 464 520 2 9 544 133 567 1 253 405 268 435
United_States_004961.jpg,1 0 415 98 610 3 350 428 640 628 1 223 380 339 477 1 347 426 640 626 2 96 444 196 463 1 224 382 303 471 3 176 388 637 638 2 234 478 403 539
United_States_004962.jpg,1 65 378 190 638 1 223 388 331 640
United_States_004963.jpg,1 345 403 472 639 1 162 458 230 544 1 60 533 143 639 1 60 459 231 636 2 372 431 496 451
United_States_004964.jpg,1 417 500 559 638 2 289 485 471 530 1 196 402 237 512 1 0 418 132 602
United_States_004965.jpg,1 204 374 278 640 2 63 449 228 471 2 28 581 223 613 1 199 473 231 548 1 171 473 230 632 2 284 469 401 520
United_States_004966.jpg,2 335 478 504 525
United_States_004967.jpg,1 107 537 146 631
United_States_004968.jpg,1 39 443 125 619 1 40 408 147 618
United_States_004969.jpg,3 85 391 351 639 2 291 577 402 604 2 269 492 497 536 2 360 492 498 532
United_States_004970.jpg,1 33 431 192 599 1 59 410 153 462
United_States_004971.jpg,1 330 444 357 553 1 334 443 355 499
United_States_004972.jpg,1 0 510 124 614
United_States_004973.jpg,1 129 468 227 585 1 138 396 222 467 2 59 439 639 479 1 0 443 79 509 1 0 489 74 595
United_States_004974.jpg,1 158 397 212 524 1 35 389 131 438 2 1 429 181 452
United_States_004975.jpg,1 95 413 236 636
United_States_004976.jpg,3 142 399 275 555
United_States_004977.jpg,1 0 536 109 613 2 279 541 373 582 1 282 534 373 582 1 242 492 306 639 2 279 558 371 582
United_States_004978.jpg,1 40 414 174 605 1 258 560 291 639 1 126 414 174 580
United_States_004979.jpg,1 24 449 85 509 1 118 392 149 427
United_States_004980.jpg,2 285 446 423 467 2 61 491 212 516 1 0 428 151 561 1 160 419 253 638 1 195 418 253 559 1 0 428 104 514
United_States_004981.jpg,2 0 513 222 550 1 284 511 301 546
United_States_004982.jpg,1 341 408 405 536 1 234 443 276 533 1 435 400 640 584 2 109 424 261 449 2 0 505 240 542
United_States_004983.jpg,1 196 422 289 640 1 288 354 307 400
United_States_004984.jpg,3 399 444 638 625
United_States_004985.jpg,1 323 427 384 537 2 516 419 640 440
United_States_004986.jpg,1 295 373 639 583 1 204 451 229 559 2 215 450 299 473 1 123 506 166 640 1 138 506 165 584
United_States_004987.jpg,1 389 526 444 639
United_States_004988.jpg,1 383 487 539 637 1 352 444 539 638
United_States_004989.jpg,4 353 430 390 446
United_States_004990.jpg,2 0 573 172 601
United_States_004991.jpg,
United_States_004992.jpg,4 534 510 581 530 1 298 557 340 639
United_States_004993.jpg,1 85 494 115 593 2 0 462 124 488
United_States_004994.jpg,3 0 436 94 617 1 0 446 93 615
United_States_004995.jpg,1 412 455 482 557
United_States_004996.jpg,1 252 394 315 562 1 19 447 162 614
United_States_004997.jpg,1 45 422 95 517 1 149 472 182 594 2 172 569 513 639
United_States_004998.jpg,2 255 544 433 564
United_States_004999.jpg,2 4 537 234 574
United_States_005000.jpg,1 110 523 157 607 3 0 471 98 621 1 236 390 316 541 1 234 389 382 639
United_States_005001.jpg,2 85 520 353 551 1 309 461 352 534
United_States_005002.jpg,2 395 437 598 489 1 35 510 125 605
United_States_005003.jpg,1 39 471 139 620
United_States_005004.jpg,2 415 522 639 559 1 214 492 283 546 1 355 403 480 529
United_States_005005.jpg,2 150 447 368 484 2 92 507 583 608 2 218 397 340 414 2 92 526 415 610 2 414 506 580 536
United_States_005006.jpg,1 390 421 639 574
United_States_005007.jpg,2 226 486 335 524 2 241 422 357 447
United_States_005008.jpg,1 400 453 457 564 1 372 380 391 412
United_States_005009.jpg,1 56 411 198 637 1 228 397 263 640 2 26 441 562 487 1 311 400 470 624 2 214 440 561 474
United_States_005010.jpg,3 318 413 580 639 1 68 380 195 638
United_States_005011.jpg,1 113 408 251 638 1 339 487 401 640 1 0 499 107 621 2 1 472 197 495 2 237 437 507 464 2 228 435 632 466 2 362 438 510 462
United_States_005012.jpg,1 343 499 424 580 1 0 450 134 616 2 0 421 286 465
United_States_005013.jpg,1 21 505 228 621 1 309 391 344 507
United_States_005014.jpg,1 22 490 141 622
United_States_005015.jpg,2 497 589 587 633 1 548 461 640 522 1 547 459 640 554
United_States_005016.jpg,1 227 471 278 564
United_States_005017.jpg,1 340 454 518 637 2 314 413 448 438
United_States_005018.jpg,1 343 378 393 448 1 313 436 378 640 1 223 413 262 482
United_States_005019.jpg,1 263 388 396 638 1 114 417 187 534 1 33 554 99 609 2 59 477 129 491
United_States_005020.jpg,1 251 498 271 565
United_States_005021.jpg,1 337 450 429 640 1 337 450 401 640
United_States_005022.jpg,1 309 441 403 631 1 63 436 194 613 1 223 401 248 493 2 503 598 628 621
United_States_005023.jpg,1 244 384 285 541 1 150 411 180 455
United_States_005024.jpg,1 176 479 205 567 1 390 411 432 449 1 284 414 332 555 2 2 547 173 594 2 314 486 393 500 1 274 378 332 552 1 486 445 563 487 2 287 397 491 422 1 276 390 368 634 2 315 487 366 500
United_States_005025.jpg,1 112 409 256 637 2 340 525 438 545 1 312 430 349 622 3 489 0 639 149
United_States_005026.jpg,2 0 554 144 586 1 243 445 266 509 1 0 398 134 541
United_States_005027.jpg,1 57 451 196 639 2 453 531 639 564 1 378 426 477 638
United_States_005028.jpg,1 424 414 473 469 1 186 396 331 638 2 550 596 640 620
United_States_005029.jpg,1 139 399 245 559
United_States_005030.jpg,1 44 382 215 612
United_States_005031.jpg,2 140 499 439 550 2 1 495 442 550 1 403 511 501 622
United_States_005032.jpg,1 310 377 350 639
United_States_005033.jpg,2 133 477 325 507 3 287 383 495 626 2 142 476 306 502 3 307 432 493 621
United_States_005034.jpg,1 110 387 199 598 2 0 499 104 528 1 320 535 375 640 2 152 526 247 555
United_States_005035.jpg,1 267 430 339 555 2 338 515 531 556
United_States_005036.jpg,1 62 399 196 556 4 144 484 172 505
United_States_005037.jpg,1 291 444 341 640 2 0 568 103 598 3 89 519 216 606
United_States_005038.jpg,1 211 395 254 551 1 298 423 418 638 1 0 472 44 605
United_States_005039.jpg,
United_States_005040.jpg,2 241 465 517 508 1 129 425 223 640 1 270 510 296 640 1 352 436 388 475
United_States_005041.jpg,1 380 397 451 463 2 175 508 292 530 2 1 496 292 532
United_States_005042.jpg,1 96 431 199 545 1 361 427 426 548 2 17 556 111 577 2 424 525 545 548 1 63 569 107 618
United_States_005043.jpg,1 340 405 417 638 1 457 403 639 524 1 145 555 229 640 1 237 404 282 506 2 473 582 581 603 2 441 580 576 603
United_States_005044.jpg,1 140 442 207 638 1 170 443 207 580 2 439 489 580 534
United_States_005045.jpg,1 104 434 233 638 1 0 499 105 616 2 0 477 211 505 1 321 415 397 546
United_States_005046.jpg,1 522 585 594 639
United_States_005047.jpg,1 65 503 128 560 1 146 399 242 485 2 204 474 639 522 2 416 419 578 439 1 378 365 527 636 2 10 480 153 502 2 4 477 202 504 1 444 499 491 582 2 192 483 601 523
United_States_005048.jpg,1 407 411 563 639
United_States_005049.jpg,2 0 416 249 451
United_States_005050.jpg,1 366 515 388 567 1 208 549 264 639
United_States_005051.jpg,1 125 393 246 639 2 207 476 445 509 2 85 533 172 550
United_States_005052.jpg,3 77 415 360 640
United_States_005053.jpg,1 193 359 222 417 1 0 422 135 605
United_States_005054.jpg,1 222 500 242 555 1 209 373 252 556 1 210 371 233 443
United_States_005055.jpg,2 45 466 255 497 1 0 407 141 595 2 202 430 375 463 2 0 466 255 502
United_States_005056.jpg,1 238 490 300 640
United_States_005057.jpg,1 68 566 135 640 1 405 562 525 629 1 451 569 519 631
United_States_005058.jpg,
United_States_005059.jpg,1 109 420 172 580 1 291 403 361 640 1 335 417 452 635 2 0 571 224 608 1 213 466 233 507 2 230 551 319 570
United_States_005060.jpg,2 361 490 566 550 1 96 379 221 639 1 270 507 301 609 2 0 467 176 496 2 0 471 162 494 1 408 402 639 531 3 91 401 304 636
United_States_005061.jpg,2 247 518 329 536 2 161 568 413 598 1 320 483 339 542
United_States_005062.jpg,1 247 390 283 517 3 335 417 559 638
United_States_005063.jpg,1 225 397 274 558 1 0 449 99 564 3 300 401 382 551
United_States_005064.jpg,4 118 568 151 588
United_States_005065.jpg,1 442 454 622 620 2 1 521 209 554 1 445 454 526 529 2 418 519 509 542
United_States_005066.jpg,2 0 441 142 466
United_States_005067.jpg,1 194 458 235 556 1 44 384 131 429
United_States_005068.jpg,2 414 482 639 569 2 1 547 184 581
United_States_005069.jpg,1 326 410 400 495 2 308 460 552 538 1 511 474 638 560 1 290 494 338 640 1 512 474 639 602 1 405 408 479 457
United_States_005070.jpg,2 177 437 289 462
United_States_005071.jpg,1 454 551 511 640 1 184 495 327 639
United_States_005072.jpg,2 0 504 125 524 2 34 504 124 522
United_States_005073.jpg,1 61 479 126 605 1 187 521 215 639
United_States_005074.jpg,2 1 471 247 516 2 2 449 97 467
United_States_005075.jpg,2 222 597 319 620
United_States_005076.jpg,1 168 416 198 504 1 113 576 197 639 2 0 454 520 567 1 254 484 367 575 2 0 478 285 553 2 0 450 71 469
United_States_005077.jpg,1 35 537 71 589 1 67 437 182 598 1 332 482 385 553
United_States_005078.jpg,1 0 388 151 608 3 226 425 480 639
United_States_005079.jpg,1 370 437 541 554
United_States_005080.jpg,2 266 456 441 510 2 1 500 433 562 2 1 520 408 560
United_States_005081.jpg,1 155 451 191 553 2 0 497 156 525 2 12 498 156 520
United_States_005082.jpg,3 2 372 196 624
United_States_005083.jpg,1 336 405 596 638 1 538 519 639 619 1 272 385 309 419 1 335 405 532 551
United_States_005084.jpg,1 481 541 502 591
United_States_005085.jpg,2 0 448 96 469
United_States_005086.jpg,
United_States_005087.jpg,1 430 476 537 556 1 311 429 390 546 1 413 550 484 640
United_States_005088.jpg,2 420 563 508 600 2 467 549 629 617
United_States_005089.jpg,1 441 512 525 600
United_States_005090.jpg,1 370 394 423 441 1 442 467 505 550 2 232 459 344 545 2 471 555 513 582 1 233 455 388 637 1 276 503 344 545
United_States_005091.jpg,1 337 420 569 639 1 457 438 639 553 2 527 590 577 618 2 147 474 228 491
United_States_005092.jpg,1 356 424 524 639 1 234 418 266 564 1 326 407 342 430 1 42 511 133 615 2 414 464 639 500 1 232 413 266 620
United_States_005093.jpg,1 122 507 186 640 1 334 512 448 639 1 258 509 335 640 1 242 463 261 509
United_States_005094.jpg,1 174 390 267 553 1 318 544 425 639
United_States_005095.jpg,1 156 453 212 559 2 446 507 639 542 2 0 520 159 545
United_States_005096.jpg,2 434 537 596 578 1 154 401 259 639
United_States_005097.jpg,4 337 563 373 598
United_States_005098.jpg,2 65 554 217 602
United_States_005099.jpg,2 130 457 630 519 1 336 549 372 640
United_States_005100.jpg,3 2 415 300 626 1 390 464 430 524 1 408 395 640 609
United_States_005101.jpg,2 258 440 470 465
United_States_005102.jpg,2 94 535 385 569 1 446 496 510 535 1 525 547 640 618 2 92 537 152 553 2 192 544 391 570
United_States_005103.jpg,2 317 547 374 562
United_States_005104.jpg,1 146 462 219 565
United_States_005105.jpg,1 129 466 248 563 2 495 497 637 519 1 188 381 312 459 1 189 404 284 459 1 456 478 529 597 1 443 453 529 595
United_States_005106.jpg,1 163 477 240 598 1 344 522 456 640
United_States_005107.jpg,2 87 484 468 514
United_States_005108.jpg,1 211 360 245 484 1 240 498 256 535
United_States_005109.jpg,2 435 531 564 572 2 426 526 608 575
United_States_005110.jpg,1 151 469 212 640 2 317 462 461 495 3 283 488 411 640 2 25 464 150 482
United_States_005111.jpg,1 141 431 240 639
United_States_005112.jpg,1 373 478 447 561 2 3 520 122 546
United_States_005113.jpg,1 119 450 181 562 1 68 448 183 624 3 540 488 639 618
United_States_005114.jpg,2 113 508 394 554
United_States_005115.jpg,1 229 531 263 585 1 27 574 147 619
United_States_005116.jpg,1 404 413 510 638 1 312 421 346 552
United_States_005117.jpg,1 370 360 638 546 1 272 408 308 566
United_States_005118.jpg,3 343 462 639 617 3 343 468 507 595 1 0 432 66 532 1 0 433 65 606
United_States_005119.jpg,2 270 459 342 475
United_States_005120.jpg,1 418 458 476 565 1 485 548 516 587
United_States_005121.jpg,1 289 391 359 640 2 126 512 216 531 3 486 507 625 640
United_States_005122.jpg,1 153 480 181 640 1 214 458 399 640
United_States_005123.jpg,1 194 437 377 639
United_States_005124.jpg,2 0 493 204 523 1 384 406 430 453 1 496 410 638 537 2 406 463 547 484 1 338 410 392 546 1 498 410 639 590 1 338 413 463 638
United_States_005125.jpg,3 0 349 357 638 2 343 476 395 492 3 0 348 254 632
United_States_005126.jpg,1 193 446 246 561 1 323 392 371 549 1 440 458 572 630 1 438 457 534 567
United_States_005127.jpg,3 0 469 252 630 2 234 538 364 561
United_States_005128.jpg,
United_States_005129.jpg,1 340 464 441 610 2 38 564 187 589 2 414 514 523 547
United_States_005130.jpg,2 0 461 99 481 1 149 544 192 639
United_States_005131.jpg,1 131 521 156 582 3 289 403 638 638 1 430 432 639 574
United_States_005132.jpg,1 343 416 514 639 2 90 526 205 552
United_States_005133.jpg,1 277 456 329 555 1 161 425 202 472 1 450 526 474 593 1 279 451 338 639
United_States_005134.jpg,1 114 470 214 639 1 171 472 213 557
United_States_005135.jpg,1 419 417 640 600
United_States_005136.jpg,1 414 398 477 567
United_States_005137.jpg,1 212 410 262 639
United_States_005138.jpg,2 268 435 461 519 1 278 542 369 588
United_States_005139.jpg,1 219 395 287 541 1 325 428 390 545
United_States_005140.jpg,1 137 507 177 640
United_States_005141.jpg,1 339 550 424 640 1 336 550 459 639
United_States_005142.jpg,1 59 415 176 639 2 244 571 421 624
United_States_005143.jpg,1 0 486 76 607 1 62 442 198 638
United_States_005144.jpg,2 445 564 565 589 1 180 554 234 639 1 310 570 373 639
United_States_005145.jpg,2 85 585 194 606 1 244 524 280 639 1 338 500 418 640
United_States_005146.jpg,3 294 398 483 638 1 104 476 173 579 1 104 429 204 579
United_States_005147.jpg,1 255 419 284 547 1 446 515 551 639 1 378 493 400 545
United_States_005148.jpg,1 268 396 351 553 1 188 425 248 559 1 220 377 238 406
United_States_005149.jpg,1 237 445 283 555 2 112 468 249 488 1 235 442 350 637
United_States_005150.jpg,
United_States_005151.jpg,2 207 549 356 572 2 0 572 176 598 1 144 576 186 640 1 390 543 462 639 1 383 529 476 640
United_States_005152.jpg,1 193 400 242 527
United_States_005153.jpg,2 97 440 227 461
United_States_005154.jpg,1 0 482 156 625 1 202 364 318 638 1 355 370 379 420 2 519 585 640 620 1 0 468 69 520 2 0 433 275 466 2 283 460 461 486 3 472 389 640 534
United_States_005155.jpg,1 56 506 102 581 1 291 470 360 640 1 129 588 155 640 1 106 434 149 490 1 112 435 149 478
United_States_005156.jpg,3 126 500 232 568 2 0 496 150 518
United_States_005157.jpg,1 0 487 103 618 1 435 433 506 497
United_States_005158.jpg,3 0 468 381 576 3 0 447 382 608 1 0 364 172 489 1 134 419 174 486
United_States_005159.jpg,1 199 403 265 563 1 343 475 373 555 2 356 458 439 476
United_States_005160.jpg,2 374 573 550 596
United_States_005161.jpg,1 0 477 88 624 2 475 472 613 538 1 226 555 286 640
United_States_005162.jpg,1 583 473 640 523 1 410 398 531 489
United_States_005163.jpg,3 99 473 250 632 3 176 347 216 392 3 0 473 251 634
United_States_005164.jpg,2 115 561 403 639 1 381 568 479 640
United_States_005165.jpg,1 159 411 227 509
United_States_005166.jpg,1 420 428 638 619 3 85 384 271 639 1 56 383 192 467 2 116 447 209 464 1 351 492 371 551 1 350 476 408 639
United_States_005167.jpg,1 270 515 324 640 1 334 518 478 640
United_States_005168.jpg,2 102 547 287 596 1 386 542 571 639
United_States_005169.jpg,2 91 469 349 542 2 88 444 372 542
United_States_005170.jpg,1 235 480 308 640 1 351 475 381 577
United_States_005171.jpg,1 360 381 563 638 1 97 434 166 523 1 286 338 306 417 1 403 359 639 512 1 282 430 302 515 2 301 409 367 423
United_States_005172.jpg,2 528 599 640 623 2 0 498 251 532 2 270 501 594 529 2 0 485 613 538 1 242 401 293 552 1 254 412 290 519
United_States_005173.jpg,1 287 479 316 544 1 177 377 201 423
United_States_005174.jpg,1 344 498 410 640
United_States_005175.jpg,1 0 437 92 523 2 1 510 190 541 2 5 497 293 542 1 0 438 90 601
United_States_005176.jpg,
United_States_005177.jpg,1 221 378 393 591 1 359 400 627 515 1 221 380 433 636 1 0 482 44 612 4 585 505 624 531
United_States_005178.jpg,1 483 488 605 628 1 15 473 144 619 1 236 472 263 514 2 168 431 289 450 2 369 476 630 503
United_States_005179.jpg,1 444 484 556 639 2 246 445 451 480 1 443 485 479 527 2 468 491 634 516 1 452 412 520 486
United_States_005180.jpg,1 333 411 458 582 1 560 419 640 473 1 228 450 263 528 2 131 524 228 545 1 561 419 639 498
United_States_005181.jpg,1 291 436 339 535 1 200 527 253 640
United_States_005182.jpg,1 149 389 252 639 1 293 381 330 509
United_States_005183.jpg,2 307 448 490 475
United_States_005184.jpg,1 456 448 639 562 2 0 453 229 488 3 312 427 619 639 1 338 433 608 640 3 263 435 375 640 1 263 436 369 640
United_States_005185.jpg,2 181 447 384 472 2 5 444 125 464
United_States_005186.jpg,1 254 405 364 566 2 372 452 468 474
United_States_005187.jpg,1 178 485 265 640 1 0 443 100 591
United_States_005188.jpg,1 46 487 115 617 2 0 448 275 494 1 174 366 209 637 2 56 600 191 639 2 90 445 278 479
United_States_005189.jpg,1 114 424 198 563 2 479 509 639 541 2 1 430 183 452
United_States_005190.jpg,
United_States_005191.jpg,2 0 571 107 598 3 132 372 329 539 3 128 380 328 640 1 0 453 59 613 2 52 466 142 488
United_States_005192.jpg,1 0 397 197 579 2 413 437 557 461 2 469 591 640 632 2 510 601 640 631 2 407 434 573 463
United_States_005193.jpg,1 334 396 489 640 1 0 524 72 615 1 117 476 185 604 2 437 463 577 485 1 396 428 442 486 1 187 450 285 639 1 358 387 440 484
United_States_005194.jpg,1 364 506 448 637
United_States_005195.jpg,1 332 451 421 560 2 470 581 566 605 1 305 381 382 456 1 120 444 156 497 1 499 426 564 462
United_States_005196.jpg,1 211 444 259 636 2 306 484 390 526 1 531 489 639 559 1 529 488 639 602
United_States_005197.jpg,
United_States_005198.jpg,1 76 524 136 616 1 229 487 260 640 1 87 494 115 532
United_States_005199.jpg,1 355 501 467 639
United_States_005200.jpg,1 88 412 229 638 2 344 523 520 548 2 326 566 562 595 2 206 466 305 483 1 302 449 358 543
United_States_005201.jpg,2 87 466 249 503 2 205 527 258 541 1 0 412 116 600 1 0 412 116 541
United_States_005202.jpg,2 237 563 571 639 1 290 474 313 530 1 269 549 288 590
United_States_005203.jpg,2 167 517 333 537
United_States_005204.jpg,1 24 504 147 622 3 346 413 551 639 1 0 438 123 521 1 381 380 408 409 2 0 525 96 549
United_States_005205.jpg,1 229 592 254 640 1 259 522 380 639
United_States_005206.jpg,4 471 441 499 465 3 368 401 408 455 4 498 527 557 578
United_States_005207.jpg,1 277 430 297 483
United_States_005208.jpg,1 437 530 579 639 2 228 581 402 626 2 496 560 548 590 2 133 590 239 623
United_States_005209.jpg,1 220 379 293 534 2 402 489 639 529 1 336 364 435 638
United_States_005210.jpg,1 424 511 588 639 2 168 576 265 597 1 259 495 285 571
United_States_005211.jpg,1 223 395 312 639
United_States_005212.jpg,1 164 432 228 563
United_States_005213.jpg,1 36 419 153 524 1 318 411 361 531 1 317 412 460 638 1 376 531 460 640
United_States_005214.jpg,1 21 424 137 620 1 108 569 137 637 1 334 428 574 640 1 397 423 637 579 2 247 590 386 616 2 451 525 533 547
United_States_005215.jpg,1 401 488 549 640
United_States_005216.jpg,1 227 432 253 476 1 422 383 484 413
United_States_005217.jpg,1 367 410 600 622
United_States_005218.jpg,1 25 385 239 615 2 174 476 340 508 2 339 532 477 589 1 101 538 134 592 1 20 465 171 619 2 238 521 480 587
United_States_005219.jpg,1 118 413 231 602 1 274 464 291 492 2 61 571 288 620
United_States_005220.jpg,1 338 471 387 556 1 362 405 629 621 1 1 443 142 602 2 108 479 246 521 1 162 427 188 468 1 336 468 439 636 2 266 453 409 481 1 234 389 256 454
United_States_005221.jpg,1 388 438 447 570 2 284 591 446 616 2 301 522 405 546
United_States_005222.jpg,1 159 367 200 474
United_States_005223.jpg,3 326 374 583 639 2 117 542 195 562 1 540 411 639 473
United_States_005224.jpg,2 0 476 389 514 2 428 524 640 573 2 430 539 590 571
United_States_005225.jpg,3 227 463 410 640 3 155 383 401 638
United_States_005226.jpg,1 120 397 341 612 4 527 157 608 214 1 0 400 265 563 1 262 441 376 639 2 179 540 318 568 2 313 575 481 639 1 0 390 329 585
United_States_005227.jpg,1 459 524 496 580 2 352 595 534 620 2 393 598 529 618 1 459 525 538 605
United_States_005228.jpg,1 135 399 252 589 3 293 419 633 639 3 0 401 253 621 1 0 408 131 512
United_States_005229.jpg,
United_States_005230.jpg,3 59 530 441 639 2 58 578 288 638 2 56 536 439 638
United_States_005231.jpg,1 44 562 94 623 1 267 465 308 506 1 112 543 142 640
United_States_005232.jpg,2 557 541 639 591
United_States_005233.jpg,1 340 545 435 640 1 136 570 199 640 1 110 571 200 639
United_States_005234.jpg,1 416 444 547 639
United_States_005235.jpg,1 381 442 408 479 1 64 562 173 640 1 294 551 352 638
United_States_005236.jpg,1 424 381 463 554
United_States_005237.jpg,2 357 454 510 475 1 321 412 379 575 1 321 412 424 639 2 156 452 287 468
United_States_005238.jpg,1 394 466 459 569
United_States_005239.jpg,1 62 473 140 611 2 0 593 114 617 2 159 448 282 473 2 0 446 287 474 1 295 426 407 573 2 0 451 115 474
United_States_005240.jpg,1 335 407 498 639 1 493 423 560 465 1 40 521 86 582 1 316 422 334 470
United_States_005241.jpg,2 331 494 519 522 2 39 443 219 466 1 298 404 350 638
United_States_005242.jpg,2 85 546 275 639
United_States_005243.jpg,1 139 428 191 525 1 71 477 140 590
United_States_005244.jpg,1 371 408 600 627 1 210 472 237 573
United_States_005245.jpg,2 197 436 464 484 2 176 385 421 424
United_States_005246.jpg,1 377 369 424 482 1 368 368 387 472
United_States_005247.jpg,1 142 452 169 508 1 293 393 387 472 1 496 583 574 639
United_States_005248.jpg,1 62 482 186 596 2 411 519 494 534 3 373 497 435 585
United_States_005249.jpg,1 396 499 461 640 1 475 448 638 609
United_States_005250.jpg,1 0 450 147 616 1 258 440 285 510
United_States_005251.jpg,1 291 393 373 496 3 124 387 218 639 1 33 549 86 599
United_States_005252.jpg,1 262 389 284 458 2 343 481 479 507 1 240 380 257 483 1 228 506 342 639
United_States_005253.jpg,1 388 397 486 490
United_States_005254.jpg,1 91 425 193 632 1 128 424 191 569
United_States_005255.jpg,1 250 470 272 536
United_States_005256.jpg,2 411 539 607 574
United_States_005257.jpg,2 292 499 514 528
United_States_005258.jpg,1 242 428 295 640 2 0 533 128 561 1 144 387 169 415
United_States_005259.jpg,1 426 399 639 619 1 251 394 268 440
United_States_005260.jpg,1 217 449 258 533 2 127 525 217 544 1 498 459 640 604
United_States_005261.jpg,1 0 512 98 620 1 436 419 497 467 1 60 448 129 494 1 158 504 212 604 1 259 445 405 521
United_States_005262.jpg,2 423 572 620 594
United_States_005263.jpg,1 114 409 172 495 1 433 434 638 576 2 447 582 639 616 1 0 490 51 603
United_States_005264.jpg,1 300 451 339 542 1 0 477 47 609 2 0 405 488 483
United_States_005265.jpg,1 331 445 551 628
United_States_005266.jpg,1 281 470 351 640
United_States_005267.jpg,2 78 460 356 514
United_States_005268.jpg,3 0 381 203 625 3 301 475 443 555 1 150 533 204 640 2 155 438 337 470 1 503 420 639 523 1 365 552 429 640
United_States_005269.jpg,2 0 466 142 488
United_States_005270.jpg,
United_States_005271.jpg,1 357 405 557 629 3 0 399 354 639 1 458 421 632 525 3 1 397 564 639
United_States_005272.jpg,1 0 455 174 581
United_States_005273.jpg,2 265 450 616 495 2 90 428 381 455
United_States_005274.jpg,1 57 539 168 622 1 189 384 228 450 2 0 575 79 601
United_States_005275.jpg,2 375 501 573 548 2 267 557 407 579 2 263 500 573 581
United_States_005276.jpg,2 381 515 505 541
United_States_005277.jpg,3 249 371 638 575 2 53 575 174 614 2 21 575 173 620
United_States_005278.jpg,1 290 495 405 591 1 184 536 204 608 1 78 522 142 639 2 229 517 315 536 2 0 543 117 565 3 184 456 240 505
United_States_005279.jpg,1 513 498 635 625
United_States_005280.jpg,1 131 430 226 556 1 396 441 548 638 1 251 380 280 423
United_States_005281.jpg,1 81 436 173 639
United_States_005282.jpg,1 399 401 597 635
United_States_005283.jpg,
United_States_005284.jpg,1 65 472 161 639 2 3 475 518 553 1 0 471 76 551
United_States_005285.jpg,1 304 453 389 572 1 33 471 149 586 1 221 466 277 640
United_States_005286.jpg,1 255 392 291 534 1 263 542 293 639 2 141 517 252 556
United_States_005287.jpg,2 266 467 638 545
United_States_005288.jpg,1 46 411 224 623 1 280 410 382 639
United_States_005289.jpg,3 447 493 548 640 3 0 390 358 621
United_States_005290.jpg,1 452 472 538 539 1 197 382 226 546 1 367 432 398 479
United_States_005291.jpg,1 69 389 204 638
United_States_005292.jpg,2 5 476 236 542
United_States_005293.jpg,1 482 503 635 621 1 352 476 407 562
United_States_005294.jpg,3 159 400 351 555
United_States_005295.jpg,1 510 390 599 434 2 112 573 431 608 2 0 570 501 614 3 0 450 122 624
United_States_005296.jpg,1 255 422 295 552 1 434 381 492 421 2 481 422 599 439 2 183 552 317 576 3 343 404 459 639 2 537 458 639 478 1 542 471 639 544 3 343 403 454 564
United_States_005297.jpg,2 441 560 591 585 1 366 460 448 582 1 372 470 431 565
United_States_005298.jpg,
United_States_005299.jpg,1 197 390 265 483 2 201 450 407 485 2 73 452 407 487 1 0 418 115 507
United_States_005300.jpg,1 268 571 305 639 2 55 442 186 463
United_States_005301.jpg,
United_States_005302.jpg,1 315 435 428 584
United_States_005303.jpg,2 43 529 275 620 1 22 437 82 612 1 424 510 556 639 1 230 452 256 534 2 110 393 286 419
United_States_005304.jpg,1 192 476 248 640
United_States_005305.jpg,1 278 446 334 637 1 0 458 101 584 1 277 450 307 537 2 0 560 149 595 1 77 409 190 574
United_States_005306.jpg,3 315 389 469 565 1 446 394 639 499 3 0 410 169 613 2 120 519 201 536 2 143 442 232 457
United_States_005307.jpg,1 223 394 288 525 1 414 422 639 556 1 0 437 76 611 3 0 438 78 608
United_States_005308.jpg,2 0 462 222 492 1 214 383 240 550
United_States_005309.jpg,1 140 416 230 640 1 201 414 231 539 1 252 458 281 544
United_States_005310.jpg,1 476 379 589 519 1 474 464 577 623
United_States_005311.jpg,1 220 452 244 554 2 276 500 503 560 1 123 388 181 440 3 278 499 511 569
United_States_005312.jpg,3 0 414 357 634
United_States_005313.jpg,1 442 401 634 626 1 84 485 218 636 2 21 471 209 499 2 530 493 640 512 2 15 470 291 502
United_States_005314.jpg,1 382 465 417 548
United_States_005315.jpg,1 106 452 216 609 1 394 441 484 568 2 241 443 396 467 2 189 441 397 470 1 109 536 159 609 1 439 437 585 491 2 439 436 585 491
United_States_005316.jpg,1 0 427 152 580
United_States_005317.jpg,1 0 356 245 526 1 139 359 296 639
United_States_005318.jpg,1 129 491 215 639
United_States_005319.jpg,1 182 402 274 556 1 110 396 277 637
United_States_005320.jpg,2 412 519 609 549 1 354 438 407 550
United_States_005321.jpg,2 145 434 343 467 1 240 407 273 640 2 62 559 252 627
United_States_005322.jpg,2 0 483 548 538 2 108 488 510 536
United_States_005323.jpg,2 0 551 207 595 1 202 455 244 558 1 369 464 404 549 1 449 469 604 617 1 518 431 640 508 1 172 450 245 636
United_States_005324.jpg,1 204 433 269 564 1 399 451 535 637 1 355 398 536 636
United_States_005325.jpg,1 44 546 113 623
United_States_005326.jpg,1 314 432 365 530 1 394 385 496 440
United_States_005327.jpg,4 123 519 157 547
United_States_005328.jpg,1 257 363 307 553 2 292 499 529 554 2 285 461 449 505 2 0 547 237 583
United_States_005329.jpg,1 362 417 381 462 2 314 493 463 517 2 272 403 408 426 2 58 591 110 622
United_States_005330.jpg,1 351 480 456 640 3 352 481 458 640
United_States_005331.jpg,1 1 503 99 621 3 248 422 441 639
United_States_005332.jpg,1 398 515 467 598 1 104 387 210 554 1 302 414 378 570
United_States_005333.jpg,1 60 457 182 624
United_States_005334.jpg,2 303 409 575 448 1 58 416 151 473
United_States_005335.jpg,1 358 486 498 640 1 0 391 128 606 1 367 462 411 493 2 0 423 399 479
United_States_005336.jpg,1 348 408 595 639 1 465 447 610 527 2 0 553 123 580 1 284 370 303 411
United_States_005337.jpg,1 362 506 417 594
United_States_005338.jpg,3 178 393 356 639 1 83 381 151 525
United_States_005339.jpg,1 386 546 499 639 2 254 539 398 565 2 10 449 240 476
United_States_005340.jpg,1 530 507 639 621 1 190 415 221 503 2 336 508 456 535 1 0 528 64 614 1 80 407 133 550
United_States_005341.jpg,1 351 440 531 633 2 366 443 525 466
United_States_005342.jpg,1 178 429 207 552
United_States_005343.jpg,1 376 471 493 640 1 245 521 297 639
United_States_005344.jpg,2 1 454 211 487 2 18 462 191 487 2 0 445 551 488 2 2 452 292 487
United_States_005345.jpg,3 1 400 238 539
United_States_005346.jpg,1 140 435 164 479 1 232 404 246 434
United_States_005347.jpg,1 340 412 558 639 1 208 390 253 569 2 0 572 146 601 1 303 400 325 433 2 31 485 182 505
United_States_005348.jpg,2 52 563 203 613 2 80 434 409 559 1 78 432 403 558
United_States_005349.jpg,1 1 376 221 562
United_States_005350.jpg,1 148 391 227 570
United_States_005351.jpg,1 122 421 241 639
United_States_005352.jpg,1 411 437 467 483 1 420 510 522 639 1 202 400 242 496
United_States_005353.jpg,1 345 457 410 583 2 138 571 639 639 1 66 539 129 639
United_States_005354.jpg,2 0 428 334 497
United_States_005355.jpg,1 35 400 125 546
United_States_005356.jpg,1 222 476 262 640 1 305 486 327 535
United_States_005357.jpg,2 0 433 477 510 1 55 493 89 545 1 146 358 212 639 1 87 519 120 558 1 185 362 212 469 1 51 515 122 618 1 322 497 422 637 1 267 462 286 511
United_States_005358.jpg,1 43 445 129 607 2 270 444 406 480 2 0 512 89 532
United_States_005359.jpg,1 274 511 306 556 1 127 408 153 521 1 272 471 319 515
United_States_005360.jpg,1 251 512 307 579
United_States_005361.jpg,3 0 409 242 631 1 419 417 638 609 2 530 493 640 516 1 347 438 371 471
United_States_005362.jpg,2 326 516 482 571 2 580 600 640 623
United_States_005363.jpg,1 103 401 220 639 1 377 441 543 639 1 228 542 295 639 3 385 443 551 639
United_States_005364.jpg,1 22 442 118 621 2 103 429 294 474
United_States_005365.jpg,1 405 486 507 614 2 294 494 390 533
United_States_005366.jpg,
United_States_005367.jpg,3 0 366 254 595 1 273 540 322 639
United_States_005368.jpg,1 72 434 162 640 1 271 470 289 522 2 170 449 380 487 2 0 483 129 507
United_States_005369.jpg,1 406 454 589 633
United_States_005370.jpg,1 400 466 639 616 1 212 414 280 496 1 321 517 374 615 1 214 417 375 610
United_States_005371.jpg,1 176 513 224 550 1 307 452 341 538 1 267 506 341 543
United_States_005372.jpg,1 206 499 228 530 1 289 525 327 640 1 127 577 190 639 1 289 528 344 640
United_States_005373.jpg,1 156 378 189 468 2 113 457 214 480
United_States_005374.jpg,1 390 434 591 637 1 52 408 200 637 2 344 489 445 512
United_States_005375.jpg,3 3 385 374 639
United_States_005376.jpg,1 54 514 110 584 1 0 451 92 563 1 212 485 254 640
United_States_005377.jpg,1 319 402 553 639 2 0 466 81 483
United_States_005378.jpg,1 342 484 424 580 1 267 390 314 454 1 240 457 264 519 2 0 480 356 564 2 413 534 523 582
United_States_005379.jpg,1 320 432 497 639 1 235 421 277 557 1 101 464 151 551
United_States_005380.jpg,2 484 547 628 609 2 410 545 504 599 2 92 500 144 519
United_States_005381.jpg,3 323 406 530 639
United_States_005382.jpg,1 297 561 343 640
United_States_005383.jpg,1 77 524 128 558 2 0 592 78 610 1 333 461 351 510
United_States_005384.jpg,1 88 380 170 488 2 343 513 428 536 2 0 542 117 595
United_States_005385.jpg,1 91 416 235 638 2 96 406 236 429 2 67 407 237 432
United_States_005386.jpg,1 325 520 385 609 1 179 512 196 556 1 381 518 473 582 2 190 553 265 570 1 248 504 304 640 1 324 520 416 639
United_States_005387.jpg,1 272 514 302 639 2 526 516 637 543 2 97 504 270 531 2 97 509 202 530
United_States_005388.jpg,1 410 455 577 594 1 174 455 207 575 1 301 416 426 638
United_States_005389.jpg,1 0 400 159 616 1 0 378 142 489
United_States_005390.jpg,1 15 456 82 524 2 265 493 315 506
United_States_005391.jpg,1 0 379 181 623 1 372 470 541 629
United_States_005392.jpg,1 169 439 199 484 1 109 494 206 639 2 194 412 388 432 1 175 496 206 555
United_States_005393.jpg,1 263 373 301 450 2 138 467 284 488 1 0 442 107 542 1 0 443 106 587
United_States_005394.jpg,1 151 377 199 583 2 231 443 287 457
United_States_005395.jpg,1 395 395 421 466 1 458 469 561 588 2 192 494 519 565 2 230 462 332 481 2 527 521 640 545
United_States_005396.jpg,3 0 474 244 629
United_States_005397.jpg,1 306 401 395 638
United_States_005398.jpg,
United_States_005399.jpg,1 81 556 152 631 2 64 429 439 452 2 472 441 640 462
United_States_005400.jpg,1 7 407 184 621 1 2 504 89 622 1 226 392 260 550
United_States_005401.jpg,
United_States_005402.jpg,2 130 552 378 638 1 28 512 110 620 3 25 493 122 620
United_States_005403.jpg,2 484 578 640 627 1 382 590 414 640
United_States_005404.jpg,1 107 451 129 500 1 108 397 148 503
United_States_005405.jpg,2 402 570 514 595 2 0 558 200 588 1 444 487 528 572
United_States_005406.jpg,2 313 435 486 489 2 101 435 487 526 2 125 501 238 521
United_States_005407.jpg,1 249 399 366 631 1 84 512 130 603 1 347 420 555 636
United_States_005408.jpg,2 58 555 267 629 2 0 486 145 510
United_States_005409.jpg,1 318 386 405 483 1 301 450 395 640 1 126 374 238 634
United_States_005410.jpg,2 0 502 232 549
United_States_005411.jpg,1 40 553 77 622
United_States_005412.jpg,
United_States_005413.jpg,1 176 497 214 590 1 59 489 139 640
United_States_005414.jpg,1 54 434 171 615 1 297 485 321 536 1 424 475 465 548 1 343 426 399 487
United_States_005415.jpg,1 22 459 109 519 2 285 589 446 620
United_States_005416.jpg,2 227 590 327 608 1 322 485 336 512
United_States_005417.jpg,2 159 488 383 530 2 10 482 385 531
United_States_005418.jpg,1 224 391 253 504
United_States_005419.jpg,3 328 412 574 639 1 251 442 304 639 2 0 477 124 501 1 105 407 232 638 3 18 367 238 638 2 0 529 149 568
United_States_005420.jpg,1 117 438 204 567 1 225 376 275 549 1 0 389 142 474 1 358 408 435 504 1 355 407 504 552 1 112 559 165 639 2 178 470 234 482
United_States_005421.jpg,2 359 614 551 639
United_States_005422.jpg,3 268 425 483 640 1 85 418 149 596
United_States_005423.jpg,1 359 500 408 587
United_States_005424.jpg,2 255 586 388 630
United_States_005425.jpg,1 382 570 425 639
United_States_005426.jpg,1 14 442 165 621 1 211 394 240 464 1 294 419 310 459 2 506 593 575 639
United_States_005427.jpg,1 74 455 197 589 2 210 571 385 606 3 71 453 196 590 1 220 382 256 546
United_States_005428.jpg,3 0 412 295 564
United_States_005429.jpg,1 208 386 241 468 1 270 382 321 639 2 2 490 286 523
United_States_005430.jpg,2 0 492 564 592 1 255 547 285 640
United_States_005431.jpg,1 84 439 203 579 4 200 498 252 523
United_States_005432.jpg,3 19 400 483 640
United_States_005433.jpg,1 46 461 124 618
United_States_005434.jpg,1 458 426 536 499 1 531 423 639 479
United_States_005435.jpg,1 345 429 378 474 1 311 401 380 475 2 302 457 556 487 1 121 467 183 591
United_States_005436.jpg,1 463 452 612 531 1 8 382 180 619 1 210 372 242 640 2 0 553 225 584
United_States_005437.jpg,1 115 582 162 639 3 106 485 270 639 1 360 527 399 640 1 354 499 400 640
United_States_005438.jpg,3 10 414 190 637 1 231 398 293 639 1 342 436 377 470 1 344 435 407 556
United_States_005439.jpg,1 455 525 494 580 1 44 571 88 622 2 0 490 92 518 1 396 380 452 427 1 501 441 639 544 1 502 440 639 603
United_States_005440.jpg,2 376 470 558 499 2 374 467 612 498
United_States_005441.jpg,1 49 477 110 547
United_States_005442.jpg,
United_States_005443.jpg,1 477 480 620 627 1 362 471 391 566 1 463 384 622 476 2 54 507 187 526 2 288 434 625 488
United_States_005444.jpg,2 0 486 119 510
United_States_005445.jpg,1 370 516 432 617 1 268 479 329 640 1 438 489 638 639 1 442 520 579 639 3 366 499 628 639
United_States_005446.jpg,1 297 397 419 568 2 237 455 352 490 2 302 540 588 604 1 190 440 214 533 2 551 571 640 596 1 276 490 323 640 2 0 540 180 602 1 0 498 52 576 1 117 563 178 639
United_States_005447.jpg,1 556 505 639 615 2 145 409 255 425 1 309 460 361 639 1 309 461 349 551 2 479 555 640 585 2 335 501 443 526
United_States_005448.jpg,1 270 505 295 551 1 386 506 614 639
United_States_005449.jpg,2 399 510 605 562 1 339 464 394 558
United_States_005450.jpg,1 215 528 282 639
United_States_005451.jpg,1 191 379 238 540 1 19 485 91 564 1 365 427 443 510
United_States_005452.jpg,1 383 506 525 639 2 18 447 313 516 2 540 549 616 608 1 334 395 480 491 2 57 574 237 622 1 493 503 617 560 1 250 411 283 456 3 273 390 531 639
United_States_005453.jpg,1 349 484 468 640 1 229 463 261 553 2 263 495 361 512
United_States_005454.jpg,2 0 469 599 530 1 262 534 297 640 1 26 439 97 503
United_States_005455.jpg,1 160 403 248 640 1 283 423 344 537 1 342 389 639 628 3 334 399 640 628
United_States_005456.jpg,2 289 445 435 467
United_States_005457.jpg,2 130 487 455 552 1 329 563 358 640
United_States_005458.jpg,1 307 435 411 640
United_States_005459.jpg,1 319 395 566 537
United_States_005460.jpg,3 88 413 265 636 1 346 458 404 639 2 6 445 227 467
United_States_005461.jpg,1 0 438 124 534
United_States_005462.jpg,1 53 489 143 623 1 326 548 382 639
United_States_005463.jpg,2 0 435 296 487
United_States_005464.jpg,1 460 510 594 623 1 326 396 375 437
United_States_005465.jpg,2 439 440 639 464
United_States_005466.jpg,4 78 440 147 471 4 76 483 112 506
United_States_005467.jpg,1 299 417 361 639 2 299 394 443 416
United_States_005468.jpg,1 12 412 125 535 2 0 530 92 575
United_States_005469.jpg,1 121 376 182 470 1 218 353 263 448 2 47 455 482 608 1 295 529 372 640 1 212 441 242 563 1 335 375 565 484
United_States_005470.jpg,1 60 378 205 639 2 146 470 311 515
United_States_005471.jpg,1 482 526 516 608 1 461 459 513 517
United_States_005472.jpg,1 125 482 155 581
United_States_005473.jpg,1 384 451 431 498
United_States_005474.jpg,1 0 410 170 605 1 26 413 170 549
United_States_005475.jpg,1 0 537 57 622 1 285 425 374 615
United_States_005476.jpg,1 325 490 387 639 1 161 550 194 640 1 277 373 305 437 2 5 440 441 544 2 52 464 271 522
United_States_005477.jpg,1 11 396 89 620
United_States_005478.jpg,1 184 378 256 466 1 314 412 328 440
United_States_005479.jpg,2 455 466 610 486 2 7 446 369 479
United_States_005480.jpg,1 365 427 448 505
United_States_005481.jpg,2 292 569 442 619
United_States_005482.jpg,1 98 421 185 575 2 0 509 104 532
United_States_005483.jpg,2 241 481 360 502 2 281 411 399 430 1 391 408 541 638 2 332 444 525 467
United_States_005484.jpg,1 433 439 489 545 1 430 427 580 625
United_States_005485.jpg,1 304 458 376 598 2 0 517 302 571 2 187 520 302 549
United_States_005486.jpg,1 131 479 164 546 1 196 370 220 463 1 272 541 336 639 2 355 490 488 543
United_States_005487.jpg,1 322 416 516 639 2 483 542 639 617 2 284 521 397 547 1 99 430 174 526 1 65 529 132 639 1 168 528 225 639 1 168 420 242 640
United_States_005488.jpg,1 327 381 395 544 2 9 490 140 513 2 508 460 640 485 1 322 563 404 639 1 448 428 636 575 2 501 566 617 600
United_States_005489.jpg,2 324 461 473 494 1 251 368 435 639 4 78 533 110 556
United_States_005490.jpg,2 191 403 334 435 1 549 515 639 620 2 549 510 639 619
United_States_005491.jpg,1 117 388 258 527 2 0 567 139 593
United_States_005492.jpg,1 276 430 310 497 2 136 526 373 583 3 36 439 201 623 1 451 438 512 480 1 348 467 473 639 2 452 449 638 500 2 500 450 639 479
United_States_005493.jpg,3 167 481 348 640 1 380 563 447 640
United_States_005494.jpg,1 371 408 498 530 1 184 399 258 640 2 360 526 516 565 2 0 469 216 499 1 580 470 639 560
United_States_005495.jpg,3 0 360 389 639 2 351 461 454 478 2 344 424 424 439
United_States_005496.jpg,1 73 473 137 571 1 322 412 472 638
United_States_005497.jpg,2 457 474 562 498 1 460 420 529 468 2 107 469 271 496 1 563 439 640 498
United_States_005498.jpg,1 240 385 266 440 1 99 492 162 577
United_States_005499.jpg,1 115 407 140 473 1 52 478 77 511 1 103 513 125 571
United_States_005500.jpg,1 21 527 145 620
United_States_005501.jpg,1 389 417 593 639 1 128 386 255 639 1 312 387 416 638 1 268 442 294 515 2 97 401 241 424
United_States_005502.jpg,1 156 424 207 541
United_States_005503.jpg,1 329 429 375 485 1 302 479 333 518 2 452 496 582 524 2 556 509 623 526
United_States_005504.jpg,1 353 481 373 536
United_States_005505.jpg,1 354 490 453 640 1 497 505 638 625 2 0 463 451 520 2 1 484 370 522
United_States_005506.jpg,1 287 431 478 639 3 15 420 137 623
United_States_005507.jpg,1 375 482 596 637 1 185 582 209 640
United_States_005508.jpg,2 144 454 375 479
United_States_005509.jpg,2 98 501 317 540
United_States_005510.jpg,2 0 504 126 530 2 383 502 505 521 1 427 393 639 587
United_States_005511.jpg,2 490 531 545 546 1 354 499 391 587 2 245 422 363 441
United_States_005512.jpg,3 223 423 313 640 1 325 366 348 419 1 576 476 639 555 1 371 490 451 640 1 283 370 303 425
United_States_005513.jpg,1 62 435 189 622 2 263 524 449 552 3 222 399 360 468 1 403 496 424 547 1 398 495 528 639
United_States_005514.jpg,1 80 468 208 630
United_States_005515.jpg,1 207 432 234 524 1 380 487 459 606 2 34 508 380 544 2 34 508 285 539 2 40 508 210 530
United_States_005516.jpg,1 193 507 252 640 1 193 465 259 640
United_States_005517.jpg,1 79 486 135 600 1 365 494 423 579 1 65 483 134 622 2 0 427 361 502 1 363 494 465 624 1 204 398 233 451
United_States_005518.jpg,1 236 507 263 612 1 157 530 180 585
United_States_005519.jpg,3 372 500 456 640
United_States_005520.jpg,2 121 426 411 457 3 447 444 637 625 1 0 519 46 615
United_States_005521.jpg,3 364 402 637 616 1 125 433 153 513 1 38 525 85 624 2 0 493 234 533
United_States_005522.jpg,1 123 495 166 566 1 235 409 264 639 1 242 411 264 544 2 10 466 201 487 1 345 406 552 634
United_States_005523.jpg,1 329 414 561 638
United_States_005524.jpg,
United_States_005525.jpg,1 185 382 269 550 1 504 518 542 564
United_States_005526.jpg,1 26 377 168 451 1 190 430 256 545 1 0 456 80 525 1 311 382 359 542 2 377 528 496 551 1 310 386 395 638 1 129 426 258 638 4 321 419 341 440 2 341 426 436 442
United_States_005527.jpg,1 492 545 571 636 2 436 433 629 464 2 494 516 639 554 1 288 421 313 561 2 0 478 298 510 2 114 479 293 505 2 492 498 640 554
United_States_005528.jpg,1 23 517 96 609 1 220 480 243 544 1 219 478 314 640
United_States_005529.jpg,2 243 534 378 556 1 123 521 232 639
United_States_005530.jpg,2 455 486 555 515
United_States_005531.jpg,
United_States_005532.jpg,1 218 482 292 639
United_States_005533.jpg,1 9 434 109 493
United_States_005534.jpg,1 307 501 352 554 1 331 395 573 638 1 471 500 547 566 1 160 423 206 523 2 0 542 127 580 1 361 375 436 420
United_States_005535.jpg,1 65 408 147 638 2 353 541 474 600 1 72 517 110 640
United_States_005536.jpg,1 282 412 597 639
United_States_005537.jpg,2 83 526 309 592 2 0 534 206 561
United_States_005538.jpg,1 149 428 199 494 2 192 494 537 537 1 329 478 354 521 1 405 514 507 638
United_States_005539.jpg,1 115 404 235 635
United_States_005540.jpg,1 279 458 318 621 2 112 442 472 468 2 348 445 457 462
United_States_005541.jpg,1 161 406 306 639
United_States_005542.jpg,1 314 507 351 640 1 213 488 277 640 1 0 497 132 597 2 349 613 456 639 1 80 472 232 628 1 314 506 370 640
United_States_005543.jpg,2 371 505 516 541 2 0 461 172 499 2 68 413 445 436 1 81 537 149 639 2 173 500 522 568 1 344 371 384 402 1 545 488 640 626 2 303 504 524 569 2 575 584 640 627
United_States_005544.jpg,1 136 434 178 579
United_States_005545.jpg,1 198 431 236 553 2 125 549 229 591
United_States_005546.jpg,3 23 383 449 624
United_States_005547.jpg,1 364 417 455 579 2 441 518 577 539 2 135 463 354 488 1 259 478 285 554 2 136 465 280 485 4 127 604 157 630
United_States_005548.jpg,1 225 383 270 640 2 79 433 231 455 1 142 399 172 459
United_States_005549.jpg,1 14 403 210 621
United_States_005550.jpg,1 224 378 288 556
United_States_005551.jpg,1 241 498 279 639
United_States_005552.jpg,1 115 426 164 554
United_States_005553.jpg,1 73 491 117 596
United_States_005554.jpg,2 290 456 544 526 2 58 565 205 589 2 146 452 254 468 1 374 507 414 559
United_States_005555.jpg,2 367 532 432 567 1 86 433 138 571
United_States_005556.jpg,1 328 536 390 610 2 287 469 509 558 1 196 389 298 639 2 482 477 580 506 1 196 386 259 561 2 21 457 137 475
United_States_005557.jpg,1 311 440 429 640 1 480 445 636 524 2 49 456 318 489 1 545 535 639 617 2 130 393 305 422
United_States_005558.jpg,2 240 418 367 441 1 143 413 166 493 2 0 471 242 516 2 384 490 484 521 1 116 511 141 592 2 0 406 167 434 1 376 511 405 590 2 0 470 483 519 1 117 404 167 591
United_States_005559.jpg,1 199 408 325 555 1 82 411 107 468
United_States_005560.jpg,1 103 428 162 578
United_States_005561.jpg,3 186 383 411 540 3 137 384 413 606
United_States_005562.jpg,3 185 403 319 566 2 2 549 196 578 1 383 435 469 639
United_States_005563.jpg,3 136 453 261 543 2 500 578 640 608 2 234 506 414 535
United_States_005564.jpg,1 167 434 223 639 1 342 398 573 638 1 384 453 574 638
United_States_005565.jpg,2 399 537 640 584
United_States_005566.jpg,1 385 403 574 617 2 319 444 420 463 2 31 466 273 495 3 386 404 581 624 2 0 468 273 502
United_States_005567.jpg,3 325 399 640 638
United_States_005568.jpg,1 47 410 167 622 2 160 434 274 453 2 0 411 154 432
United_States_005569.jpg,1 491 482 578 553 1 227 378 256 485
United_States_005570.jpg,1 76 411 157 583 1 228 458 262 545 1 220 404 262 545
United_States_005571.jpg,3 261 408 388 640 1 434 476 597 629 1 56 560 101 625
United_States_005572.jpg,2 427 522 639 571 1 405 415 528 526 4 62 380 99 402
United_States_005573.jpg,3 0 399 151 625 2 423 502 535 530
United_States_005574.jpg,1 75 445 181 638 1 203 409 243 453 1 245 466 292 639 1 0 409 145 601
United_States_005575.jpg,1 0 430 177 614 1 242 359 299 499 2 385 495 597 523 2 115 481 279 512
United_States_005576.jpg,3 503 519 640 625
United_States_005577.jpg,3 352 433 436 525 1 507 473 594 539
United_States_005578.jpg,1 115 382 173 639 2 0 402 280 443 1 137 420 170 560
United_States_005579.jpg,1 13 518 96 622 2 292 553 528 639
United_States_005580.jpg,1 11 520 87 618 1 178 412 228 617
United_States_005581.jpg,1 394 564 417 615 1 359 508 416 613
United_States_005582.jpg,1 59 457 194 631
United_States_005583.jpg,2 147 465 397 501
United_States_005584.jpg,1 85 552 165 639 1 286 480 326 640
United_States_005585.jpg,1 268 426 343 640 1 538 572 599 625
United_States_005586.jpg,1 405 537 583 640 1 247 553 294 639 1 247 553 313 640
United_States_005587.jpg,1 359 450 454 638 1 184 418 272 639 2 90 526 196 563 1 136 422 271 639
United_States_005588.jpg,3 313 435 505 640
United_States_005589.jpg,1 303 459 361 575
United_States_005590.jpg,1 239 399 270 639 2 323 426 541 446
United_States_005591.jpg,1 381 550 437 639 1 189 516 206 555
United_States_005592.jpg,1 271 412 354 540
United_States_005593.jpg,3 251 401 444 637 1 86 402 202 638
United_States_005594.jpg,1 21 546 110 622 1 77 416 142 498 1 255 489 291 558 1 254 487 350 639
United_States_005595.jpg,1 507 509 604 575
United_States_005596.jpg,2 37 598 525 639
United_States_005597.jpg,1 496 511 598 619 2 0 444 326 491 1 363 507 379 543 2 3 443 582 495 2 294 399 370 414 1 480 569 516 611
United_States_005598.jpg,1 217 548 256 640 2 2 528 222 578 2 252 506 337 522
United_States_005599.jpg,2 0 521 170 552 2 41 543 364 617 1 173 453 217 574 1 170 453 219 640 2 37 427 190 450 2 1 427 194 453
United_States_005600.jpg,2 0 561 99 593 1 282 392 539 638 1 281 391 485 585
United_States_005601.jpg,1 248 487 275 549 1 184 594 223 639
United_States_005602.jpg,3 226 390 501 639
United_States_005603.jpg,
United_States_005604.jpg,1 374 499 421 572 1 135 485 208 637
United_States_005605.jpg,1 75 501 125 594 1 431 490 580 636 1 8 451 56 492 1 301 443 412 590 2 329 460 520 496
United_States_005606.jpg,3 0 399 182 609 2 303 465 412 486 4 43 417 71 433
United_States_005607.jpg,1 312 396 606 635
United_States_005608.jpg,3 5 387 454 638 2 0 457 178 493 2 7 512 183 578
United_States_005609.jpg,
United_States_005610.jpg,1 288 425 313 505 1 5 392 130 470 1 110 401 222 638 1 135 385 189 438 1 303 548 336 639 2 9 460 193 485 1 68 479 116 528
United_States_005611.jpg,1 57 450 106 495 1 96 397 232 639 1 308 444 395 558 1 0 453 46 490
United_States_005612.jpg,1 44 515 88 608 2 2 447 204 487
United_States_005613.jpg,1 4 547 49 613
United_States_005614.jpg,1 14 483 188 615
United_States_005615.jpg,1 234 530 283 639
United_States_005616.jpg,1 108 465 134 572 1 0 567 26 618
United_States_005617.jpg,1 350 549 413 640 2 567 536 640 569 2 0 482 350 520 2 0 469 579 543 2 0 471 491 521
United_States_005618.jpg,1 40 509 114 620 1 204 517 250 640 1 40 553 78 621
United_States_005619.jpg,1 304 399 336 452
United_States_005620.jpg,2 89 588 180 639
United_States_005621.jpg,1 221 506 257 639
United_States_005622.jpg,1 147 457 253 639 1 189 469 249 586
United_States_005623.jpg,2 76 554 155 618 2 149 463 625 510 2 213 477 620 512 1 415 556 453 640
United_States_005624.jpg,1 58 494 155 638 1 2 420 121 512 2 0 505 102 527 1 56 421 121 475
United_States_005625.jpg,2 66 532 301 568 2 72 532 402 567
United_States_005626.jpg,2 420 482 541 578 1 419 482 540 579 1 375 366 639 494 2 114 545 391 639 2 437 440 491 459 1 370 367 538 444
United_States_005627.jpg,1 332 484 358 556
United_States_005628.jpg,1 118 492 181 640
United_States_005629.jpg,2 103 511 288 542 2 417 537 639 567
United_States_005630.jpg,1 241 496 263 588 3 17 403 190 635 2 176 499 256 521 1 17 401 188 633 1 149 398 185 475 1 190 451 208 486
United_States_005631.jpg,1 79 498 184 636 1 392 495 550 602 2 394 495 550 603 1 18 467 88 534
United_States_005632.jpg,3 271 372 440 448 3 346 377 432 446
United_States_005633.jpg,1 238 521 295 640 2 130 590 245 611 2 17 583 246 612 4 436 576 454 589
United_States_005634.jpg,2 207 532 332 563 1 165 413 226 639 2 128 532 334 587
United_States_005635.jpg,2 390 437 637 466
United_States_005636.jpg,1 239 406 306 640 2 244 392 501 413 2 247 391 364 408
United_States_005637.jpg,1 154 440 198 639 1 438 515 584 639 3 284 436 470 601
United_States_005638.jpg,2 12 459 250 483 4 285 467 321 488 2 15 460 179 480
United_States_005639.jpg,1 322 395 545 636 1 290 501 374 640 1 159 418 242 563
United_States_005640.jpg,2 58 436 387 496
United_States_005641.jpg,3 44 403 548 640 1 115 409 247 638
United_States_005642.jpg,3 94 377 637 639
United_States_005643.jpg,1 101 471 222 639 2 219 390 367 416
United_States_005644.jpg,2 384 600 582 635 3 98 407 406 639 1 100 411 333 626 2 149 471 222 514 2 124 613 303 640
United_States_005645.jpg,1 82 451 111 496 1 6 521 84 618 1 56 414 78 447
United_States_005646.jpg,1 209 484 238 557 2 464 594 616 622 2 325 618 383 636 1 302 552 332 638 1 285 480 332 639
United_States_005647.jpg,2 331 461 441 476 1 110 494 164 547 1 398 515 464 637
United_States_005648.jpg,
United_States_005649.jpg,2 239 536 399 559 1 194 467 274 639
United_States_005650.jpg,1 0 463 139 623 2 78 568 338 617 2 13 425 261 449 1 166 385 201 557
United_States_005651.jpg,1 303 385 339 495 2 165 426 428 451 3 421 419 638 621 1 302 387 338 535
United_States_005652.jpg,2 377 538 636 570 2 357 542 596 581
United_States_005653.jpg,2 507 521 640 581 1 251 475 314 640 3 2 383 319 586
United_States_005654.jpg,2 0 448 431 540 1 188 370 262 480
United_States_005655.jpg,1 437 396 639 518 2 370 512 540 556 1 398 415 475 469 3 5 393 540 640 1 399 413 536 519 3 1 413 297 638 1 414 386 640 545
United_States_005656.jpg,1 284 404 416 638 2 326 466 513 496 2 0 553 236 600 1 49 470 183 614
United_States_005657.jpg,1 306 370 335 446 1 248 435 299 640
United_States_005658.jpg,1 242 551 285 639 1 215 552 284 640
United_States_005659.jpg,1 319 431 512 638 1 92 530 153 639
United_States_005660.jpg,1 122 489 208 640 1 269 474 353 546
United_States_005661.jpg,1 86 429 143 599 1 235 426 306 549
United_States_005662.jpg,1 31 477 158 612 3 189 396 628 640 1 90 391 194 455 1 229 406 295 639
United_States_005663.jpg,2 17 459 292 498 1 93 480 121 518
United_States_005664.jpg,1 275 444 342 548 1 185 393 210 452 2 322 469 544 501
United_States_005665.jpg,1 425 478 627 621
United_States_005666.jpg,1 363 376 637 556 1 367 374 639 629 3 405 458 594 639 1 405 458 590 639 3 110 386 630 639 3 112 390 362 638
United_States_005667.jpg,2 1 480 236 556
United_States_005668.jpg,2 4 437 203 482
United_States_005669.jpg,1 358 382 399 419
United_States_005670.jpg,1 45 444 125 622
United_States_005671.jpg,1 81 533 108 577 1 130 388 215 544
United_States_005672.jpg,2 307 467 423 507
United_States_005673.jpg,1 143 419 206 593 2 0 485 321 560
United_States_005674.jpg,1 474 484 640 612 1 289 435 360 509 1 220 462 253 543 2 254 479 446 548 2 0 527 90 547
United_States_005675.jpg,1 0 509 109 593 1 62 560 147 640
United_States_005676.jpg,3 361 450 637 569 1 263 540 354 639 3 252 449 638 598
United_States_005677.jpg,1 464 516 594 638 1 358 521 415 639 1 168 480 274 639 2 406 610 547 634
United_States_005678.jpg,1 61 473 134 639 1 463 524 588 639
United_States_005679.jpg,3 1 387 287 637 1 418 412 639 598 1 343 404 458 554 2 474 431 621 459
United_States_005680.jpg,2 77 448 418 504
United_States_005681.jpg,1 179 383 249 573
United_States_005682.jpg,1 262 397 286 456
United_States_005683.jpg,2 20 482 509 561 1 491 445 573 496 1 216 403 257 541
United_States_005684.jpg,2 72 515 190 562
United_States_005685.jpg,1 295 483 339 639 1 294 430 312 476
United_States_005686.jpg,1 179 425 239 562 1 303 425 342 542 2 469 572 611 602 1 80 572 164 639 1 86 428 240 638 2 351 526 420 543
United_States_005687.jpg,1 290 392 348 507
United_States_005688.jpg,2 147 526 335 563 1 330 453 424 555 1 0 422 163 610 2 23 565 95 582
United_States_005689.jpg,1 226 441 263 533 1 302 407 528 640
United_States_005690.jpg,
United_States_005691.jpg,1 214 415 367 639 2 288 448 430 479
United_States_005692.jpg,1 53 511 130 617
United_States_005693.jpg,1 93 431 222 636
United_States_005694.jpg,1 477 458 640 572 2 214 460 485 562
United_States_005695.jpg,3 1 376 595 640 3 0 387 297 639 3 357 388 616 639
United_States_005696.jpg,2 156 526 637 607 1 202 463 244 567 2 6 506 202 530 2 298 528 637 573
United_States_005697.jpg,2 147 476 412 530 2 232 484 385 520
United_States_005698.jpg,1 366 542 452 640
United_States_005699.jpg,3 204 396 482 640
United_States_005700.jpg,1 185 455 221 557 2 8 504 426 569 1 0 399 149 604 2 6 534 351 568
United_States_005701.jpg,1 462 516 591 638 1 377 450 440 509 1 376 450 590 637 2 1 443 366 488
United_States_005702.jpg,1 0 410 151 602 1 412 452 562 564 2 374 540 605 631 1 96 412 209 638 2 375 560 562 631
United_States_005703.jpg,1 214 455 236 531 1 260 430 279 488 2 467 451 566 473 1 325 400 475 564 2 107 524 299 552
United_States_005704.jpg,1 234 469 304 640 1 327 492 346 548
United_States_005705.jpg,1 222 444 295 519
United_States_005706.jpg,1 290 439 481 639 2 343 425 466 455 1 566 567 640 624
United_States_005707.jpg,1 15 539 80 618 2 328 507 468 551 1 249 458 280 542 1 0 417 113 595
United_States_005708.jpg,1 148 387 205 479 1 274 514 294 577
United_States_005709.jpg,1 334 521 389 625 2 381 604 466 627 1 69 506 193 639
United_States_005710.jpg,1 517 544 574 637 1 200 568 257 631 1 402 439 523 640 1 297 433 332 525 2 272 503 430 536 1 1 396 184 538
United_States_005711.jpg,2 125 516 346 554
United_States_005712.jpg,3 290 487 471 640
United_States_005713.jpg,2 232 577 370 599 1 194 520 249 640 2 146 576 373 601 1 210 517 251 640 2 0 600 86 623
United_States_005714.jpg,
United_States_005715.jpg,1 1 496 155 618
United_States_005716.jpg,1 394 394 639 617 1 461 403 524 441 1 332 412 379 544 1 333 414 398 639
United_States_005717.jpg,1 151 481 264 640
United_States_005718.jpg,1 141 453 289 639 1 373 400 541 634 2 322 583 472 627 2 435 483 640 514
United_States_005719.jpg,1 431 441 638 622
United_States_005720.jpg,3 272 384 487 629 3 1 389 257 639 2 407 459 540 485 3 0 388 125 488 3 113 384 258 640
United_States_005721.jpg,1 358 535 423 640
United_States_005722.jpg,1 111 464 156 640
United_States_005723.jpg,1 455 494 544 639
United_States_005724.jpg,1 0 522 104 616 1 282 483 308 548 1 129 506 260 639 1 347 522 380 576
United_States_005725.jpg,1 203 414 313 639 1 328 370 346 428 2 72 460 220 481 2 495 473 639 504 1 377 391 524 639 3 345 399 579 639
United_States_005726.jpg,1 293 371 325 462 1 182 463 236 536 1 213 370 252 441 2 4 513 192 542 2 16 517 183 539
United_States_005727.jpg,1 65 506 136 599 2 0 469 97 491 2 125 394 407 421
United_States_005728.jpg,3 0 382 504 637
United_States_005729.jpg,1 432 500 595 623 2 298 499 436 543 1 111 377 179 632 1 298 425 351 506
United_States_005730.jpg,1 0 399 143 605
United_States_005731.jpg,1 11 479 194 618 4 404 532 426 546 3 211 484 267 527
United_States_005732.jpg,1 435 510 541 613 2 269 541 470 622 1 209 392 237 640 1 209 459 233 638
United_States_005733.jpg,1 424 553 484 630 1 247 507 311 639
United_States_005734.jpg,2 128 445 435 484
United_States_005735.jpg,1 440 466 579 621
United_States_005736.jpg,2 1 471 226 506 2 170 428 386 467
United_States_005737.jpg,2 79 505 221 536
United_States_005738.jpg,1 0 423 161 598 1 258 436 291 542 1 252 434 292 640
United_States_005739.jpg,2 113 478 289 525 1 249 430 431 637 2 0 475 292 524
United_States_005740.jpg,2 248 505 516 563 1 193 390 233 627 2 0 534 199 567
United_States_005741.jpg,3 2 379 637 638 2 0 448 91 467
United_States_005742.jpg,1 406 416 609 623 1 192 409 255 550
United_States_005743.jpg,1 94 403 169 523 2 257 449 328 465
United_States_005744.jpg,1 240 424 278 640 1 235 348 250 399 1 37 549 98 619 1 0 368 134 463
United_States_005745.jpg,1 305 433 467 639 1 173 428 216 504
United_States_005746.jpg,1 462 425 562 470
United_States_005747.jpg,3 175 381 529 638 2 510 554 638 578
United_States_005748.jpg,1 217 434 268 561 1 0 420 137 515 2 79 482 238 508
United_States_005749.jpg,1 126 380 399 639 2 177 432 314 470 1 541 437 639 617
United_States_005750.jpg,1 174 392 217 548 2 0 510 341 568 2 10 538 173 565
United_States_005751.jpg,3 0 382 422 639
United_States_005752.jpg,2 1 453 433 542 1 340 391 372 456 1 532 501 639 555
United_States_005753.jpg,2 273 485 420 527 1 180 346 205 398 1 247 483 289 600 1 0 386 127 535
United_States_005754.jpg,1 242 434 353 640
United_States_005755.jpg,1 388 557 428 640
United_States_005756.jpg,1 260 471 286 640 1 359 536 409 575
United_States_005757.jpg,2 231 411 396 445 2 387 504 431 529
United_States_005758.jpg,1 485 444 638 545 1 293 405 350 537 1 372 408 531 580 2 0 533 175 566 2 193 438 263 460
United_States_005759.jpg,1 198 375 282 638 1 304 422 397 638 1 464 422 636 550 1 400 515 562 638 1 399 380 637 551
United_States_005760.jpg,2 311 457 464 494
United_States_005761.jpg,1 280 400 341 576 2 4 522 184 593 2 543 535 600 601 1 189 503 238 576 1 543 535 600 602 2 371 411 640 433 2 304 562 506 597
United_States_005762.jpg,1 145 426 203 522 1 199 519 221 572
United_States_005763.jpg,1 400 432 467 553
United_States_005764.jpg,1 78 395 188 638 1 230 386 306 639 2 158 468 242 485 2 282 564 368 590
United_States_005765.jpg,1 223 392 299 546 3 219 389 301 545
United_States_005766.jpg,1 287 463 346 640
United_States_005767.jpg,2 207 551 423 603
United_States_005768.jpg,1 159 444 211 575 1 159 431 213 640
United_States_005769.jpg,1 107 471 163 584 2 3 442 284 486
United_States_005770.jpg,3 116 396 442 583 2 0 553 177 582 2 0 424 108 443
United_States_005771.jpg,1 367 429 431 553 1 160 466 213 588 2 195 495 263 510
United_States_005772.jpg,2 302 438 400 459
United_States_005773.jpg,2 367 543 432 572 1 366 543 432 573
United_States_005774.jpg,1 48 465 168 618 2 118 447 312 470
United_States_005775.jpg,1 294 531 326 604 3 412 523 598 640
United_States_005776.jpg,2 348 428 640 453 1 512 455 555 488
United_States_005777.jpg,1 52 420 154 621 1 213 437 242 529 1 262 463 295 634
United_States_005778.jpg,1 109 400 242 638 1 108 502 187 639
United_States_005779.jpg,2 120 494 393 545
United_States_005780.jpg,1 375 536 430 639
United_States_005781.jpg,1 0 439 69 605 1 0 438 69 552
United_States_005782.jpg,1 341 482 377 549 1 13 573 59 625 2 341 471 439 491 2 0 473 160 496
United_States_005783.jpg,2 446 534 639 568 1 352 384 394 553 1 352 381 397 638
United_States_005784.jpg,1 300 389 401 551 1 20 459 85 520 1 448 404 639 530 1 298 389 476 638 1 408 393 639 512
United_States_005785.jpg,1 287 406 426 639 1 422 451 639 622 1 230 455 260 640 1 508 529 639 624
United_States_005786.jpg,1 271 507 357 640
United_States_005787.jpg,1 384 498 549 640 1 491 523 580 584
United_States_005788.jpg,1 336 394 365 503 2 540 606 595 625 1 404 390 509 575 1 436 447 508 577
United_States_005789.jpg,3 30 422 298 638 2 272 542 429 579
United_States_005790.jpg,1 320 390 370 542 2 82 445 234 473 2 81 447 236 484
United_States_005791.jpg,1 251 418 282 565
United_States_005792.jpg,2 0 538 214 570 1 201 468 241 640
United_States_005793.jpg,2 540 492 639 513
United_States_005794.jpg,1 297 450 328 640 1 169 451 222 553 1 0 390 196 572 2 150 438 271 457 1 384 475 464 569 1 387 477 436 564
United_States_005795.jpg,1 141 420 162 502
United_States_005796.jpg,1 346 388 440 437 1 482 430 639 521 1 328 499 374 572
United_States_005797.jpg,1 238 411 261 483 2 1 470 395 519 1 124 419 166 500
United_States_005798.jpg,2 84 512 280 573
United_States_005799.jpg,2 253 562 432 605 1 186 485 275 639 2 134 580 214 596
United_States_005800.jpg,1 328 501 378 640 2 0 512 327 556
United_States_005801.jpg,2 76 507 356 560 1 0 393 200 637
United_States_005802.jpg,2 375 502 539 549 3 255 402 405 603 2 46 408 166 426 1 177 405 211 501
United_States_005803.jpg,2 236 483 396 518
United_States_005804.jpg,1 222 453 269 566 1 570 496 639 603 1 571 497 640 562
United_States_005805.jpg,1 462 438 532 514 1 362 402 417 488 1 359 547 484 640 1 304 457 435 553 1 591 556 640 624
United_States_005806.jpg,1 62 452 190 638
United_States_005807.jpg,1 398 527 480 605 1 524 554 595 596
United_States_005808.jpg,1 165 472 191 569 2 257 495 404 549 1 23 409 106 536
United_States_005809.jpg,2 0 483 381 569 1 0 451 61 554
United_States_005810.jpg,1 367 453 532 638 1 366 452 456 557
United_States_005811.jpg,2 422 547 577 572 2 3 542 163 574 2 260 453 470 484 2 196 444 472 484
United_States_005812.jpg,1 0 422 170 635 1 271 458 305 639 2 278 621 550 640 4 502 492 528 512
United_States_005813.jpg,1 278 406 391 547
United_States_005814.jpg,1 129 432 247 638
United_States_005815.jpg,2 510 577 611 600 2 360 523 457 556 2 0 560 183 592 3 186 528 297 569
United_States_005816.jpg,1 481 530 585 639
United_States_005817.jpg,1 191 401 225 572
United_States_005818.jpg,1 518 421 629 620 1 587 537 629 623
United_States_005819.jpg,1 368 476 390 533 1 468 484 611 622 2 80 446 230 470 2 32 446 247 470 1 556 567 614 625 1 181 391 278 640 1 179 508 252 640
United_States_005820.jpg,1 95 377 244 523 3 98 384 485 640 2 453 521 628 545 2 287 606 390 630
United_States_005821.jpg,1 226 507 257 638 1 273 491 316 628 1 322 494 425 640
United_States_005822.jpg,1 17 416 174 611
United_States_005823.jpg,
United_States_005824.jpg,1 256 421 291 565 2 130 418 258 436 1 254 382 292 636 2 186 480 258 496 1 253 376 290 562
United_States_005825.jpg,1 188 371 226 461
United_States_005826.jpg,1 244 453 282 535 1 330 513 386 640
United_States_005827.jpg,1 265 419 295 499 1 219 493 237 554 1 477 430 639 557 1 0 382 191 480 2 158 486 267 505 1 488 492 579 622
United_States_005828.jpg,1 295 514 397 640
United_States_005829.jpg,1 211 443 244 516 1 51 533 168 593 1 427 433 611 614 1 306 401 331 477 1 307 419 329 477
United_States_005830.jpg,2 0 538 132 563 2 46 559 261 640 2 21 429 90 444
United_States_005831.jpg,1 397 500 532 638 1 253 385 276 437 2 112 476 472 514 1 1 417 167 564 2 0 535 147 561 1 64 417 166 523
United_States_005832.jpg,1 268 400 309 442
United_States_005833.jpg,1 386 432 472 622 1 228 384 317 639 1 0 392 192 541 2 71 458 267 483 1 413 505 474 625
United_States_005834.jpg,1 134 366 238 458 2 478 539 639 569
United_States_005835.jpg,1 408 458 529 639 2 172 575 296 602 2 152 568 299 603
United_States_005836.jpg,2 210 520 348 544
United_States_005837.jpg,2 186 435 348 464 1 237 450 288 640 2 0 503 91 535 1 61 401 167 602
United_States_005838.jpg,1 221 381 243 417 2 84 407 631 531 1 124 412 206 582 1 362 411 419 457
United_States_005839.jpg,1 62 502 164 637 1 241 404 261 495 2 356 474 461 495 1 256 473 305 640
United_States_005840.jpg,1 184 379 263 502 1 410 328 441 375 1 90 335 148 369 1 487 374 529 449 2 0 508 180 542
United_States_005841.jpg,1 278 399 307 486 1 98 406 173 487 1 160 448 211 591
United_States_005842.jpg,1 523 432 631 497 1 238 421 266 493 1 319 396 364 544 1 236 395 286 492
United_States_005843.jpg,1 45 508 119 591
United_States_005844.jpg,1 266 459 493 640 2 413 586 508 607
United_States_005845.jpg,1 291 389 357 505 3 203 539 596 638 3 204 484 593 639
United_States_005846.jpg,1 158 531 178 577 1 0 459 144 616 2 555 513 640 559
United_States_005847.jpg,1 199 392 233 640 2 0 447 124 473
United_States_005848.jpg,1 395 396 419 516 2 487 425 640 444 2 487 564 640 607 2 410 435 480 449 1 506 466 534 543 1 537 529 568 568 1 456 394 548 557 2 406 424 640 449
United_States_005849.jpg,1 265 446 339 639 1 7 515 79 597 1 144 500 179 587
United_States_005850.jpg,1 359 451 531 639
United_States_005851.jpg,1 300 392 354 483 1 353 419 553 638 2 61 587 136 609 2 386 443 461 461
United_States_005852.jpg,1 267 390 311 520
United_States_005853.jpg,2 154 448 342 512
United_States_005854.jpg,3 0 388 221 626 3 252 394 543 638 2 468 548 631 619
United_States_005855.jpg,1 65 411 209 627 3 295 468 412 565 2 139 528 231 553
United_States_005856.jpg,1 133 423 189 639 3 299 453 458 640 1 220 443 246 490 1 0 438 65 526
United_States_005857.jpg,2 12 520 424 569 3 365 438 569 639 1 364 437 565 639 2 12 513 552 571
United_States_005858.jpg,1 0 409 222 603 1 141 404 225 474
United_States_005859.jpg,1 463 492 639 614 1 226 472 304 640
United_States_005860.jpg,1 284 472 301 522
United_States_005861.jpg,1 287 401 389 560 1 224 453 256 604
United_States_005862.jpg,1 332 509 424 600 2 418 584 490 601 1 330 504 484 640 1 211 562 238 640
United_States_005863.jpg,2 0 492 223 518
United_States_005864.jpg,1 160 392 292 639 2 203 434 325 475
United_States_005865.jpg,2 476 607 560 629 1 367 509 408 640
United_States_005866.jpg,2 185 453 541 478
United_States_005867.jpg,1 432 468 573 563 1 62 526 124 640 1 171 443 192 491 3 249 441 417 640 1 261 439 402 640
United_States_005868.jpg,1 0 458 48 602
United_States_005869.jpg,1 430 494 571 639
United_States_005870.jpg,1 419 506 533 625
United_States_005871.jpg,2 82 440 368 468 2 195 444 366 469 2 87 442 197 463 1 342 414 550 638
United_States_005872.jpg,1 412 455 533 576
United_States_005873.jpg,1 381 402 533 634 2 228 450 395 472 2 226 448 583 481 1 172 600 206 640
United_States_005874.jpg,1 112 505 175 592 3 251 407 359 525 2 362 487 477 508 1 366 507 408 573
United_States_005875.jpg,2 189 524 432 552
United_States_005876.jpg,1 95 485 170 640
United_States_005877.jpg,
United_States_005878.jpg,1 306 462 356 620
United_States_005879.jpg,1 414 509 471 622 1 0 399 134 527 1 0 400 132 580
United_States_005880.jpg,1 411 433 553 618 2 320 532 400 566
United_States_005881.jpg,1 0 411 180 588
United_States_005882.jpg,1 0 466 56 536 1 0 466 55 605
United_States_005883.jpg,1 0 457 97 604 1 396 474 550 635
United_States_005884.jpg,1 378 392 575 638 1 516 399 640 460
United_States_005885.jpg,3 258 434 545 639 2 0 549 155 584
United_States_005886.jpg,3 341 519 441 640
United_States_005887.jpg,1 349 423 540 637 1 253 365 276 430 1 288 503 373 640 1 459 439 640 580
United_States_005888.jpg,1 233 499 302 640
United_States_005889.jpg,2 190 472 365 503 2 198 426 384 466 2 0 462 148 489
United_States_005890.jpg,1 53 499 186 636 1 0 499 117 576
United_States_005891.jpg,3 66 411 209 621 1 69 407 212 619 1 436 541 485 604
United_States_005892.jpg,1 232 473 305 640 1 207 389 230 442
United_States_005893.jpg,2 206 501 635 577 2 449 544 578 576
United_States_005894.jpg,1 129 440 216 639
United_States_005895.jpg,1 17 437 101 613
United_States_005896.jpg,1 182 461 230 640 1 100 392 134 472
United_States_005897.jpg,1 392 477 446 562 1 26 455 208 615 2 497 494 640 519
United_States_005898.jpg,2 172 438 532 464 2 0 429 532 468 2 0 435 193 457
United_States_005899.jpg,3 80 408 575 639 2 0 570 105 601
United_States_005900.jpg,1 415 419 639 617
United_States_005901.jpg,1 182 374 240 489 1 82 514 122 592 1 277 373 300 521
United_States_005902.jpg,1 87 528 163 600 1 399 527 431 640
United_States_005903.jpg,3 77 407 637 638
United_States_005904.jpg,1 0 478 125 614 2 86 423 277 446
United_States_005905.jpg,1 10 520 165 639 2 222 480 338 514 2 447 435 585 459 2 174 605 511 640 2 355 556 437 587
United_States_005906.jpg,1 465 549 521 639 1 379 465 519 639
United_States_005907.jpg,2 96 472 437 552 2 0 547 78 567 1 48 428 151 605 2 97 456 501 550 1 510 504 640 611
United_States_005908.jpg,1 20 503 103 621 2 0 558 54 583
United_States_005909.jpg,1 65 460 143 595 1 66 545 98 594
United_States_005910.jpg,1 107 369 199 560
United_States_005911.jpg,1 298 440 422 562 1 215 502 241 549 1 387 441 505 551 1 389 443 604 625
United_States_005912.jpg,
United_States_005913.jpg,1 276 490 362 640
United_States_005914.jpg,2 2 469 552 511 2 2 474 420 509
United_States_005915.jpg,
United_States_005916.jpg,1 94 488 199 639 3 299 475 423 579
United_States_005917.jpg,1 145 431 236 639 3 268 408 529 639 3 127 399 533 639
United_States_005918.jpg,1 11 452 115 618 1 277 491 438 640 1 11 381 137 616 3 277 493 455 640
United_States_005919.jpg,1 66 486 151 639
United_States_005920.jpg,1 18 377 137 505 1 366 435 639 638
United_States_005921.jpg,2 196 422 427 474 3 1 431 208 637
United_States_005922.jpg,1 297 395 318 441 1 338 475 364 544
United_States_005923.jpg,1 63 384 254 605
United_States_005924.jpg,1 267 440 394 640 1 128 388 166 434 1 21 426 186 620 2 0 427 134 458 1 0 517 63 620
United_States_005925.jpg,3 0 414 515 638
United_States_005926.jpg,2 356 578 476 623 1 297 455 357 639 2 1 454 271 480
United_States_005927.jpg,1 35 451 78 501
United_States_005928.jpg,1 128 400 261 639 2 277 471 480 496 2 278 470 640 500
United_States_005929.jpg,2 23 532 129 554 3 276 410 637 598 2 44 415 288 456 2 552 491 621 516 1 365 415 633 579 1 281 407 413 579 1 285 413 638 603
United_States_005930.jpg,2 398 523 620 581 1 476 440 621 525 1 333 442 422 639
United_States_005931.jpg,1 327 503 361 573
United_States_005932.jpg,1 441 469 628 619 1 291 504 310 574 1 439 470 548 556 2 23 417 386 450 1 289 501 344 640
United_States_005933.jpg,
United_States_005934.jpg,2 10 561 253 618 1 230 445 262 639 1 348 490 403 569 2 159 430 399 453
United_States_005935.jpg,2 367 433 432 449 1 142 402 221 579
United_States_005936.jpg,1 251 495 298 640 1 335 502 455 626 1 453 563 483 594
United_States_005937.jpg,3 0 452 261 639
United_States_005938.jpg,1 358 564 436 640 1 356 563 474 640
United_States_005939.jpg,1 145 421 279 636
United_States_005940.jpg,1 281 392 338 485 1 384 440 524 620 1 152 486 214 640 1 304 393 338 483
United_States_005941.jpg,3 49 421 177 639
United_States_005942.jpg,2 0 506 142 560 1 585 585 632 625 1 96 416 182 481
United_States_005943.jpg,1 181 504 210 590
United_States_005944.jpg,1 260 383 374 638 2 1 574 340 634 2 95 580 337 634
United_States_005945.jpg,1 440 545 471 589 2 329 503 458 524
United_States_005946.jpg,2 0 486 244 548 1 149 423 253 509
United_States_005947.jpg,1 145 400 235 639 2 228 434 513 491 1 23 504 115 617 2 60 445 208 464 2 111 570 176 586 1 507 435 596 481
United_States_005948.jpg,1 223 375 272 640 2 253 498 385 525 2 115 427 234 445 2 0 531 77 549 2 45 498 383 565
United_States_005949.jpg,1 394 417 512 534 1 165 414 271 639 1 353 401 377 461 1 279 509 315 640 1 186 451 216 496 2 320 474 475 513
United_States_005950.jpg,1 320 442 343 553 1 361 417 394 559 2 176 415 365 437
United_States_005951.jpg,1 269 445 331 639 2 469 504 640 530
United_States_005952.jpg,2 51 489 211 508 2 340 426 615 454 2 352 432 504 452
United_States_005953.jpg,2 125 610 437 639
United_States_005954.jpg,2 176 436 310 453
United_States_005955.jpg,1 426 442 595 625 1 34 518 126 624
United_States_005956.jpg,1 320 429 403 640 1 121 551 197 639 1 371 418 504 577 1 219 461 251 542 1 119 461 255 638
United_States_005957.jpg,1 501 391 548 478 1 443 432 486 640 1 500 392 565 511 1 445 444 473 570
United_States_005958.jpg,1 330 448 396 640 1 314 391 328 425
United_States_005959.jpg,3 238 427 512 640 1 108 434 171 639 2 0 536 278 590 1 119 439 158 640
United_States_005960.jpg,2 80 464 436 507 1 235 381 252 436
United_States_005961.jpg,2 292 496 409 535 3 0 365 225 611 4 34 432 56 447
United_States_005962.jpg,1 269 362 305 471 1 0 385 177 607 3 375 452 628 638 1 402 452 616 638 3 327 409 623 639
United_States_005963.jpg,1 458 516 557 640
United_States_005964.jpg,2 47 563 217 599 2 95 568 215 598
United_States_005965.jpg,1 0 518 63 619 1 125 399 163 444 1 0 400 160 615
United_States_005966.jpg,1 489 543 594 638 1 362 397 432 579 1 399 392 500 500 2 78 479 213 502 1 190 416 282 640
United_States_005967.jpg,2 388 524 518 601
United_States_005968.jpg,1 71 472 166 638 2 0 442 99 463 1 361 434 521 631
United_States_005969.jpg,1 373 432 445 499 1 372 433 568 611
United_States_005970.jpg,
United_States_005971.jpg,3 0 407 156 625 1 0 406 158 622 2 162 540 249 575
United_States_005972.jpg,2 328 517 639 586 2 328 572 523 639
United_States_005973.jpg,2 0 499 163 521 1 208 435 231 491 1 46 423 122 494 2 1 530 148 550 2 0 525 158 552
United_States_005974.jpg,3 143 461 337 593
United_States_005975.jpg,1 0 423 108 608
United_States_005976.jpg,3 92 422 550 639 1 425 447 552 633
United_States_005977.jpg,1 182 513 276 639
United_States_005978.jpg,2 454 589 587 618
United_States_005979.jpg,1 384 585 403 621
United_States_005980.jpg,2 372 526 458 585 1 0 416 104 607
United_States_005981.jpg,1 251 437 396 612 2 524 507 619 557
United_States_005982.jpg,2 0 486 385 525
United_States_005983.jpg,1 350 449 510 638 1 315 384 508 637 1 565 459 640 538 2 562 446 614 468
United_States_005984.jpg,1 116 534 143 607 2 0 534 144 565
United_States_005985.jpg,1 158 565 192 639
United_States_005986.jpg,1 87 411 195 638
United_States_005987.jpg,1 293 410 336 523 2 203 595 410 634 1 386 523 431 635
United_States_005988.jpg,1 310 439 395 640
United_States_005989.jpg,
United_States_005990.jpg,2 332 408 437 428 2 66 499 161 516
United_States_005991.jpg,2 458 568 592 624 2 284 598 418 639 1 298 429 387 592
United_States_005992.jpg,1 335 380 499 637 2 465 504 562 525 2 223 453 386 474 4 183 445 217 463
United_States_005993.jpg,1 255 388 379 639 2 343 487 518 543
United_States_005994.jpg,1 180 403 214 456 1 244 393 279 640 1 114 553 158 639 2 0 445 601 504 2 0 464 351 504 1 50 497 135 615 2 0 475 251 506
United_States_005995.jpg,1 397 543 624 639 1 202 581 228 640 1 142 525 163 564 1 302 476 379 528
United_States_005996.jpg,1 173 375 254 576 1 132 400 236 638 1 174 405 234 574
United_States_005997.jpg,
United_States_005998.jpg,1 293 433 410 639
United_States_005999.jpg,1 317 501 420 640
United_States_006000.jpg,2 38 581 164 614 1 407 435 460 530 2 236 452 637 574
United_States_006001.jpg,1 65 380 279 619 2 222 446 444 478 2 219 443 639 504 2 221 446 611 489
United_States_006002.jpg,2 218 464 344 506 1 45 426 80 502 3 100 384 177 639 2 501 470 564 499
United_States_006003.jpg,1 0 419 179 614 1 153 415 181 468
United_States_006004.jpg,1 240 409 289 461 1 416 414 639 536 3 0 412 116 622
