United_States_004805.jpg,2 0 440 119 462 2 290 493 377 514 2 0 439 173 463
United_States_004806.jpg,3 84 390 405 590 2 475 585 639 628
United_States_004807.jpg,3 201 500 338 639 1 75 471 303 638
United_States_004808.jpg,1 369 478 397 534
United_States_004809.jpg,1 296 446 344 504 2 335 562 450 585 1 313 501 350 639 1 91 485 275 639
United_States_004810.jpg,2 228 449 358 470 1 220 410 241 457 1 324 419 337 453
United_States_004811.jpg,1 224 383 266 450
United_States_004812.jpg,1 436 539 542 638
United_States_004813.jpg,2 154 532 371 579 1 368 525 515 638
United_States_004814.jpg,1 96 424 167 562 1 285 410 373 542 2 40 512 106 525
United_States_004815.jpg,1 226 507 279 638
United_States_004816.jpg,1 143 418 240 569 1 456 510 562 639 1 102 358 220 420
United_States_004817.jpg,1 308 409 478 634 1 38 468 139 618 2 127 521 355 578 1 323 379 408 465 2 447 565 556 603
United_States_004818.jpg,
United_States_004819.jpg,1 470 576 522 637 1 360 606 380 639
United_States_004820.jpg,2 164 453 495 490
United_States_004821.jpg,1 148 359 180 452 1 379 527 482 640 1 202 367 217 401 1 126 463 175 638 1 297 594 327 640 1 231 422 248 452
United_States_004822.jpg,2 156 452 263 472 3 296 367 343 401 2 117 478 259 495 3 287 354 342 401 3 401 465 600 639 1 509 428 639 493
United_States_004823.jpg,1 305 439 334 565 1 307 394 329 446
United_States_004824.jpg,1 145 521 243 640
United_States_004825.jpg,1 89 452 153 584 2 163 506 242 535 1 172 395 201 454
United_States_004826.jpg,1 119 420 183 639 2 416 557 536 605 2 531 580 640 624 2 151 553 551 639
United_States_004827.jpg,2 107 455 215 485
United_States_004828.jpg,1 118 481 156 584 2 189 450 265 473 2 380 433 454 460
United_States_004829.jpg,2 1 507 256 549
United_States_004830.jpg,1 125 432 313 638 1 205 427 313 560 1 457 561 516 640
United_States_004831.jpg,1 158 442 178 494
United_States_004832.jpg,1 441 517 562 639 1 286 396 391 639
United_States_004833.jpg,1 275 431 320 640 1 275 440 301 537
United_States_004834.jpg,1 364 485 403 541 1 226 568 262 640
United_States_004835.jpg,1 210 450 262 538
United_States_004836.jpg,1 65 412 201 637 2 251 458 497 493 1 235 378 266 639 1 238 377 263 542 3 85 417 200 583
United_States_004837.jpg,3 54 420 197 621 1 363 494 509 639 1 265 481 281 519 2 441 427 560 460 1 244 423 255 445
United_States_004838.jpg,2 54 500 166 529
United_States_004839.jpg,2 385 495 540 559 2 0 561 139 597 1 428 454 479 509
United_States_004840.jpg,1 292 438 350 557
United_States_004841.jpg,2 18 510 466 623 1 231 412 269 538 3 182 422 236 455 3 175 419 288 542
United_States_004842.jpg,1 106 482 194 639
United_States_004843.jpg,1 142 389 277 570
United_States_004844.jpg,1 422 455 630 609
United_States_004845.jpg,1 358 466 430 569 1 358 466 416 554
United_States_004846.jpg,3 63 428 340 638 1 534 458 548 483 2 436 416 597 455 2 585 456 640 471 1 314 399 558 639 1 311 395 462 540 1 478 561 563 640
United_States_004847.jpg,1 61 435 239 597
United_States_004848.jpg,1 372 524 450 611 1 169 444 183 483 1 293 482 342 555 2 493 584 606 635 1 132 416 158 453 2 492 566 640 636
United_States_004849.jpg,1 387 439 555 638
United_States_004850.jpg,1 85 545 200 639 1 134 537 205 608
United_States_004851.jpg,1 173 555 216 640 1 186 465 239 564 1 367 552 395 640
United_States_004852.jpg,1 362 563 410 639 1 361 563 439 640
United_States_004853.jpg,1 213 393 275 548 2 321 457 416 475 2 143 572 334 639 1 369 419 579 632 1 0 428 63 520 2 350 540 482 570 1 0 428 65 488
United_States_004854.jpg,1 111 571 146 640 2 0 435 195 457 1 82 558 112 601
United_States_004855.jpg,1 302 423 494 639 2 101 466 214 483 1 119 527 155 582
United_States_004856.jpg,1 404 381 612 622 1 162 419 217 499 2 2 549 158 582 2 531 513 636 534 1 0 496 32 555
United_States_004857.jpg,2 59 412 218 441
United_States_004858.jpg,1 501 461 632 552 1 0 463 90 611 1 0 428 106 608
United_States_004859.jpg,2 91 471 330 519 1 273 425 307 474
United_States_004860.jpg,2 185 454 340 482 1 98 386 226 638 1 325 393 552 639
United_States_004861.jpg,1 306 445 347 638 2 219 431 505 455 1 349 386 394 529 2 197 424 502 457
United_States_004862.jpg,1 119 438 194 575 1 290 407 357 556
United_States_004863.jpg,1 82 410 167 523 1 120 514 188 639 2 364 615 509 640
United_States_004864.jpg,2 499 514 596 541 1 405 401 578 636 1 336 557 369 640
United_States_004865.jpg,2 218 437 301 461 2 511 463 579 495 1 255 398 301 447
United_States_004866.jpg,2 185 462 292 502 2 91 472 182 494 2 355 426 483 458
United_States_004867.jpg,1 361 587 392 639
United_States_004868.jpg,1 306 536 411 640 1 230 606 263 640
United_States_004869.jpg,1 60 408 173 626 2 0 496 122 517 1 428 459 502 504
United_States_004870.jpg,2 188 571 537 623 1 346 472 382 548 2 286 421 397 437 2 516 571 603 604
United_States_004871.jpg,3 176 382 429 640 2 0 498 190 592
United_States_004872.jpg,1 0 394 194 568 2 167 406 332 423
United_States_004873.jpg,1 414 566 466 626 1 412 565 504 640
United_States_004874.jpg,1 338 408 465 546 1 153 512 218 617 2 1 441 205 464
United_States_004875.jpg,1 308 411 389 559 1 182 431 229 572 2 80 526 171 546 2 382 532 479 551 1 436 406 640 541 1 429 401 591 497
United_States_004876.jpg,1 370 434 515 639 1 0 544 55 619 1 0 428 205 612 1 0 463 164 611
United_States_004877.jpg,1 62 518 160 640 1 447 515 536 633 2 346 475 487 498 1 212 414 280 554 2 301 410 379 423
United_States_004878.jpg,1 273 404 303 537 1 335 411 567 632 1 136 440 187 557
United_States_004879.jpg,1 287 514 347 570 1 330 475 504 612
United_States_004880.jpg,1 202 477 234 639 2 0 564 128 587 1 0 375 148 528
United_States_004881.jpg,2 101 427 251 446
United_States_004882.jpg,1 56 501 121 581 1 100 437 138 481 1 190 405 225 546
United_States_004883.jpg,2 0 497 266 582 2 0 470 367 550 2 300 476 362 498
United_States_004884.jpg,1 146 369 176 552 3 319 446 631 639
United_States_004885.jpg,2 436 523 563 583
United_States_004886.jpg,1 237 537 284 639 1 218 536 283 639
United_States_004887.jpg,1 370 500 406 565 1 316 425 359 502 1 327 386 417 495 1 365 430 416 496
United_States_004888.jpg,1 315 471 417 639 1 0 448 98 590
United_States_004889.jpg,3 0 369 410 635 2 348 497 546 546 2 346 439 561 461
United_States_004890.jpg,1 396 426 478 543 1 459 561 569 640 1 220 445 237 477
United_States_004891.jpg,1 448 435 638 576
United_States_004892.jpg,3 479 188 541 243
United_States_004893.jpg,1 414 597 465 640 1 348 521 394 632 1 415 597 487 639
United_States_004894.jpg,1 0 399 99 496
United_States_004895.jpg,4 128 482 165 515
United_States_004896.jpg,1 394 412 493 549 1 394 410 549 638 2 518 498 573 512
United_States_004897.jpg,2 90 448 520 532 1 404 382 639 564 2 106 457 220 478
United_States_004898.jpg,2 230 442 305 459 1 199 447 237 602
United_States_004899.jpg,1 346 435 532 639 3 165 440 493 640 1 141 591 193 639 2 187 483 405 513
United_States_004900.jpg,1 369 521 391 578 1 462 510 557 640
United_States_004901.jpg,1 59 452 132 629 1 132 387 156 430
United_States_004902.jpg,1 194 390 254 500 1 111 552 170 639 3 277 400 326 538
United_States_004903.jpg,1 129 478 260 639 2 401 614 486 633 1 372 559 408 639
United_States_004904.jpg,3 317 408 542 639 2 79 431 237 451 1 361 391 380 426 3 318 395 474 549
United_States_004905.jpg,3 282 461 365 640 2 239 466 308 479 2 178 463 310 480 1 198 492 210 509
United_States_004906.jpg,
United_States_004907.jpg,1 174 466 202 545
United_States_004908.jpg,1 48 536 115 624 2 338 459 561 548 1 318 543 390 639 1 247 380 313 538 1 346 404 565 548
United_States_004909.jpg,1 489 536 558 639 1 413 471 450 530
United_States_004910.jpg,3 9 378 486 640 3 137 376 614 640
United_States_004911.jpg,1 451 459 596 634 1 390 397 403 425 2 74 437 355 468 1 343 458 364 535 1 68 488 171 620 2 0 544 112 573 1 227 358 294 452 1 450 399 638 532 1 66 458 199 619 2 235 448 345 467 2 77 438 195 458
United_States_004912.jpg,1 65 550 145 620 3 205 499 253 640 1 206 478 255 638
United_States_004913.jpg,3 458 421 629 496 2 460 525 639 550 2 75 493 357 532 3 391 419 630 495
United_States_004914.jpg,1 366 407 388 479 1 299 388 326 475 1 374 534 421 639 2 294 502 498 544 2 291 510 456 541
United_States_004915.jpg,3 301 406 428 558 1 298 410 570 638 2 0 521 218 582 2 555 511 640 535 2 0 544 218 581
United_States_004916.jpg,1 145 458 201 560 1 100 442 205 636
United_States_004917.jpg,1 431 446 564 639 1 248 423 279 525 1 197 548 246 639 2 0 510 451 547
United_States_004918.jpg,1 419 495 557 638
United_States_004919.jpg,
United_States_004920.jpg,1 333 416 390 633 1 154 387 277 638 1 378 414 556 637 1 443 514 558 639
United_States_004921.jpg,3 1 391 209 609
United_States_004922.jpg,1 113 409 172 550 1 64 590 101 639 2 325 470 523 534 2 195 467 524 562
United_States_004923.jpg,2 490 591 581 609 1 461 572 525 639
United_States_004924.jpg,
United_States_004925.jpg,1 240 412 273 477 1 360 396 418 545 2 541 594 640 631 2 100 490 247 513
United_States_004926.jpg,1 394 428 594 629 3 394 425 596 631
United_States_004927.jpg,4 351 562 378 581
United_States_004928.jpg,1 454 548 498 640 1 395 399 452 528
United_States_004929.jpg,1 85 429 129 551
United_States_004930.jpg,2 443 491 527 521 2 510 505 580 528 1 249 407 329 540 2 71 482 139 498
United_States_004931.jpg,1 385 463 559 639 1 76 479 176 639 1 321 382 367 435 1 187 398 226 473 1 436 413 552 479
United_States_004932.jpg,1 242 392 462 637 1 168 456 199 592 3 1 443 108 498
United_States_004933.jpg,1 0 519 140 614
United_States_004934.jpg,2 0 508 106 528
United_States_004935.jpg,2 129 410 207 425 1 0 550 46 621 1 1 399 142 617 1 77 397 142 515
United_States_004936.jpg,1 0 362 112 587 2 353 502 498 582 2 194 502 499 636
United_States_004937.jpg,1 179 395 259 555 2 0 583 121 606 1 0 391 137 478 1 372 464 488 590 1 362 544 415 639 1 370 462 459 559 1 0 472 64 561
United_States_004938.jpg,1 53 508 126 594
United_States_004939.jpg,1 57 393 148 637 2 141 415 345 446
United_States_004940.jpg,1 23 391 194 625 2 0 463 140 495
United_States_004941.jpg,1 364 480 448 630
United_States_004942.jpg,3 96 399 252 559 1 272 446 319 537 3 95 446 251 521 3 166 393 216 417
United_States_004943.jpg,2 281 539 402 558 1 211 536 282 639
United_States_004944.jpg,2 312 480 478 524 2 24 575 140 596 2 34 448 223 487 2 325 430 429 450 2 579 492 639 518 1 259 376 345 634 2 0 553 59 574 1 258 379 324 543
United_States_004945.jpg,1 478 549 586 640 2 146 440 355 467 1 232 416 261 640 3 73 473 186 589
United_States_004946.jpg,1 155 412 286 639 1 545 448 640 533
United_States_004947.jpg,1 331 439 471 574
United_States_004948.jpg,1 318 421 355 536 2 1 526 180 559 1 238 427 262 496 1 7 398 140 524 2 94 428 247 448 1 104 546 128 580
United_States_004949.jpg,2 29 493 484 582 2 0 505 433 594
United_States_004950.jpg,
United_States_004951.jpg,1 128 385 149 428 1 199 431 394 640 2 206 519 269 537 1 276 527 409 640
United_States_004952.jpg,2 116 577 382 639 1 316 399 468 640 1 463 405 508 436 2 349 426 518 442
United_States_004953.jpg,1 0 469 79 591 2 480 604 640 639 2 21 415 357 472 1 185 359 223 421 2 32 439 220 472
United_States_004954.jpg,3 0 395 355 634 1 270 402 425 578
United_States_004955.jpg,3 50 358 517 638
United_States_004956.jpg,1 221 372 248 511 2 0 477 194 505 2 292 586 435 619
United_States_004957.jpg,2 0 474 432 606 2 30 456 497 594 2 91 438 563 581
United_States_004958.jpg,2 0 467 185 500 1 426 555 555 638 2 447 478 536 495
United_States_004959.jpg,1 394 535 467 639
United_States_004960.jpg,1 446 465 593 620 2 13 543 133 566 2 22 459 477 512 1 496 516 596 624 1 252 406 268 436 1 133 465 177 559
United_States_004961.jpg,3 332 422 640 636 2 101 444 190 462 1 0 414 100 601 1 212 364 299 470 3 227 401 630 639 4 180 436 202 453
United_States_004962.jpg,1 65 383 191 638 1 227 396 316 639
United_States_004963.jpg,1 59 529 145 639 1 158 459 230 543 1 343 395 473 639
United_States_004964.jpg,1 416 496 555 638 1 0 414 136 583
United_States_004965.jpg,2 66 450 225 470 1 201 382 276 639 2 40 583 228 613
United_States_004966.jpg,2 375 479 498 516
United_States_004967.jpg,1 108 542 144 635
United_States_004968.jpg,1 40 441 126 618
United_States_004969.jpg,3 88 394 434 640 2 360 495 479 534
United_States_004970.jpg,1 31 434 191 607
United_States_004971.jpg,1 336 450 356 499
United_States_004972.jpg,1 1 510 120 608
United_States_004973.jpg,1 132 470 225 585 1 141 396 219 466 2 208 447 640 472 2 102 445 562 475 2 25 444 480 475
United_States_004974.jpg,1 32 389 131 440 1 158 398 212 523 2 1 432 180 449 1 0 443 50 561 1 0 444 51 515
United_States_004975.jpg,1 92 396 250 631
United_States_004976.jpg,3 134 400 281 560
United_States_004977.jpg,1 245 491 307 639 1 290 536 373 581 1 0 533 114 610
United_States_004978.jpg,1 61 415 172 602 1 259 558 290 639 3 322 424 402 500 1 107 417 172 596 1 258 559 304 639
United_States_004979.jpg,1 25 448 86 506 2 0 529 56 557 1 119 395 145 425
United_States_004980.jpg,1 0 429 151 579 1 196 419 251 557 2 59 493 209 515 2 258 445 431 467 1 158 416 252 639
United_States_004981.jpg,2 0 514 222 550 1 282 510 301 546
United_States_004982.jpg,1 426 402 639 563 1 340 407 405 536 2 118 425 217 444 1 223 452 276 538 2 0 511 129 539 1 336 400 467 638
United_States_004983.jpg,1 201 423 289 639 1 288 359 306 398
United_States_004984.jpg,1 403 441 637 620 3 399 440 634 619 2 0 414 49 435
United_States_004985.jpg,1 323 424 385 534 2 519 419 638 440
United_States_004986.jpg,1 356 408 639 574 1 204 452 229 557 1 136 508 164 584 2 216 451 296 472 1 125 506 164 639
United_States_004987.jpg,1 391 526 444 640
United_States_004988.jpg,1 390 493 540 638 1 469 574 538 639
United_States_004989.jpg,4 351 428 414 448
United_States_004990.jpg,2 1 574 174 600 2 283 517 366 537
United_States_004991.jpg,4 324 423 345 438 1 81 516 165 583
United_States_004992.jpg,1 299 554 335 638
United_States_004993.jpg,1 87 499 114 591 2 0 464 114 488
United_States_004994.jpg,1 0 445 94 612 1 115 527 146 640 3 0 429 94 613
United_States_004995.jpg,1 373 398 475 544 3 0 412 225 622 1 0 408 227 620
United_States_004996.jpg,1 17 444 170 612 1 257 407 312 558
United_States_004997.jpg,1 46 425 94 515 1 150 476 180 589 2 174 570 512 640 3 353 569 505 626
United_States_004998.jpg,2 252 546 430 564
United_States_004999.jpg,2 25 535 234 590 1 396 67 487 171 2 29 534 235 612 2 24 536 235 574 2 58 537 234 567
United_States_005000.jpg,1 113 524 156 608 1 466 464 638 568 3 0 474 93 637 1 235 394 317 544 3 235 393 317 544
United_States_005001.jpg,2 73 522 348 552 1 310 465 354 533
United_States_005002.jpg,1 35 510 124 607 2 400 438 609 491 1 0 417 145 543 1 0 441 79 494
United_States_005003.jpg,1 41 475 137 620
United_States_005004.jpg,2 417 523 639 560 1 216 494 282 545
United_States_005005.jpg,2 159 447 367 483 2 92 529 413 609 2 215 397 337 414 1 316 358 481 637 2 416 506 589 534
United_States_005006.jpg,1 402 430 639 568
United_States_005007.jpg,2 227 486 335 524 2 239 423 354 447
United_States_005008.jpg,1 419 474 456 563 1 408 462 457 562 1 372 381 391 413 1 498 396 639 465
United_States_005009.jpg,1 59 411 197 635 1 234 386 261 639 2 12 453 429 486 2 0 448 464 483 2 121 447 557 476 2 63 450 519 481 1 345 449 488 639 1 311 403 481 637 1 164 411 200 469 2 264 442 558 476
United_States_005010.jpg,3 330 424 585 638 1 455 430 638 536 1 333 425 579 639 3 74 420 175 638
United_States_005011.jpg,1 111 407 247 639 1 0 506 102 614 2 3 474 193 494 2 238 439 530 464 2 0 419 91 437 1 365 556 403 639 1 340 484 399 639
United_States_005012.jpg,1 0 402 156 603 2 0 422 286 466 2 17 446 109 463
United_States_005013.jpg,1 311 394 343 499 1 26 507 231 617 2 0 566 55 598
United_States_005014.jpg,1 20 488 140 625
United_States_005015.jpg,2 497 588 587 631 1 548 463 639 518 1 549 462 640 542
United_States_005016.jpg,1 227 471 277 564
United_States_005017.jpg,1 338 451 519 639 2 0 449 346 528
United_States_005018.jpg,1 344 377 393 449 1 223 410 261 482 1 314 433 385 639
United_States_005019.jpg,1 113 420 186 532 1 264 390 396 635 2 62 476 129 489 1 33 554 98 610
United_States_005020.jpg,1 251 497 272 568
United_States_005021.jpg,1 340 451 427 640
United_States_005022.jpg,1 59 437 188 612 1 311 441 403 630 2 499 598 606 621 1 222 405 248 493 1 205 404 247 547
United_States_005023.jpg,1 247 395 285 539 1 152 415 179 450
United_States_005024.jpg,1 390 411 430 448 1 176 478 203 567 2 60 546 174 569 2 315 487 368 499 1 284 417 332 551 2 315 486 382 500 2 315 484 402 500 1 63 478 129 556
United_States_005025.jpg,1 119 393 261 638 2 341 526 435 544
United_States_005026.jpg,2 0 555 147 586 1 0 397 133 568 1 245 447 265 508
United_States_005027.jpg,1 61 449 211 638 2 448 529 639 565 1 382 434 476 639
United_States_005028.jpg,1 425 416 473 467 1 194 398 328 639 2 551 599 640 620 3 227 401 331 558
United_States_005029.jpg,1 148 414 244 558 2 0 454 98 477
United_States_005030.jpg,1 60 385 216 605 1 250 385 293 470 1 41 462 64 511
United_States_005031.jpg,2 134 498 449 548 2 8 505 195 532 1 404 508 490 610
United_States_005032.jpg,1 314 392 346 638
United_States_005033.jpg,2 134 476 315 511 2 135 475 299 504 1 306 432 486 619 1 282 367 332 433 1 470 463 516 501
United_States_005034.jpg,1 108 384 195 595 1 114 457 151 502 1 165 385 200 458 2 166 527 246 555 2 0 500 98 527
United_States_005035.jpg,1 269 435 340 556 2 530 512 633 547
United_States_005036.jpg,1 64 398 195 553
United_States_005037.jpg,1 294 448 337 639 2 0 567 106 598 3 96 519 215 602
United_States_005038.jpg,1 212 400 254 548 2 521 571 617 590 1 302 424 417 637 1 0 478 38 602
United_States_005039.jpg,
United_States_005040.jpg,2 242 468 522 507 3 125 427 221 639 1 271 513 296 640 1 352 438 389 478 1 126 426 221 639
United_States_005041.jpg,2 8 500 292 531 2 179 509 290 529 1 380 397 451 462
United_States_005042.jpg,1 362 431 426 549 1 95 434 200 545
United_States_005043.jpg,1 345 417 412 561 1 158 556 227 639 1 462 410 639 526 2 477 584 580 604 1 243 388 283 492 1 249 409 281 490 1 495 428 640 528
United_States_005044.jpg,2 442 499 568 534 1 141 442 207 637 1 169 451 209 582
United_States_005045.jpg,1 102 434 232 639 1 320 399 388 543 2 0 480 196 507 1 339 558 396 640
United_States_005046.jpg,1 522 588 605 639 1 263 545 292 639 1 250 490 293 640
United_States_005047.jpg,1 67 505 128 559 1 151 398 240 483 1 384 397 531 637 2 187 487 604 526 1 23 559 103 620 2 412 421 569 437 1 321 364 334 386 2 135 426 292 445 2 23 479 200 500 2 12 480 144 501 2 284 476 640 522
United_States_005048.jpg,1 403 406 560 639
United_States_005049.jpg,2 0 417 257 452
United_States_005050.jpg,1 366 515 388 567 1 220 541 267 639
United_States_005051.jpg,1 124 404 242 639 2 217 478 445 508 2 89 533 173 549 1 328 481 371 549
United_States_005052.jpg,3 88 419 342 640
United_States_005053.jpg,1 0 425 132 575 1 194 354 222 410 1 194 368 221 410
United_States_005054.jpg,1 211 373 231 443 1 223 503 242 556
United_States_005055.jpg,2 50 465 258 494 1 0 407 136 578 2 199 429 382 465 2 48 429 397 496
United_States_005056.jpg,1 243 495 296 639
United_States_005057.jpg,1 303 516 373 606 1 410 563 525 628
United_States_005058.jpg,1 72 510 137 639 1 132 455 154 497
United_States_005059.jpg,2 0 576 225 608 1 293 408 361 640 1 113 419 172 538 2 236 552 320 569 1 215 465 233 510 1 335 412 448 629 1 92 415 171 605
United_States_005060.jpg,2 360 490 558 551 2 0 472 144 495 3 88 395 303 639 1 414 404 638 538 1 96 385 222 640
United_States_005061.jpg,2 250 519 328 537 2 193 570 406 596 1 320 481 339 542 2 38 561 409 601 1 346 593 382 639
United_States_005062.jpg,1 247 395 281 516 1 472 536 557 639 3 334 424 563 639 1 407 428 525 551
United_States_005063.jpg,1 0 451 97 562 1 227 399 274 557 1 298 398 388 549 3 552 437 639 508
United_States_005064.jpg,1 350 543 391 640 4 119 566 152 588
United_States_005065.jpg,1 443 456 615 620 2 1 523 206 555
United_States_005066.jpg,2 0 441 137 465
United_States_005067.jpg,1 193 462 234 555 1 0 382 130 465
United_States_005068.jpg,2 418 489 636 566 2 0 547 183 581
United_States_005069.jpg,2 307 462 548 538 1 324 411 398 493 1 513 474 639 565 2 473 428 552 452 1 292 501 336 639 1 403 407 479 456
United_States_005070.jpg,
United_States_005071.jpg,1 453 549 510 639 1 201 510 316 639
United_States_005072.jpg,2 36 505 126 522 2 20 504 128 526
United_States_005073.jpg,1 188 539 213 639 1 62 479 127 602
United_States_005074.jpg,2 9 472 247 515
United_States_005075.jpg,2 222 597 327 621
United_States_005076.jpg,1 115 578 196 639 1 169 416 198 501 1 481 491 574 558 2 4 493 359 558
United_States_005077.jpg,1 66 477 173 599 1 38 538 71 582 1 120 451 169 469 1 332 480 386 553 1 62 436 180 596
United_States_005078.jpg,1 0 397 149 596 3 227 428 479 639
United_States_005079.jpg,1 373 441 536 551
United_States_005080.jpg,2 0 513 406 562 2 275 454 441 508 2 5 537 159 555
United_States_005081.jpg,1 155 452 191 548 2 0 498 153 521 2 28 500 151 519
United_States_005082.jpg,3 1 367 197 631 2 0 417 110 440
United_States_005083.jpg,1 537 518 639 612 1 350 462 584 638 1 335 406 469 485 1 443 493 535 554 1 333 404 444 471
United_States_005084.jpg,1 481 544 501 591
United_States_005085.jpg,1 29 517 98 618 2 0 448 204 469
United_States_005086.jpg,
United_States_005087.jpg,1 433 477 538 559 1 311 428 389 543 1 412 546 482 640
United_States_005088.jpg,2 471 552 619 615 2 421 564 505 600
United_States_005089.jpg,1 381 439 525 597
United_States_005090.jpg,1 372 396 424 441 1 271 501 340 543 1 232 460 288 493 2 473 557 509 581 1 236 458 340 542 1 440 464 507 565 1 135 404 199 457 1 378 396 508 548
United_States_005091.jpg,1 319 419 556 638 1 460 440 638 547 1 377 441 560 638 2 149 476 225 490 2 528 591 577 617
United_States_005092.jpg,1 235 416 266 558 1 43 512 130 614 1 355 423 522 639 2 417 471 637 498 1 326 410 340 429
United_States_005093.jpg,1 123 505 188 639 3 116 506 188 640 1 261 520 322 640 1 329 501 458 638
United_States_005094.jpg,1 175 394 265 551 2 305 551 419 640 1 305 551 419 639
United_States_005095.jpg,2 432 507 639 546 1 155 449 213 558 2 0 520 158 543 2 142 411 223 424
United_States_005096.jpg,2 433 537 592 578 1 159 399 257 640
United_States_005097.jpg,4 337 563 374 595 1 298 406 338 438
United_States_005098.jpg,2 62 554 217 599 1 0 528 49 618
United_States_005099.jpg,2 148 461 526 516 1 336 552 370 640
United_States_005100.jpg,1 391 465 430 526 1 405 393 639 624 3 1 423 303 622
United_States_005101.jpg,2 265 442 463 465
United_States_005102.jpg,1 448 494 513 536 1 461 533 640 607 2 98 538 149 551 2 191 547 396 569 2 451 534 622 553
United_States_005103.jpg,2 319 548 373 562
United_States_005104.jpg,1 144 462 222 564 1 376 466 443 567 1 93 460 221 635 1 390 488 446 569
United_States_005105.jpg,1 100 468 244 574 1 191 406 282 455 2 485 497 635 518 1 257 406 280 430
United_States_005106.jpg,1 342 516 426 639
United_States_005107.jpg,2 70 486 463 512
United_States_005108.jpg,2 454 490 549 514 1 213 386 241 484 1 240 493 256 533 1 154 547 199 640
United_States_005109.jpg,2 432 531 569 573 1 177 423 252 638
United_States_005110.jpg,1 153 472 209 640 2 319 462 463 491 3 288 535 423 640 1 288 489 317 550
United_States_005111.jpg,1 143 432 237 639
United_States_005112.jpg,2 2 520 121 545 3 342 393 394 431 1 370 474 446 558 1 282 376 312 413
United_States_005113.jpg,1 117 463 174 565 1 465 456 640 592 3 528 487 640 602
United_States_005114.jpg,2 111 509 390 554
United_States_005115.jpg,1 230 532 262 583
United_States_005116.jpg,1 406 411 473 554 1 311 420 346 548 1 402 408 508 638
United_States_005117.jpg,1 400 381 639 546 1 272 415 307 561
United_States_005118.jpg,3 344 480 500 587 1 0 434 63 587 1 0 433 65 542 3 525 523 640 622
United_States_005119.jpg,2 270 459 341 475 2 257 426 321 441
United_States_005120.jpg,1 419 459 477 564
United_States_005121.jpg,2 129 514 215 530 1 291 396 362 640 1 315 494 360 639 1 291 392 322 503
United_States_005122.jpg,1 156 491 180 640 1 495 551 639 623 1 235 499 390 639
United_States_005123.jpg,1 192 431 361 639
United_States_005124.jpg,1 384 407 430 453 2 0 495 203 523 1 340 410 392 546 1 500 410 639 555 2 382 463 553 485 1 246 436 264 478
United_States_005125.jpg,3 0 364 295 640 2 344 476 396 492 1 254 392 268 422 2 109 533 392 638
United_States_005126.jpg,1 193 446 246 557 1 435 458 531 564 1 328 411 369 547 3 328 421 371 548
United_States_005127.jpg,1 0 486 131 598 3 1 477 256 634
United_States_005128.jpg,1 273 597 313 639
United_States_005129.jpg,1 334 460 437 607 2 36 566 179 590
United_States_005130.jpg,2 0 461 98 482 1 152 540 195 640
United_States_005131.jpg,3 295 413 550 637 1 131 521 155 582 1 435 437 639 595 1 375 415 438 469
United_States_005132.jpg,1 344 417 511 639 2 96 527 205 551 1 0 507 71 586
United_States_005133.jpg,1 277 456 327 553 1 154 424 203 479
United_States_005134.jpg,1 121 470 215 639 1 170 472 213 555
United_States_005135.jpg,1 413 414 637 579
United_States_005136.jpg,1 419 408 476 564
United_States_005137.jpg,1 212 421 268 638
United_States_005138.jpg,2 272 436 458 523 2 276 542 370 594 1 383 483 448 566 2 423 395 529 418 2 424 393 555 420
United_States_005139.jpg,1 219 393 288 539 1 394 469 460 540
United_States_005140.jpg,1 139 507 176 639 1 66 484 83 523
United_States_005141.jpg,1 342 556 419 639
United_States_005142.jpg,1 59 416 173 638 2 244 573 411 625 1 457 466 638 595
United_States_005143.jpg,1 0 487 76 599 1 65 439 202 639
United_States_005144.jpg,2 442 565 567 590 1 185 556 234 639
United_States_005145.jpg,2 95 586 193 605 1 241 526 279 640 1 347 540 417 639
United_States_005146.jpg,3 296 403 479 639 1 104 433 205 578 1 105 479 173 579 1 4 554 73 624
United_States_005147.jpg,1 256 423 282 545 1 446 515 547 638 1 303 388 321 426 1 337 381 390 445
United_States_005148.jpg,1 270 400 352 551 1 188 447 250 560 1 222 378 238 406
United_States_005149.jpg,1 237 444 281 551 2 112 469 253 488
United_States_005150.jpg,
United_States_005151.jpg,2 209 550 359 571 2 87 575 175 591 1 380 524 462 639 1 152 515 246 639
United_States_005152.jpg,1 193 404 244 530
United_States_005153.jpg,2 102 440 219 460
United_States_005154.jpg,2 2 435 273 465 1 0 482 148 627 1 357 373 378 419 1 203 374 319 638 2 515 584 639 619 1 0 469 69 517 2 279 459 460 486 2 108 448 467 488 1 202 479 285 639 3 0 479 150 630 3 458 383 639 541 2 79 437 276 465 1 253 373 319 562
United_States_005155.jpg,1 55 506 102 578 1 113 436 149 473 1 127 589 156 640 1 293 471 363 640
United_States_005156.jpg,2 0 496 146 521 3 130 434 258 566 3 121 502 233 564 2 76 422 207 438 3 127 470 255 566 3 222 382 283 413 3 124 430 255 612 1 189 427 257 565
United_States_005157.jpg,1 0 484 103 616
United_States_005158.jpg,1 0 361 172 494 3 1 415 411 639
United_States_005159.jpg,1 198 402 265 561 3 196 404 266 562 2 357 459 435 477 1 341 477 372 554
United_States_005160.jpg,2 394 573 560 593
United_States_005161.jpg,1 0 480 85 628 2 475 469 612 539
United_States_005162.jpg,1 409 400 550 492 2 435 416 522 432 1 586 472 639 524
United_States_005163.jpg,3 103 488 243 633
United_States_005164.jpg,2 120 564 398 640 1 381 569 469 639
United_States_005165.jpg,
United_States_005166.jpg,1 422 428 637 616 3 71 393 268 639 1 54 414 145 468 2 0 444 54 459 1 350 470 404 547 1 352 496 372 550 1 374 551 409 640 2 346 435 431 451
United_States_005167.jpg,1 335 518 455 639 1 272 520 318 639 1 335 518 372 560
United_States_005168.jpg,2 167 548 286 590 1 384 537 518 639 2 123 548 285 594
United_States_005169.jpg,2 94 466 347 543 1 380 457 401 470
United_States_005170.jpg,1 238 483 307 639 1 350 475 381 576
United_States_005171.jpg,1 361 386 563 638 1 90 437 163 521 2 302 410 367 423 2 153 419 246 441 1 399 353 638 518 2 81 417 246 447
United_States_005172.jpg,2 0 498 255 529 2 522 598 639 622 2 286 503 635 531 1 242 408 290 546
United_States_005173.jpg,1 287 479 315 543
United_States_005174.jpg,1 346 501 408 639
United_States_005175.jpg,1 0 435 89 596 2 15 515 179 539 1 0 437 90 539 1 126 419 160 446
United_States_005176.jpg,1 548 585 592 627 1 385 541 448 639
United_States_005177.jpg,1 231 404 425 640 1 370 403 636 529 3 364 400 640 530 2 434 532 589 610 1 582 534 639 591 1 68 378 135 463 1 0 480 44 615
United_States_005178.jpg,1 482 491 601 626 1 16 472 145 616 1 237 471 264 514 2 169 432 288 450 1 332 522 373 640 1 65 473 144 581 2 366 480 630 504
United_States_005179.jpg,1 456 522 558 639 2 466 494 592 516 2 254 445 444 479 1 455 417 520 487 1 443 486 477 527 2 264 448 416 477
United_States_005180.jpg,1 324 398 457 573 2 127 524 225 545 1 210 442 263 559
United_States_005181.jpg,1 292 438 340 533 1 200 526 253 640
United_States_005182.jpg,1 160 400 249 633 1 299 406 330 516 1 294 385 331 513
United_States_005183.jpg,2 324 450 484 471 2 67 457 180 477
United_States_005184.jpg,1 330 432 584 638 2 0 450 230 488 1 265 433 360 638 1 444 447 639 562 1 319 423 351 453 3 263 433 382 639 2 1 460 163 487
United_States_005185.jpg,2 23 446 123 464 2 181 449 386 472 2 8 447 378 528
United_States_005186.jpg,1 259 412 362 564 2 383 451 469 471
United_States_005187.jpg,1 182 484 253 639 1 0 448 97 586
United_States_005188.jpg,1 48 496 113 618 2 4 445 273 494 2 58 597 195 639 1 171 380 207 530
United_States_005189.jpg,1 114 430 195 563 2 475 510 640 541 2 0 520 102 542
United_States_005190.jpg,1 531 510 566 548 1 227 487 249 541
United_States_005191.jpg,3 170 384 329 536 2 0 571 107 598 1 0 454 59 589 1 300 442 441 596
United_States_005192.jpg,1 0 404 195 595 2 509 602 640 631 2 409 434 570 464 2 495 591 640 635 1 289 556 317 639
United_States_005193.jpg,1 333 397 490 639 2 440 464 570 484 1 117 480 186 606 1 362 385 439 482 1 191 543 233 640 3 178 451 289 639 1 432 387 494 420 1 0 521 75 607 1 190 453 285 639
United_States_005194.jpg,1 366 509 446 637 1 289 426 316 481
United_States_005195.jpg,1 329 451 422 558 1 309 381 384 457 2 467 581 564 604 1 121 442 160 495 1 327 446 499 637
United_States_005196.jpg,1 211 445 259 635 2 313 481 390 527 1 532 487 639 559 1 313 482 389 526
United_States_005197.jpg,
United_States_005198.jpg,1 70 526 133 620 1 230 395 244 424 1 229 475 259 640
United_States_005199.jpg,1 356 502 443 639
United_States_005200.jpg,1 90 405 230 637 2 349 524 518 549 2 436 568 554 592 1 302 448 354 543 2 327 571 411 591
United_States_005201.jpg,2 76 466 246 505 2 215 527 258 540 1 237 412 303 639 1 241 460 310 639
United_States_005202.jpg,1 268 550 285 589 2 210 562 580 640 1 291 478 310 527 2 331 565 570 635
United_States_005203.jpg,
United_States_005204.jpg,1 26 504 146 622 1 383 383 407 408 1 0 441 118 529 1 352 446 375 504 3 348 418 444 542 2 0 524 97 549 1 503 535 554 640
United_States_005205.jpg,1 262 527 364 640 1 232 595 252 639
United_States_005206.jpg,3 361 398 408 456
United_States_005207.jpg,1 278 431 295 482
United_States_005208.jpg,2 226 580 406 628 2 132 592 236 622 1 438 532 559 640 2 496 561 548 592
United_States_005209.jpg,2 510 501 640 527 1 223 389 291 538 2 413 491 507 508 1 340 396 426 591
United_States_005210.jpg,1 428 518 582 639 2 166 576 264 596 1 260 495 284 571
United_States_005211.jpg,1 223 397 312 640
United_States_005212.jpg,1 166 435 227 560
United_States_005213.jpg,1 37 420 150 523 1 379 532 464 640 1 320 410 357 526
United_States_005214.jpg,1 342 429 565 639 2 243 591 386 616 1 394 421 634 580 1 108 571 136 638 1 21 424 137 622 2 451 525 535 546
United_States_005215.jpg,1 395 477 542 640
United_States_005216.jpg,1 228 435 252 475 2 234 423 301 438 1 214 517 254 639 1 219 580 249 639
United_States_005217.jpg,1 362 409 599 620
United_States_005218.jpg,2 175 479 344 509 2 340 532 479 590 1 25 384 248 619 1 21 474 164 620 1 345 532 477 591 1 19 526 114 622
United_States_005219.jpg,1 117 413 230 604 1 272 465 290 493 2 67 568 288 617 2 1 586 101 605
United_States_005220.jpg,1 363 411 627 621 1 339 472 386 556 2 110 481 248 524 1 234 388 256 451 1 164 429 188 468 1 3 433 146 593
United_States_005221.jpg,2 292 594 443 616 1 388 432 444 561 1 417 510 445 564
United_States_005222.jpg,1 161 367 200 472
United_States_005223.jpg,3 330 378 593 638 2 125 543 191 562 1 470 441 506 476
United_States_005224.jpg,2 0 477 377 513 2 424 521 640 573 2 427 540 589 571
United_States_005225.jpg,3 168 368 269 448 3 229 458 403 640
United_States_005226.jpg,1 0 406 258 577 1 127 400 341 613 1 267 439 376 639 2 524 522 583 538 2 317 574 482 640
United_States_005227.jpg,1 458 523 496 579 1 511 573 537 607 2 395 598 540 619
United_States_005228.jpg,3 286 415 437 639 1 132 425 246 589 2 30 484 168 503 3 310 496 638 640
United_States_005229.jpg,
United_States_005230.jpg,2 83 578 289 639 3 117 525 431 640
United_States_005231.jpg,1 47 563 93 622 1 268 465 307 505 1 114 539 141 638
United_States_005232.jpg,1 222 401 260 452 2 558 546 617 592 1 342 477 398 546 2 484 447 623 479
United_States_005233.jpg,1 342 549 437 640 1 141 575 197 639 1 456 495 506 535
United_States_005234.jpg,1 420 445 545 639
United_States_005235.jpg,1 382 444 408 479 1 74 487 210 638 1 295 558 377 640 1 66 562 174 640 1 295 556 349 638 2 197 531 287 564
United_States_005236.jpg,1 425 440 453 556 1 425 408 457 552
United_States_005237.jpg,2 364 453 507 474 1 323 414 377 573 1 322 414 422 637 2 158 448 329 469
United_States_005238.jpg,1 392 466 458 566
United_States_005239.jpg,2 0 451 114 473 1 56 482 135 616 2 155 449 277 472 2 0 543 68 565
United_States_005240.jpg,1 334 407 492 640 1 495 424 557 462 1 41 521 86 581 1 318 430 333 468
United_States_005241.jpg,2 334 496 500 521 3 310 506 428 639
United_States_005242.jpg,2 85 551 272 640
United_States_005243.jpg,1 72 477 141 589 1 136 427 192 526
United_States_005244.jpg,1 369 405 602 627 1 211 472 236 571
United_States_005245.jpg,2 192 436 462 484 2 158 386 400 418
United_States_005246.jpg,1 387 384 421 473 1 371 420 386 471
United_States_005247.jpg,1 144 453 169 504 1 495 583 563 639
United_States_005248.jpg,1 50 481 189 601 2 417 519 490 533 3 370 494 441 585
United_States_005249.jpg,1 398 505 463 639
United_States_005250.jpg,1 3 452 146 610 1 258 440 283 506
United_States_005251.jpg,1 31 554 84 601 3 123 392 218 569 1 289 393 367 489
United_States_005252.jpg,1 262 387 284 456 2 342 482 473 508 3 216 512 344 639 1 33 399 75 423
United_States_005253.jpg,1 390 398 485 490
United_States_005254.jpg,1 92 428 191 625 1 127 435 190 569 3 477 0 639 156
United_States_005255.jpg,1 251 470 272 536
United_States_005256.jpg,2 408 539 603 575 1 397 591 450 639 2 411 543 569 574
United_States_005257.jpg,2 296 500 515 527 1 0 415 128 497
United_States_005258.jpg,1 243 427 294 640 2 0 534 137 563
United_States_005259.jpg,1 432 405 640 618 1 251 396 268 440
United_States_005260.jpg,2 129 526 215 544 1 499 459 639 573 1 218 452 256 530 2 132 394 436 462 2 188 431 291 458
United_States_005261.jpg,1 0 513 97 618 1 438 421 496 466 1 61 449 127 491 1 160 508 212 597
United_States_005262.jpg,2 427 572 630 595 2 338 555 397 570
United_States_005263.jpg,1 114 413 168 492 2 425 586 585 613 2 471 586 584 612
United_States_005264.jpg,1 300 452 339 542 2 19 407 477 472 1 0 476 48 603 1 241 397 260 433
United_States_005265.jpg,3 183 538 305 640 3 419 537 570 639
United_States_005266.jpg,1 301 539 347 639 2 0 528 56 548
United_States_005267.jpg,2 68 460 367 515
United_States_005268.jpg,3 0 384 204 620 1 149 535 202 640 2 155 438 335 469 3 300 474 435 555 1 352 424 374 455 1 438 394 638 512 1 501 422 640 517
United_States_005269.jpg,2 0 467 147 487
United_States_005270.jpg,1 460 591 513 640
United_States_005271.jpg,3 2 406 352 639 1 360 409 553 629 1 462 420 637 532 3 359 410 569 631
United_States_005272.jpg,1 0 456 169 585
United_States_005273.jpg,2 266 452 618 497 2 87 429 386 457
United_States_005274.jpg,1 190 386 227 449 2 21 552 162 623
United_States_005275.jpg,2 371 505 560 553 2 268 557 401 580 1 343 359 626 547
United_States_005276.jpg,2 381 515 508 540 2 368 450 469 467
United_States_005277.jpg,2 45 575 172 614 3 268 371 321 412 3 253 365 640 600 2 216 509 380 575 1 338 401 640 564 3 237 387 269 423 2 50 505 392 609
United_States_005278.jpg,1 291 494 403 590 1 184 537 204 606 1 81 524 140 638 2 233 517 316 536 3 182 450 244 508
United_States_005279.jpg,1 514 497 631 626
United_States_005280.jpg,1 126 432 224 560 1 397 441 545 639
United_States_005281.jpg,1 84 430 171 639
United_States_005282.jpg,1 397 399 594 636
United_States_005283.jpg,2 44 426 205 452
United_States_005284.jpg,1 70 469 162 640 1 0 469 73 550 2 0 535 116 557
United_States_005285.jpg,1 34 472 145 584 1 304 456 390 573 1 221 466 274 638
United_States_005286.jpg,1 257 396 289 528 1 264 544 294 639
United_States_005287.jpg,2 256 463 640 539 1 462 463 521 639
United_States_005288.jpg,1 49 406 233 621 1 299 411 377 638 1 340 537 385 639 1 297 411 343 539 2 194 462 303 479
United_States_005289.jpg,3 443 497 530 640 3 0 428 282 623
United_States_005290.jpg,1 199 390 225 490 1 370 440 397 478 1 453 466 538 540 1 196 385 225 547
United_States_005291.jpg,1 84 393 199 636
United_States_005292.jpg,2 11 478 216 531
United_States_005293.jpg,1 490 512 630 621 1 352 483 406 561 1 327 440 406 559 1 461 490 630 619
United_States_005294.jpg,3 168 448 316 554
United_States_005295.jpg,2 120 576 472 612 3 11 548 136 623 2 126 574 495 624 3 0 462 139 624 3 0 469 99 537
United_States_005296.jpg,1 257 426 295 544 2 185 553 323 575 3 346 409 448 562 1 433 381 489 418 2 540 458 640 478 2 481 422 600 438
United_States_005297.jpg,1 365 459 500 638
United_States_005298.jpg,1 257 510 304 639
United_States_005299.jpg,1 192 391 265 487 2 99 466 175 481 2 210 461 370 485
United_States_005300.jpg,1 269 572 304 640 2 64 443 185 463 1 269 572 321 639
United_States_005301.jpg,1 366 469 438 542
United_States_005302.jpg,1 340 470 423 583
United_States_005303.jpg,2 45 527 276 620 1 18 414 100 609 1 420 511 552 639 2 245 463 514 521 2 413 461 514 505
United_States_005304.jpg,1 191 472 246 640
United_States_005305.jpg,1 277 447 332 619 1 81 395 203 571
United_States_005306.jpg,3 0 437 150 603 1 448 400 639 501 3 314 396 461 548 1 450 398 551 448 3 135 386 201 432 2 119 518 200 536 2 142 442 232 457 1 315 395 442 546
United_States_005307.jpg,1 407 421 639 544 1 226 395 287 525 3 0 440 76 599 2 113 443 204 460 1 0 441 74 606 1 234 444 287 525 2 259 394 483 435
United_States_005308.jpg,2 0 464 222 493 1 215 388 240 544
United_States_005309.jpg,1 252 461 280 544 1 144 422 231 639 1 6 432 62 462 3 126 427 233 639
United_States_005310.jpg,1 478 469 575 621 1 477 383 589 517
United_States_005311.jpg,1 222 455 242 554 1 122 386 181 442 2 101 507 234 526 3 278 518 418 568 1 63 516 121 597 2 276 520 418 552
United_States_005312.jpg,3 0 412 180 640 1 57 578 102 639 3 212 421 330 554 1 0 406 122 508
United_States_005313.jpg,1 443 398 638 632 2 50 473 213 497 1 91 451 255 636 2 533 492 640 515 2 14 473 213 500
United_States_005314.jpg,1 384 470 417 546 1 395 427 557 639
United_States_005315.jpg,1 103 449 219 612 1 395 441 485 566 2 401 433 585 490 1 397 444 448 517 2 242 443 397 466 1 100 536 161 618
United_States_005316.jpg,1 0 429 152 575 1 390 461 454 561
United_States_005317.jpg,1 134 396 279 638 1 0 359 249 540
United_States_005318.jpg,1 135 488 216 639
United_States_005319.jpg,1 180 400 275 557 1 106 573 164 640 1 111 394 277 639
United_States_005320.jpg,1 354 437 411 552 2 414 520 616 549 2 451 519 616 545
United_States_005321.jpg,1 242 417 270 640 2 152 436 342 465 2 70 558 249 626
United_States_005322.jpg,2 104 491 496 539 2 312 496 492 533 2 0 503 117 539
United_States_005323.jpg,2 0 550 206 595 1 132 386 195 429 1 513 427 640 499 1 372 468 403 547 1 175 443 249 624 1 442 459 603 617
United_States_005324.jpg,1 202 436 267 561 1 390 445 534 637 1 364 405 535 636
United_States_005325.jpg,1 48 543 114 620 1 324 510 376 640
United_States_005326.jpg,1 317 437 364 531 1 381 379 500 440 1 493 447 639 550
United_States_005327.jpg,4 123 519 157 550 3 130 407 180 477
United_States_005328.jpg,2 293 498 533 553 1 453 540 543 638 2 0 546 208 579 1 266 403 305 552 2 284 458 486 503 1 127 572 162 640
United_States_005329.jpg,1 363 420 381 461 2 317 494 461 515 2 298 406 409 425
United_States_005330.jpg,1 351 483 456 639 3 351 485 464 639
United_States_005331.jpg,1 3 502 100 619 1 302 439 422 575 1 257 414 323 599
United_States_005332.jpg,1 399 517 467 598 1 105 429 169 552 4 174 551 209 576 1 181 375 213 435 1 314 423 363 543
United_States_005333.jpg,1 60 465 177 621
United_States_005334.jpg,2 304 408 576 447 2 307 413 492 445 1 57 393 193 470
United_States_005335.jpg,1 357 489 502 639 1 0 395 120 604 1 366 461 410 492 2 4 421 432 477
United_States_005336.jpg,1 347 410 593 639 1 469 450 612 528 2 0 554 128 579 1 283 370 303 409 1 124 506 163 572
United_States_005337.jpg,1 363 509 415 592
United_States_005338.jpg,1 86 382 150 518 3 179 411 354 640 3 0 533 135 602
United_States_005339.jpg,1 388 548 499 640 2 254 539 396 565
United_States_005340.jpg,1 531 507 638 617 2 326 508 453 538 1 0 528 65 600 1 0 396 131 599
United_States_005341.jpg,1 341 437 529 637
United_States_005342.jpg,1 176 430 206 551
United_States_005343.jpg,1 376 475 486 639 1 249 525 296 639
United_States_005344.jpg,2 1 454 237 488 2 7 446 434 492
United_States_005345.jpg,3 0 397 236 539
United_States_005346.jpg,1 141 436 165 479 1 232 403 244 434
United_States_005347.jpg,1 311 397 554 638 1 208 405 251 567 2 0 572 145 603 2 35 485 182 505 1 302 399 320 430
United_States_005348.jpg,2 57 430 409 562 2 59 561 205 613
United_States_005349.jpg,1 0 372 222 565 2 66 443 266 463
United_States_005350.jpg,1 150 411 222 568
United_States_005351.jpg,1 128 420 242 638
United_States_005352.jpg,1 411 441 467 482 1 348 431 516 638 1 204 400 243 501
United_States_005353.jpg,1 70 540 129 635 1 346 460 409 583 2 212 574 600 640
United_States_005354.jpg,2 2 428 330 495
United_States_005355.jpg,1 36 398 127 543
United_States_005356.jpg,1 224 473 262 639 1 304 488 325 531 1 236 401 250 443
United_States_005357.jpg,1 53 518 121 618 1 152 375 204 638 1 267 462 286 505 2 0 435 431 515 2 0 478 174 514 1 325 499 403 630 1 147 491 190 639 1 186 363 212 468 2 41 435 486 502 1 284 562 305 609 2 174 556 258 588 1 156 374 209 590 1 55 445 86 496
United_States_005358.jpg,1 44 444 130 604 2 270 446 403 476 2 0 511 89 533 1 18 444 52 467
United_States_005359.jpg,1 273 513 308 556 1 128 461 147 520 1 276 477 320 517 1 126 412 152 521
United_States_005360.jpg,1 251 517 306 579
United_States_005361.jpg,1 427 423 637 600 2 533 494 639 517 3 0 438 176 634 2 57 458 147 474 1 346 435 371 470
United_States_005362.jpg,2 579 601 640 625 2 502 409 640 436 2 329 517 397 550 2 324 516 479 572
United_States_005363.jpg,1 106 401 222 640 1 345 413 529 577 1 230 543 293 639 1 460 544 543 639 1 239 464 319 639 1 559 488 640 566
United_States_005364.jpg,1 21 436 117 625 2 106 425 303 474
United_States_005365.jpg,1 407 493 509 620 1 405 492 496 592 1 354 448 391 503 2 294 493 384 534
United_States_005366.jpg,1 82 587 148 639 1 85 566 156 640
United_States_005367.jpg,3 0 370 254 583
United_States_005368.jpg,1 81 435 159 639 2 0 483 129 507 2 172 450 377 487 1 270 471 290 521
United_States_005369.jpg,1 409 453 579 622
United_States_005370.jpg,1 392 465 637 611 1 321 519 373 611 1 214 418 287 501 1 215 418 371 608
United_States_005371.jpg,1 306 453 338 526 1 180 515 225 551 1 318 406 340 445 1 0 450 108 556 1 342 386 357 412 2 209 457 276 477
United_States_005372.jpg,1 136 573 193 639 1 208 500 227 529 1 289 522 325 639 1 289 525 340 639
United_States_005373.jpg,1 157 379 189 467
United_States_005374.jpg,1 389 436 590 635 1 55 388 219 634 2 342 490 440 510
United_States_005375.jpg,3 13 398 363 640 2 341 498 427 515
United_States_005376.jpg,1 45 512 113 583 1 0 452 89 557 1 227 478 255 555
United_States_005377.jpg,1 308 388 551 638
United_States_005378.jpg,1 341 485 423 578 1 266 391 314 453 2 0 479 353 560 2 0 505 315 561 1 242 471 263 517
United_States_005379.jpg,1 327 442 494 639 1 236 422 277 556 1 102 462 151 551
United_States_005380.jpg,2 486 546 630 608 2 412 544 508 599
United_States_005381.jpg,1 344 407 550 638 2 406 468 570 490 4 118 540 145 561
United_States_005382.jpg,1 297 562 340 639 1 438 593 502 640 1 438 594 533 639 1 297 563 365 640
United_States_005383.jpg,1 77 527 128 555 1 333 460 351 509
United_States_005384.jpg,1 89 383 170 482 2 343 513 429 536 2 0 511 276 597 2 0 508 184 604
United_States_005385.jpg,1 93 428 226 638 2 99 406 237 426
United_States_005386.jpg,1 180 513 196 554 1 325 523 383 605 2 191 553 264 570 1 254 517 304 640 2 156 551 265 571 1 382 519 434 558 1 256 517 324 639
United_States_005387.jpg,2 525 514 638 544 1 273 520 301 639 2 101 511 197 529 2 64 555 99 569 2 101 503 270 532
United_States_005388.jpg,1 410 455 585 604 1 176 508 197 573
United_States_005389.jpg,1 0 393 175 615
United_States_005390.jpg,2 264 492 316 506 1 19 455 82 522 4 52 457 82 487
United_States_005391.jpg,1 0 391 172 621 1 376 476 537 625
United_States_005392.jpg,1 115 496 205 640 1 170 440 200 483 2 188 411 386 431
United_States_005393.jpg,1 262 375 300 453 1 0 446 101 562 2 144 468 277 487 1 0 450 93 539
United_States_005394.jpg,2 309 507 385 547 1 286 467 321 549 2 232 443 286 455 1 153 375 198 583 1 417 434 489 464 1 153 486 197 583
United_States_005395.jpg,2 191 495 533 564 1 459 470 560 585 1 395 393 421 463 2 526 522 640 545 2 236 464 328 480
United_States_005396.jpg,3 0 472 234 636
United_States_005397.jpg,1 311 405 391 634 1 324 480 393 637
United_States_005398.jpg,1 366 556 419 639 1 365 554 454 639
United_States_005399.jpg,1 124 475 151 519 1 78 557 152 632 2 50 431 166 448 2 250 434 442 451 2 37 430 456 452
United_States_005400.jpg,1 8 409 182 622
United_States_005401.jpg,3 552 557 606 624
United_States_005402.jpg,2 134 551 378 638 3 27 494 120 619 1 27 494 119 618
United_States_005403.jpg,2 483 581 639 631 2 481 588 639 623
United_States_005404.jpg,1 131 393 150 438 1 107 451 129 506
United_States_005405.jpg,2 0 561 197 589 2 405 569 524 595
United_States_005406.jpg,2 65 426 486 528 2 307 435 482 490 2 123 503 239 522 2 79 501 242 529
United_States_005407.jpg,1 250 405 365 635 1 342 425 497 547 1 442 536 492 576 1 250 406 324 556
United_States_005408.jpg,2 58 555 268 630 2 0 486 140 511
United_States_005409.jpg,1 318 387 407 483 1 300 449 386 639 1 155 377 237 625
United_States_005410.jpg,2 0 502 246 550
United_States_005411.jpg,1 40 555 77 620 3 84 459 241 637
United_States_005412.jpg,1 303 521 363 639
United_States_005413.jpg,1 183 500 212 579 1 64 508 126 639
United_States_005414.jpg,1 47 459 161 619 1 297 485 322 534 1 345 431 399 487 1 142 431 169 456 1 424 475 464 545
United_States_005415.jpg,1 19 459 105 522 2 283 589 439 621
United_States_005416.jpg,2 221 587 335 608 2 221 579 341 608 1 321 488 335 512
United_States_005417.jpg,2 164 488 382 530 2 14 482 230 523
United_States_005418.jpg,1 226 404 252 503
United_States_005419.jpg,2 0 478 117 501 1 107 424 226 639 1 249 435 299 638 1 251 443 275 547 3 326 402 580 639 2 71 437 193 456 3 324 401 497 559 2 0 526 159 568 2 0 475 236 571
United_States_005420.jpg,1 116 438 204 569 1 0 390 136 476 1 230 380 274 546 1 113 562 163 640 2 176 469 236 482 1 361 413 435 510
United_States_005421.jpg,2 361 617 514 639 2 358 614 561 639
United_States_005422.jpg,3 268 430 481 638 1 86 469 137 600
United_States_005423.jpg,1 361 504 407 585
United_States_005424.jpg,2 254 586 389 631
United_States_005425.jpg,1 383 571 425 639 1 382 572 459 640
United_States_005426.jpg,1 211 398 239 462 1 295 421 309 457 1 12 461 157 620 2 512 594 574 640 1 513 594 574 640
United_States_005427.jpg,1 79 456 195 588 3 75 455 196 588 2 83 418 313 438 2 147 419 313 437
United_States_005428.jpg,
United_States_005429.jpg,1 209 388 240 466 2 1 492 291 522 1 286 504 322 640 1 269 386 326 639 2 312 483 388 499 2 11 488 335 518
United_States_005430.jpg,2 44 490 456 589 2 0 528 431 591 1 259 577 283 639 2 437 496 623 523
United_States_005431.jpg,3 80 442 252 638 1 357 421 452 639 1 385 516 457 640 1 83 437 198 583
United_States_005432.jpg,3 11 405 479 639
United_States_005433.jpg,1 49 461 124 616 1 242 453 290 526
United_States_005434.jpg,1 459 429 542 505 1 533 425 639 497 1 531 424 639 477
United_States_005435.jpg,1 346 430 376 472 1 311 404 378 472
United_States_005436.jpg,1 466 451 637 555 1 14 392 179 620 1 212 419 242 640 1 210 396 234 638
United_States_005437.jpg,3 114 492 265 639 1 360 536 397 639 1 116 580 162 639
United_States_005438.jpg,3 12 422 189 636 1 234 407 297 639 1 342 437 376 470 1 164 379 184 408
United_States_005439.jpg,1 500 440 639 550 1 401 381 452 426 1 453 524 494 577 2 0 491 91 517 1 48 569 88 620
United_States_005440.jpg,2 373 470 548 499 2 363 465 593 501
United_States_005441.jpg,1 37 475 114 559
United_States_005442.jpg,
United_States_005443.jpg,1 480 484 619 625 1 453 380 610 471 1 363 477 391 564 1 357 453 413 639 2 487 467 621 489
United_States_005444.jpg,2 0 485 119 511
United_States_005445.jpg,1 272 481 330 638 1 369 514 434 616 3 360 512 615 640
United_States_005446.jpg,2 236 454 352 490 2 414 547 559 576 2 0 543 177 603 1 189 438 214 535 1 298 400 426 578 1 0 499 51 579 1 268 494 328 639 2 414 543 596 578 2 327 565 406 601
United_States_005447.jpg,1 555 505 639 612 1 308 460 349 547 2 137 410 256 424 2 473 555 639 592 1 301 397 314 429 1 458 388 635 472 2 338 500 449 527 2 476 557 594 575 2 471 556 636 579
United_States_005448.jpg,1 387 507 593 639 1 271 506 294 551
United_States_005449.jpg,2 408 507 613 562 1 340 466 389 554
United_States_005450.jpg,1 210 491 294 639
United_States_005451.jpg,1 193 386 235 539 1 346 403 443 510 1 21 488 93 551
United_States_005452.jpg,1 385 508 525 639 1 253 412 282 457 2 31 452 305 511 1 489 501 616 563 3 253 374 301 415 1 304 413 523 639
United_States_005453.jpg,1 352 483 465 639 1 226 463 262 548 2 266 496 359 513
United_States_005454.jpg,1 263 539 295 640 2 125 468 594 533 2 0 478 465 527 1 22 444 94 504 2 473 475 602 492
United_States_005455.jpg,1 163 421 245 639 1 285 427 342 535 2 0 540 61 562
United_States_005456.jpg,2 289 445 433 467
United_States_005457.jpg,2 136 492 471 552 1 330 567 357 640
United_States_005458.jpg,1 298 399 406 638 1 312 468 408 639
United_States_005459.jpg,1 415 446 560 530 1 383 418 557 529 1 313 398 556 527
United_States_005460.jpg,1 348 466 405 637 3 103 412 266 613 2 10 446 222 466
United_States_005461.jpg,1 0 437 125 528
United_States_005462.jpg,1 53 488 144 624 1 323 540 378 639
United_States_005463.jpg,2 0 436 231 484 3 2 434 242 483
United_States_005464.jpg,1 466 518 593 621 1 336 429 413 512 1 427 477 591 619
United_States_005465.jpg,2 436 440 639 464
United_States_005466.jpg,4 223 478 283 509
United_States_005467.jpg,1 301 437 361 639 2 304 395 452 415 1 238 472 266 564
United_States_005468.jpg,1 10 413 124 534 2 0 531 84 575 2 235 579 356 640
United_States_005469.jpg,1 227 383 262 449 2 148 427 206 440 1 209 439 242 562 1 123 377 179 469 1 332 372 613 482 2 44 543 245 609
United_States_005470.jpg,1 62 390 208 638 2 154 471 310 514
United_States_005471.jpg,1 96 380 259 638 1 460 456 512 523 3 335 386 427 460 1 484 527 517 612 2 0 516 168 543 2 75 452 471 472 2 0 451 195 470 2 0 522 177 540
United_States_005472.jpg,1 124 489 155 582
United_States_005473.jpg,1 385 451 433 505 1 394 377 636 457
United_States_005474.jpg,1 27 416 170 545
United_States_005475.jpg,1 0 538 57 618
United_States_005476.jpg,2 62 464 273 519 1 161 550 193 640 1 278 377 304 436 1 324 482 386 637
United_States_005477.jpg,1 14 397 87 619
United_States_005478.jpg,1 183 377 255 464 1 314 413 332 438
United_States_005479.jpg,2 8 449 367 481
United_States_005480.jpg,1 367 444 445 503 1 369 439 469 536
United_States_005481.jpg,1 305 471 463 568 2 295 584 393 620 1 70 539 146 639 1 250 580 280 640
United_States_005482.jpg,1 99 427 187 575 2 0 510 101 535
United_States_005483.jpg,2 247 481 357 503 2 282 412 401 430 2 426 449 529 465 1 389 397 538 637 2 412 525 466 538 2 338 447 525 468 1 463 531 544 640
United_States_005484.jpg,1 432 451 583 635 1 441 462 489 547
United_States_005485.jpg,1 305 460 376 598 2 1 520 300 572 2 186 521 300 549 2 612 577 640 610
United_States_005486.jpg,1 132 477 164 551 1 272 538 349 640 2 355 492 488 542
United_States_005487.jpg,1 66 532 131 639 2 482 546 638 617 1 326 417 507 638 2 282 521 397 547 1 171 421 243 639 1 97 439 170 528 3 63 422 297 639
United_States_005488.jpg,2 10 491 135 511 2 508 459 640 486 1 326 571 398 639 1 326 380 392 466 1 443 529 521 620 2 501 566 622 602 1 333 384 393 541
United_States_005489.jpg,2 324 463 459 493 4 77 532 112 557 1 250 367 436 640 2 326 467 428 492
United_States_005490.jpg,2 552 530 639 619 2 521 526 639 629 2 199 400 340 432
United_States_005491.jpg,1 116 389 254 528 2 0 567 142 594
United_States_005492.jpg,1 452 438 513 482 1 277 436 311 497 2 503 450 639 477 3 54 441 198 610 2 44 524 376 612 2 456 446 639 500 1 346 465 483 638
United_States_005493.jpg,3 173 511 327 640 1 381 562 438 639 1 380 563 464 640
United_States_005494.jpg,1 371 407 496 531 1 183 410 252 640 2 357 526 496 565 1 583 478 640 567
United_States_005495.jpg,3 1 364 416 635 2 354 461 456 477 1 404 417 606 622
United_States_005496.jpg,1 71 452 147 572 1 323 416 469 639
United_States_005497.jpg,2 460 475 562 498 1 461 423 529 468 2 146 472 261 494 1 561 437 640 499
United_States_005498.jpg,1 242 388 266 439
United_States_005499.jpg,1 53 478 76 509 1 102 499 127 571 1 110 407 142 471
United_States_005500.jpg,1 19 526 144 620
United_States_005501.jpg,1 130 390 254 639 1 439 472 596 639 1 376 408 594 638 1 315 393 426 638 1 268 443 293 518 1 129 465 226 639
United_States_005502.jpg,1 155 438 205 542 1 241 510 267 550
United_States_005503.jpg,1 329 430 373 484 2 557 509 623 526 1 301 482 335 519 2 452 495 583 524 1 0 383 123 475 2 367 495 580 565
United_States_005504.jpg,1 353 481 372 534
United_States_005505.jpg,1 499 505 637 626 1 355 492 451 639 1 373 405 450 473
United_States_005506.jpg,3 12 417 135 622 1 290 431 468 639 1 290 433 375 523
United_States_005507.jpg,1 372 488 595 635 1 95 523 137 579 1 185 581 209 639 1 333 455 604 637 1 326 578 366 639
United_States_005508.jpg,2 143 454 367 479
United_States_005509.jpg,2 98 499 317 540
United_States_005510.jpg,2 0 506 128 531 1 159 441 204 486 1 448 416 637 561 2 390 502 509 521
United_States_005511.jpg,2 488 533 541 547 2 527 617 566 635 2 255 418 433 442
United_States_005512.jpg,1 325 367 346 417 3 228 386 310 640 1 577 475 639 552 1 469 420 508 449 2 585 545 639 571
United_States_005513.jpg,1 63 438 188 618 1 143 396 175 443 2 268 526 443 552 1 401 492 524 639 3 437 536 523 640 2 263 525 492 555
United_States_005514.jpg,1 89 474 206 619
United_States_005515.jpg,1 208 434 233 523 1 380 487 459 606 2 30 510 286 537 1 77 401 130 432 2 36 509 217 531
United_States_005516.jpg,1 195 460 260 639 1 69 403 134 451
United_States_005517.jpg,1 65 489 134 622 1 205 397 227 449 2 205 424 359 478 1 362 492 462 625 1 362 492 426 581 1 206 436 302 478 2 0 482 146 504
United_States_005518.jpg,1 160 532 178 577 1 241 529 263 638
United_States_005519.jpg,1 376 503 457 640 3 374 503 429 593 3 375 502 455 639
United_States_005520.jpg,2 121 426 411 457 1 0 520 41 609
United_States_005521.jpg,1 127 434 152 510 3 370 404 638 614 1 38 525 83 630 2 1 498 243 534 1 448 546 522 622
United_States_005522.jpg,1 124 494 166 566 1 242 411 266 546 1 235 414 265 639 1 340 405 544 617 1 276 390 288 410
United_States_005523.jpg,1 318 406 551 637 2 379 411 506 433
United_States_005524.jpg,2 382 452 576 500
United_States_005525.jpg,1 185 385 269 547 1 493 518 544 564
United_States_005526.jpg,1 190 432 255 545 1 30 375 171 446 2 379 526 500 553 1 311 394 359 540 1 189 397 263 546 1 0 456 78 523 2 335 427 439 442 1 324 447 358 540 1 540 590 582 639
United_States_005527.jpg,2 490 515 640 553 2 112 481 298 505 1 493 549 568 633 2 434 436 619 462 2 168 440 299 457
United_States_005528.jpg,1 22 518 95 607 1 220 479 243 543
United_States_005529.jpg,1 124 522 233 640 1 126 488 262 639 2 244 534 385 557
United_States_005530.jpg,2 453 490 552 515 1 277 485 309 639 2 338 440 460 466
United_States_005531.jpg,
United_States_005532.jpg,1 223 480 292 638 1 221 542 268 639
United_States_005533.jpg,1 5 434 108 496 1 127 406 156 432 1 0 435 107 520
United_States_005534.jpg,1 331 391 558 638 1 308 503 352 553 1 476 501 548 566 1 162 433 202 523 1 360 374 435 419 2 0 550 121 576
United_States_005535.jpg,2 351 544 473 599 1 71 406 146 636 3 32 522 116 640
United_States_005536.jpg,1 284 412 506 639 2 428 490 616 560
United_States_005537.jpg,2 0 536 201 561 2 57 526 304 591 2 153 484 221 502
United_States_005538.jpg,2 197 493 548 540 3 397 513 540 639 1 149 428 199 495
United_States_005539.jpg,1 112 410 230 638 2 0 589 87 612
United_States_005540.jpg,1 279 461 318 621 2 114 446 289 468 2 110 446 468 468 2 350 445 465 462
United_States_005541.jpg,1 159 401 279 638 2 548 553 640 594
United_States_005542.jpg,1 315 504 348 640 1 75 483 226 636 1 0 511 105 596 1 220 508 271 639 2 346 620 452 639 1 216 478 278 639
United_States_005543.jpg,2 58 416 453 434 2 575 596 640 625 2 0 461 167 499 2 370 505 520 541 1 89 404 222 640 1 346 372 388 401 2 365 505 525 554 1 84 533 150 639 2 65 421 185 436 2 169 503 527 565 2 338 503 522 568 1 540 486 640 574 2 163 416 439 432
United_States_005544.jpg,1 138 433 178 575
United_States_005545.jpg,1 199 435 232 553 2 132 549 232 588
United_States_005546.jpg,3 68 378 400 551 2 89 443 200 462 2 117 427 200 442 2 73 474 161 492
United_States_005547.jpg,1 368 424 457 580 2 135 465 354 489 1 260 479 286 555 2 451 514 603 538 2 446 510 633 540
United_States_005548.jpg,1 227 395 267 640 2 79 435 231 455 1 228 390 256 640 1 229 401 253 560
United_States_005549.jpg,1 21 391 219 623
United_States_005550.jpg,1 236 437 285 555
United_States_005551.jpg,1 240 498 278 640
United_States_005552.jpg,1 116 430 164 552
United_States_005553.jpg,
United_States_005554.jpg,2 148 452 251 467 2 288 455 541 525 1 372 504 413 558 2 60 565 206 589 1 247 449 299 546 2 361 459 539 506
United_States_005555.jpg,2 365 531 432 567 1 84 433 138 568
United_States_005556.jpg,2 288 467 512 556 1 202 398 248 557 2 484 479 578 506 2 0 585 100 616 1 323 530 389 609
United_States_005557.jpg,1 311 440 422 639 2 74 456 320 487 1 546 534 639 612 1 483 446 589 502
United_States_005558.jpg,1 143 410 166 488 2 238 420 368 441 1 376 512 405 591 2 1 471 245 514 2 468 506 517 527 1 114 408 162 586 2 0 406 166 431 1 115 512 140 591 2 288 478 484 515
United_States_005559.jpg,1 81 410 107 469 1 185 396 324 553
United_States_005560.jpg,1 104 431 161 573
United_States_005561.jpg,3 180 392 409 542 2 0 522 86 547
United_States_005562.jpg,3 177 401 317 569 1 401 487 469 639 2 0 547 189 579 2 180 467 241 481 2 312 462 417 481
United_States_005563.jpg,2 503 578 638 607 3 136 454 259 544 2 239 507 406 533
United_States_005564.jpg,1 337 395 566 636 1 165 431 222 640 1 454 484 570 639
United_States_005565.jpg,2 397 537 639 586
United_States_005566.jpg,2 325 445 416 462 2 55 467 271 494 2 401 532 488 551 1 392 395 588 640 2 55 468 216 490 1 387 403 530 560
United_States_005567.jpg,3 349 412 639 639
United_States_005568.jpg,2 169 434 273 452 1 46 424 162 625 2 0 412 158 432
United_States_005569.jpg,1 229 390 254 484 1 491 482 582 555
United_States_005570.jpg,1 75 418 153 579 1 229 460 261 545
United_States_005571.jpg,1 428 470 588 627 3 261 408 394 640
United_States_005572.jpg,2 426 519 639 571 1 402 413 467 482
United_States_005573.jpg,3 0 391 149 620 2 396 504 533 542 2 425 502 537 531 3 0 371 54 417
United_States_005574.jpg,1 204 413 240 453 1 82 453 177 637 1 247 463 290 640
United_States_005575.jpg,1 0 430 179 610 1 245 362 297 491 2 393 498 592 522 2 113 484 279 510
United_States_005576.jpg,3 507 526 639 621
United_States_005577.jpg,1 515 481 595 539 3 337 440 432 524 3 355 448 424 523 1 338 441 431 639
United_States_005578.jpg,1 115 386 170 640 2 0 400 274 444 2 0 412 160 440
United_States_005579.jpg,1 13 520 95 624 2 298 553 529 639 2 165 552 524 640
United_States_005580.jpg,1 176 403 225 605 1 11 521 87 619 2 96 439 162 455 1 8 497 167 617 3 176 402 229 605
United_States_005581.jpg,1 394 564 417 615 1 357 503 387 567 1 184 549 237 640
United_States_005582.jpg,1 85 460 194 584
United_States_005583.jpg,2 153 465 398 500
United_States_005584.jpg,1 90 552 163 639 1 287 493 331 639
United_States_005585.jpg,1 269 429 340 639 1 539 573 600 625
United_States_005586.jpg,1 405 534 577 640 1 249 557 291 639 1 320 538 347 575 1 249 557 312 639
United_States_005587.jpg,2 93 526 204 563 1 180 433 269 639 1 362 454 452 639
United_States_005588.jpg,3 347 443 494 639 3 172 470 258 546
United_States_005589.jpg,1 305 468 358 574
United_States_005590.jpg,1 242 403 269 640 2 324 427 520 447 2 150 442 244 457
United_States_005591.jpg,1 189 516 206 556 2 0 499 201 530
United_States_005592.jpg,1 271 416 354 540
United_States_005593.jpg,1 86 401 198 638 3 256 411 394 632 1 265 419 459 637 3 255 412 454 635
United_States_005594.jpg,1 78 417 141 496 1 21 548 109 621 1 254 487 291 559 1 0 475 39 576
United_States_005595.jpg,
United_States_005596.jpg,2 72 603 505 640 2 84 586 535 640
United_States_005597.jpg,2 5 447 327 491 2 293 399 369 414 1 497 513 600 621 1 363 507 379 541
United_States_005598.jpg,1 219 547 256 639 2 22 529 225 565 2 261 506 344 523
United_States_005599.jpg,1 173 455 216 574 2 0 519 170 552 2 17 550 368 629
United_States_005600.jpg,1 284 393 471 580 2 0 556 101 593 1 200 388 218 427 1 295 398 537 639
United_States_005601.jpg,1 184 595 223 639 1 329 501 346 552
United_States_005602.jpg,3 232 396 491 639 2 176 516 247 532
United_States_005603.jpg,1 499 369 568 435 1 555 434 640 556
United_States_005604.jpg,1 138 487 207 634 1 374 502 420 570 1 294 373 355 464
United_States_005605.jpg,1 76 515 121 592 1 5 451 55 493
United_States_005606.jpg,3 1 399 179 609 4 43 420 68 433
United_States_005607.jpg,3 309 404 438 499
United_States_005608.jpg,3 24 389 444 640 2 0 456 177 497 4 13 549 56 590
United_States_005609.jpg,1 288 408 330 460 2 199 446 300 463 2 422 491 640 517
United_States_005610.jpg,1 289 428 313 505 1 7 390 132 468 1 107 403 220 638 1 73 478 119 525 1 304 550 335 640 1 133 385 188 439 2 11 457 194 483
United_States_005611.jpg,1 56 451 106 497 1 95 394 227 639 1 308 455 392 556 3 92 391 230 640
United_States_005612.jpg,1 44 518 88 598
United_States_005613.jpg,1 6 550 49 604 3 0 425 47 492
United_States_005614.jpg,1 11 485 176 617
United_States_005615.jpg,1 238 532 282 639 1 392 562 446 639 1 297 434 311 468
United_States_005616.jpg,2 33 452 127 469 1 108 460 133 569 2 127 468 197 482 1 0 566 26 610 1 193 478 234 600
United_States_005617.jpg,2 17 467 418 521 2 570 538 640 569 1 350 547 405 639 2 2 480 392 519 2 388 520 585 552 1 283 396 393 546 1 350 546 430 639
United_States_005618.jpg,1 40 510 110 617 1 204 521 249 639 1 203 524 267 640
United_States_005619.jpg,1 304 399 335 451
United_States_005620.jpg,2 91 589 168 638
United_States_005621.jpg,1 222 508 255 639 1 369 584 398 640 1 126 456 185 543 1 370 584 414 639
United_States_005622.jpg,1 150 463 248 638 1 190 473 246 582
United_States_005623.jpg,2 216 481 612 512 2 150 467 572 510 1 393 526 453 640 2 76 554 155 615
United_States_005624.jpg,1 62 496 154 635 2 0 504 109 528 1 2 421 120 510 1 61 421 121 473
United_States_005625.jpg,2 77 533 317 567
United_States_005626.jpg,2 419 483 538 580 1 417 483 538 580 1 384 372 536 441 1 550 436 639 501 2 542 500 574 522
United_States_005627.jpg,1 334 497 357 554 1 331 478 357 553
United_States_005628.jpg,1 122 494 179 639
United_States_005629.jpg,2 108 513 287 541 2 415 536 639 566 1 313 449 338 556
United_States_005630.jpg,1 150 402 185 476 2 180 500 253 521 1 242 498 262 589 3 18 404 186 633 2 351 419 426 435
United_States_005631.jpg,1 82 500 185 633 2 397 494 551 601 1 396 495 549 600 2 161 594 251 620 1 18 469 87 531
United_States_005632.jpg,3 256 373 436 443
United_States_005633.jpg,1 238 526 299 640 2 136 591 237 610
United_States_005634.jpg,1 198 420 224 546 2 129 530 332 605 2 134 531 331 585
United_States_005635.jpg,2 389 439 636 465
United_States_005636.jpg,1 246 405 304 639 2 255 393 497 412
United_States_005637.jpg,1 435 511 584 639 2 91 493 170 510 1 150 492 191 640 1 411 549 428 588 1 596 478 639 538 2 341 488 478 531
United_States_005638.jpg,4 288 467 325 490 2 1 458 212 482
United_States_005639.jpg,1 322 393 550 637 1 161 419 281 561 1 163 421 247 562
United_States_005640.jpg,2 47 436 398 496
United_States_005641.jpg,3 221 412 559 639 3 110 404 579 638 3 63 395 481 639 1 112 435 212 639
United_States_005642.jpg,3 106 382 581 639
United_States_005643.jpg,1 103 470 223 639 2 222 390 369 416
United_States_005644.jpg,1 112 402 338 622 2 385 599 578 634 3 112 404 421 640
United_States_005645.jpg,1 83 453 109 496 1 55 416 79 447 1 8 539 82 618
United_States_005646.jpg,1 209 488 236 556 2 464 596 608 621 2 325 618 382 636 1 302 549 333 638
United_States_005647.jpg,1 111 495 164 548 2 329 460 439 476 1 400 517 463 633 2 142 410 249 426
United_States_005648.jpg,
United_States_005649.jpg,2 243 538 382 558 1 191 514 254 639
United_States_005650.jpg,2 30 424 263 448 1 3 462 135 623 3 2 463 139 625 2 162 571 331 614
United_States_005651.jpg,2 168 427 432 448 3 407 409 640 618 1 302 384 335 531 1 302 385 337 490
United_States_005652.jpg,2 377 543 591 571 1 495 492 638 581
United_States_005653.jpg,2 510 522 640 581 2 37 391 404 451 1 210 374 316 636 3 67 377 326 636 2 238 393 395 427 2 393 536 522 574
United_States_005654.jpg,1 188 371 264 483 1 245 491 269 538 2 267 441 427 487 2 71 440 434 532 2 0 466 408 541
United_States_005655.jpg,1 400 413 528 512 1 456 404 639 522 3 5 405 285 639 1 406 389 639 515 3 61 395 530 640 3 84 385 286 638
United_States_005656.jpg,1 285 402 413 640 1 51 473 178 606 2 327 467 513 495 1 0 468 64 547 1 59 426 182 607 2 1 575 67 593
United_States_005657.jpg,1 248 429 295 640 1 310 392 333 446 1 253 432 293 534 1 307 368 334 446 2 278 428 471 460
United_States_005658.jpg,1 246 554 283 638 3 282 474 322 526
United_States_005659.jpg,1 96 526 154 640
United_States_005660.jpg,1 124 490 208 640 1 270 475 293 517
United_States_005661.jpg,1 228 418 305 547 1 87 428 143 600
United_States_005662.jpg,1 34 480 157 607 3 158 396 518 640 1 87 391 187 455 3 225 400 626 640 1 315 548 342 639 1 87 413 175 456 1 228 545 258 640
United_States_005663.jpg,2 18 462 299 498 1 93 482 120 516 2 15 466 218 495
United_States_005664.jpg,1 278 442 344 547 2 331 470 545 500 1 189 393 210 446
United_States_005665.jpg,1 426 480 624 621
United_States_005666.jpg,1 362 377 637 558 3 133 394 384 639 3 155 432 623 640 3 137 395 273 639 3 396 450 593 640
United_States_005667.jpg,2 1 485 226 559
United_States_005668.jpg,2 20 450 172 480
United_States_005669.jpg,1 358 379 394 416
United_States_005670.jpg,1 48 459 118 617
United_States_005671.jpg,1 81 533 108 576 3 126 396 211 546 1 125 394 213 548
United_States_005672.jpg,2 315 467 425 505 1 316 503 335 549
United_States_005673.jpg,2 0 484 322 553 2 0 505 240 561 1 141 424 199 583 1 159 428 204 511 2 2 457 215 566 1 110 425 204 579 1 183 597 205 639 2 3 488 222 566
United_States_005674.jpg,1 473 485 640 599 1 288 435 358 510 2 0 527 88 547 1 220 468 248 538 2 256 482 438 548
United_States_005675.jpg,1 14 511 107 583 1 0 510 108 603 1 64 563 145 640
United_States_005676.jpg,3 356 434 640 568 1 250 542 351 640
United_States_005677.jpg,1 475 526 589 637 1 359 527 417 639 2 407 610 539 634 2 407 619 488 634 1 186 475 273 638
United_States_005678.jpg,1 511 566 589 639 1 63 472 132 636 1 467 527 498 574 1 390 478 497 569
United_States_005679.jpg,1 417 415 639 602 3 5 392 289 638 1 344 412 458 555 2 477 431 620 459 2 477 435 594 459
United_States_005680.jpg,2 73 448 422 504
United_States_005681.jpg,1 182 519 207 574 1 195 388 247 498
United_States_005682.jpg,1 265 402 288 457
United_States_005683.jpg,2 122 476 524 564 1 491 447 570 495 1 219 547 260 640 2 9 503 465 569 2 199 481 511 560
United_States_005684.jpg,2 73 543 156 561
United_States_005685.jpg,1 296 481 338 639 1 337 364 354 394 1 295 433 312 474 1 295 400 332 474 1 317 399 332 439
United_States_005686.jpg,1 181 425 239 561 1 306 424 341 539 2 354 527 418 543 2 472 574 613 602 1 131 445 146 473 1 89 429 242 639
United_States_005687.jpg,
United_States_005688.jpg,1 119 422 167 471 1 327 452 422 556 1 2 494 87 590 2 24 565 94 581 2 143 518 432 565
United_States_005689.jpg,1 226 446 264 534 1 307 398 522 637
United_States_005690.jpg,
United_States_005691.jpg,1 216 427 375 639 2 291 451 394 478 2 290 448 428 478
United_States_005692.jpg,1 55 513 128 615 1 58 431 185 611
United_States_005693.jpg,1 87 442 212 636
United_States_005694.jpg,2 204 463 491 573 1 476 462 639 568
United_States_005695.jpg,3 361 402 630 637 3 8 366 269 482 3 9 401 309 638
United_States_005696.jpg,2 16 507 201 532 2 148 533 574 604 2 290 528 637 574 1 203 468 242 567 1 282 462 326 639
United_States_005697.jpg,2 238 472 409 520 2 235 463 462 520 1 207 397 233 441
United_States_005698.jpg,1 368 543 447 639 1 374 465 540 637
United_States_005699.jpg,3 205 397 463 640 3 214 396 455 541
United_States_005700.jpg,1 184 460 221 558 2 68 499 444 567
United_States_005701.jpg,1 467 522 588 638 1 376 449 437 507 4 126 468 167 490
United_States_005702.jpg,2 373 548 600 634 1 0 415 148 599 2 373 565 561 633 1 415 453 574 564 1 0 429 48 500
United_States_005703.jpg,1 215 454 235 528 1 261 432 278 485 2 467 451 569 473 1 329 407 416 503 2 114 525 265 546 1 331 427 415 571 1 429 511 480 566 1 229 401 244 440 1 587 417 639 451 2 109 527 293 552 1 587 416 639 468 1 325 402 478 639
United_States_005704.jpg,1 235 469 304 639 1 380 562 423 640 1 326 492 345 543
United_States_005705.jpg,1 222 447 296 519
United_States_005706.jpg,1 289 436 468 639 1 567 567 640 623 2 347 425 463 455
United_States_005707.jpg,1 15 538 80 618 2 327 507 465 552
United_States_005708.jpg,1 149 390 204 480 1 0 435 109 569
United_States_005709.jpg,1 334 522 390 626 2 381 604 464 627
United_States_005710.jpg,1 405 441 507 637 1 298 433 331 532 1 198 568 254 627 1 518 545 580 640 2 329 456 409 469 2 269 500 430 536
United_States_005711.jpg,2 122 520 335 553
United_States_005712.jpg,3 321 513 456 639
United_States_005713.jpg,1 202 525 248 640 2 237 579 367 600 3 411 598 482 639 1 225 524 248 588
United_States_005714.jpg,
United_States_005715.jpg,1 3 498 152 614
United_States_005716.jpg,1 387 403 638 614 1 462 403 523 441 1 334 416 377 543 1 361 539 396 640
United_States_005717.jpg,1 150 479 258 639 1 180 546 261 639
United_States_005718.jpg,1 147 456 287 639 2 313 582 472 634 1 378 413 534 637 2 488 487 640 514 2 350 466 418 480 1 331 422 349 464 2 339 582 473 623 1 405 472 543 637 2 438 484 640 514 1 236 387 288 457
United_States_005719.jpg,1 434 444 637 624
United_States_005720.jpg,3 271 392 492 623 3 61 386 503 640 3 0 391 115 501 3 118 392 255 620
United_States_005721.jpg,1 359 538 406 639
United_States_005722.jpg,1 112 473 157 639
United_States_005723.jpg,1 452 485 544 639
United_States_005724.jpg,1 0 520 105 613 1 138 504 258 639 1 346 521 379 576 1 390 554 466 639 1 281 484 308 546
United_States_005725.jpg,1 204 421 310 639 1 328 371 346 428 2 75 461 220 481 2 490 471 640 504 1 384 395 485 640
United_States_005726.jpg,1 294 373 325 462 1 179 465 234 535 1 215 370 252 438 2 11 513 189 541
United_States_005727.jpg,1 65 506 135 599 2 0 470 95 490 1 115 583 151 639 1 224 382 250 400
United_States_005728.jpg,3 0 386 437 636 3 41 391 514 638
United_States_005729.jpg,1 432 502 597 622 2 298 499 436 544 1 142 381 173 481 1 113 478 178 630 1 300 427 352 509
United_States_005730.jpg,1 0 403 141 596 1 0 447 104 599
United_States_005731.jpg,1 11 477 197 618 4 402 532 427 547
United_States_005732.jpg,2 260 541 468 635 1 437 511 539 612 1 208 401 234 638
United_States_005733.jpg,1 425 554 485 630 1 251 511 310 640
United_States_005734.jpg,2 135 453 351 484 2 122 443 438 486
United_States_005735.jpg,1 443 466 578 622
United_States_005736.jpg,2 0 468 228 504 2 165 425 417 468
United_States_005737.jpg,2 76 505 218 539
United_States_005738.jpg,1 0 425 162 584 1 250 433 291 639 1 259 438 289 541
United_States_005739.jpg,1 240 424 427 633 2 114 478 285 524 2 0 477 286 530 2 0 488 87 512
United_States_005740.jpg,2 0 533 197 568 2 239 505 518 563 1 194 398 226 626 1 197 388 232 568
United_States_005741.jpg,3 0 377 469 639 3 89 380 566 639 2 0 449 87 470
United_States_005742.jpg,1 194 410 255 548 1 392 406 606 622
United_States_005743.jpg,1 97 402 170 520
United_States_005744.jpg,1 241 427 281 640 1 0 366 131 470
United_States_005745.jpg,1 304 424 458 639 1 174 431 216 503 1 180 579 225 640
United_States_005746.jpg,1 608 449 640 505
United_States_005747.jpg,3 179 388 540 639 3 166 376 459 488
United_States_005748.jpg,
United_States_005749.jpg,2 178 434 315 469 1 537 435 639 605
United_States_005750.jpg,1 175 397 216 545 2 14 537 175 567 2 21 505 351 568 2 194 511 346 550
United_States_005751.jpg,3 0 392 418 640
United_States_005752.jpg,1 341 395 371 451 2 0 446 450 543
United_States_005753.jpg,1 180 344 206 398 2 270 484 438 529 1 165 411 178 436 1 0 384 128 516 2 273 487 410 526
United_States_005754.jpg,1 245 441 351 640
United_States_005755.jpg,1 392 557 427 639 1 375 557 428 639
United_States_005756.jpg,1 260 492 286 640 1 358 599 398 639 1 511 605 538 639 1 511 606 548 639 1 359 539 403 573
United_States_005757.jpg,2 215 413 393 452 2 233 413 387 444 1 387 505 432 531
United_States_005758.jpg,1 299 418 348 535 1 485 445 638 543 1 379 414 527 576 2 0 537 164 571
United_States_005759.jpg,1 201 377 282 639 1 307 423 394 637 1 408 517 562 638 1 397 379 633 542 1 479 436 636 544
United_States_005760.jpg,2 311 453 486 493
United_States_005761.jpg,2 5 523 184 594 2 541 535 601 602 1 282 398 343 576 1 188 498 240 576 2 398 411 640 431 1 540 534 600 602
United_States_005762.jpg,1 143 425 202 522 2 112 456 569 536 2 50 461 505 533 2 9 485 444 532
United_States_005763.jpg,1 405 440 469 555
United_States_005764.jpg,1 79 391 190 639 1 234 388 310 639 2 285 564 362 589 1 118 396 190 572 1 239 448 308 639
United_States_005765.jpg,1 236 429 300 545 2 0 484 55 504 1 224 397 299 545
United_States_005766.jpg,
United_States_005767.jpg,2 213 550 418 604 2 261 552 427 586
United_States_005768.jpg,1 62 415 129 467 1 160 429 211 639 1 165 568 196 640 1 159 444 210 578
United_States_005769.jpg,2 14 446 284 487 1 108 470 165 582
United_States_005770.jpg,2 0 552 177 582 3 101 405 446 565 1 347 520 401 615 2 133 439 236 456 2 132 436 457 488 2 81 485 423 551 2 0 424 112 444
United_States_005771.jpg,1 368 433 431 551 1 160 465 214 587 2 195 495 266 510 1 547 423 640 519
United_States_005772.jpg,2 305 439 399 458
United_States_005773.jpg,2 367 544 432 573
United_States_005774.jpg,1 47 512 137 621 2 116 450 304 468
United_States_005775.jpg,3 410 523 566 640 1 294 532 326 606
United_States_005776.jpg,1 512 456 553 487 2 352 429 639 454
United_States_005777.jpg,1 49 550 99 621 1 213 445 240 522 3 205 440 301 541 1 106 419 154 517 1 55 414 155 617 1 264 481 289 548
United_States_005778.jpg,1 107 503 187 639
United_States_005779.jpg,2 128 497 389 543
United_States_005780.jpg,1 375 538 427 639 1 256 516 284 607
United_States_005781.jpg,1 0 439 70 596
United_States_005782.jpg,1 341 481 375 547 2 341 471 439 490 2 0 472 157 495 1 1 569 62 637
United_States_005783.jpg,2 448 534 639 567 1 353 386 395 556
United_States_005784.jpg,1 302 397 401 551 1 22 459 86 518 1 442 404 639 524 1 407 557 473 639 1 514 437 640 512 2 365 451 415 468 2 114 440 203 457 1 396 387 637 513
United_States_005785.jpg,1 290 412 425 638 1 422 445 636 623 1 231 458 260 639 1 510 535 638 625
United_States_005786.jpg,1 273 510 350 638
United_States_005787.jpg,1 391 504 541 639 2 24 549 137 575 1 612 600 636 626
United_States_005788.jpg,2 541 607 597 624 1 336 404 364 500 1 433 445 510 578
United_States_005789.jpg,2 267 543 427 574 3 87 421 298 639 1 19 427 189 625
United_States_005790.jpg,2 84 446 241 475 1 321 401 369 541
United_States_005791.jpg,1 261 419 276 455 1 250 473 281 563
United_States_005792.jpg,1 201 470 239 639 2 0 538 209 572
United_States_005793.jpg,2 551 489 639 512 1 598 503 640 577
United_States_005794.jpg,1 297 449 328 639 1 172 451 221 550 1 391 484 431 560 1 0 391 191 563 2 149 437 291 458
United_States_005795.jpg,1 140 419 163 500
United_States_005796.jpg,1 476 430 639 511 1 343 521 374 575 1 341 385 440 439
United_States_005797.jpg,1 237 414 260 482 2 0 470 412 523 3 0 406 425 640 2 56 471 399 515
United_States_005798.jpg,2 82 511 276 575 2 83 539 227 572 1 220 513 272 555
United_States_005799.jpg,1 192 481 275 639 2 251 557 438 604 2 127 580 213 594 1 198 466 228 498 4 449 574 473 589
United_States_005800.jpg,1 328 500 380 639 2 0 513 331 554
United_States_005801.jpg,2 46 506 355 586 1 3 386 205 621
United_States_005802.jpg,2 373 501 542 565 2 45 407 168 426 3 251 403 403 601 2 384 501 538 547 2 286 394 351 406 1 252 403 403 603
United_States_005803.jpg,2 244 488 397 517 3 256 188 372 297
United_States_005804.jpg,1 223 454 268 562 1 571 497 639 559
United_States_005805.jpg,1 364 403 416 484 1 311 462 433 555 1 460 439 532 514 1 362 550 477 640 1 593 559 639 624
United_States_005806.jpg,1 64 454 189 638 1 180 387 198 419
United_States_005807.jpg,1 401 530 491 615 1 520 551 596 595
United_States_005808.jpg,1 166 482 190 568 1 235 433 301 461 2 249 494 403 551
United_States_005809.jpg,2 0 484 378 574 1 0 453 60 553 1 0 453 57 596
United_States_005810.jpg,1 363 449 521 637
United_States_005811.jpg,2 420 547 573 571 2 2 545 162 574 2 225 450 473 482 2 188 444 476 484 2 266 457 471 483
United_States_005812.jpg,1 0 420 169 636 2 61 616 136 639 1 274 462 304 639 2 278 620 525 640 2 278 623 410 640
United_States_005813.jpg,1 332 469 390 548 1 277 405 389 545 1 279 406 325 488
United_States_005814.jpg,1 130 423 252 638
United_States_005815.jpg,2 510 579 604 599 2 357 524 460 556 3 191 530 296 566 2 0 562 186 592 2 0 527 297 592
United_States_005816.jpg,1 482 531 584 640 1 3 432 209 604
United_States_005817.jpg,1 192 419 223 571
United_States_005818.jpg,1 518 420 628 620
United_States_005819.jpg,2 110 451 246 471 1 369 478 389 534 1 183 497 254 639
United_States_005820.jpg,3 198 409 486 639 1 116 377 243 504 2 457 520 620 543
United_States_005821.jpg,1 226 509 257 640 1 273 495 319 638 1 324 494 464 639 1 326 495 420 639
United_States_005822.jpg,1 15 416 175 611 2 0 522 66 537
United_States_005823.jpg,2 0 512 174 563 2 0 496 234 559
United_States_005824.jpg,1 256 418 291 558 2 120 418 257 435 1 259 416 293 639 2 187 481 257 497
United_States_005825.jpg,1 190 368 226 457
United_States_005826.jpg,1 332 514 385 639 1 245 499 260 535 1 265 456 283 499
United_States_005827.jpg,1 219 494 237 552 1 266 422 293 496 1 0 401 142 500 1 477 432 638 559 1 490 499 573 618 2 157 488 228 505 2 156 485 264 505
United_States_005828.jpg,1 296 518 385 639
United_States_005829.jpg,3 322 541 427 639 1 212 413 258 517 1 489 495 611 618 1 212 444 243 518 1 52 533 168 592 1 419 420 610 613
United_States_005830.jpg,2 63 558 263 640 2 0 539 128 562
United_States_005831.jpg,1 396 499 516 624 2 122 462 477 514 1 23 418 164 542 2 14 459 226 478 2 0 518 177 567 2 110 479 487 516 2 129 460 223 476
United_States_005832.jpg,1 273 408 306 441
United_States_005833.jpg,1 232 413 316 640 1 0 391 191 547 1 387 433 465 610 1 384 428 414 484 1 250 453 273 472
United_States_005834.jpg,1 133 363 238 458 2 478 541 637 569 1 131 398 207 458
United_States_005835.jpg,1 387 424 530 638 2 176 576 295 602
United_States_005836.jpg,2 211 520 340 544
United_States_005837.jpg,2 189 438 346 463 1 234 450 290 639
United_States_005838.jpg,2 122 449 523 529 2 144 425 606 516 1 222 382 242 417 1 555 497 586 525 1 126 407 206 577 2 86 401 464 434 2 589 517 617 550
United_States_005839.jpg,1 65 503 164 633 1 242 407 261 488 3 227 460 359 640
United_States_005840.jpg,1 185 403 250 502 1 505 391 526 448 1 91 335 147 370
United_States_005841.jpg,1 0 480 79 589 1 162 451 210 589 1 280 401 307 485 1 98 406 173 487 1 315 477 374 609 1 99 432 145 488 1 137 448 212 639
United_States_005842.jpg,1 88 466 205 630 1 317 397 360 541 1 522 429 635 497 1 494 417 637 497 1 554 493 640 603 1 331 443 357 541
United_States_005843.jpg,
United_States_005844.jpg,2 414 587 510 607 1 281 473 474 639
United_States_005845.jpg,1 287 389 355 504 3 221 453 595 640
United_States_005846.jpg,1 0 463 143 614 1 158 532 177 577 2 557 510 640 559
United_States_005847.jpg,1 200 396 229 638 2 0 437 178 480 2 0 448 117 478
United_States_005848.jpg,1 397 397 418 518 2 485 424 640 443 2 411 435 480 450 2 483 559 639 605 1 459 576 483 639
United_States_005849.jpg,1 5 514 79 596 1 267 447 343 640 1 144 505 176 584
United_States_005850.jpg,1 357 448 526 639 1 346 384 392 436
United_States_005851.jpg,1 351 418 551 637 1 299 390 353 482 2 387 444 455 460 2 65 589 134 607 2 443 450 510 465 1 517 414 553 433 2 418 450 509 465 2 386 448 510 465 1 203 406 221 438 2 386 444 496 462
United_States_005852.jpg,1 268 386 311 519 1 340 583 373 640
United_States_005853.jpg,2 158 447 341 512
United_States_005854.jpg,3 0 380 224 604 2 473 549 630 620
United_States_005855.jpg,3 292 466 413 560 1 66 408 211 622 2 144 528 232 553
United_States_005856.jpg,1 133 434 188 640 3 303 459 462 640 1 225 444 245 488 1 0 438 65 530 3 123 424 217 639 3 116 424 255 639 1 295 439 449 638
United_States_005857.jpg,2 13 522 458 570 2 46 504 446 572 1 369 441 556 639
United_States_005858.jpg,1 4 407 226 607 1 143 404 227 472 1 1 487 126 609 1 19 437 91 478 2 0 543 162 579
United_States_005859.jpg,3 360 454 391 484 1 464 489 637 610 1 407 446 637 607 1 235 465 306 638
United_States_005860.jpg,1 285 471 301 523
United_States_005861.jpg,1 232 455 252 546 1 293 404 382 553
United_States_005862.jpg,2 419 584 491 600 1 333 511 425 599 1 333 511 461 639
United_States_005863.jpg,2 0 494 222 518
United_States_005864.jpg,1 161 397 288 640 2 201 432 326 475
United_States_005865.jpg,2 479 608 555 628 1 370 521 405 640
United_States_005866.jpg,2 194 457 312 475 1 72 417 228 636
United_States_005867.jpg,1 172 445 192 490 1 64 583 106 639 1 423 470 570 563 1 68 531 124 639 3 265 491 430 639 2 222 605 310 640 1 268 452 382 638
United_States_005868.jpg,
United_States_005869.jpg,1 426 492 565 639
United_States_005870.jpg,1 420 508 534 627
United_States_005871.jpg,1 109 390 223 638 2 82 442 369 470 2 195 445 365 468 2 84 445 297 467
United_States_005872.jpg,1 412 456 529 565 2 539 548 622 581 2 499 546 620 619
United_States_005873.jpg,1 385 411 530 636 2 200 450 586 476 1 174 600 205 640 2 226 450 395 471
United_States_005874.jpg,3 248 409 360 525 1 111 508 174 591 2 326 423 425 438 2 299 488 471 525
United_States_005875.jpg,2 174 523 426 552
United_States_005876.jpg,1 94 484 169 639
United_States_005877.jpg,1 401 575 471 640
United_States_005878.jpg,1 308 462 354 617 1 0 479 144 540 1 301 424 355 618
United_States_005879.jpg,1 415 513 485 640 1 0 395 135 515 1 13 458 125 618
United_States_005880.jpg,1 407 435 551 614 2 319 532 402 567
United_States_005881.jpg,1 0 424 179 577 1 0 469 177 585
United_States_005882.jpg,1 0 465 55 536 1 0 466 55 604
United_States_005883.jpg,
United_States_005884.jpg,2 496 458 640 499 1 512 398 640 459
United_States_005885.jpg,3 259 429 566 639 2 0 547 168 584
United_States_005886.jpg,3 341 524 434 639 1 378 493 399 523
United_States_005887.jpg,1 343 422 539 637 1 464 445 639 572 1 287 503 378 639 1 254 364 275 428
United_States_005888.jpg,1 234 504 297 639
United_States_005889.jpg,2 0 461 148 490 2 201 426 386 464 2 188 471 361 503
United_States_005890.jpg,1 57 494 190 628 1 0 499 117 575 1 144 552 197 639
United_States_005891.jpg,3 72 413 210 611 1 437 544 487 607 1 74 413 210 610
United_States_005892.jpg,1 207 388 231 443 1 233 475 304 638
United_States_005893.jpg,2 445 545 572 576 2 198 501 626 573
United_States_005894.jpg,1 130 433 219 639
United_States_005895.jpg,1 12 520 62 616 1 10 495 69 615
United_States_005896.jpg,1 184 490 231 639 1 356 469 426 516
United_States_005897.jpg,1 393 477 444 559 2 496 494 640 520 1 48 460 196 606
United_States_005898.jpg,2 181 436 534 467 2 0 436 450 466 2 0 435 188 455
United_States_005899.jpg,3 184 430 601 640 3 42 428 499 639
United_States_005900.jpg,1 415 418 639 613
United_States_005901.jpg,1 182 372 240 489 1 0 429 64 469
United_States_005902.jpg,1 84 537 155 602 1 398 548 429 640
United_States_005903.jpg,3 86 407 544 638 3 211 423 620 640 3 92 405 458 570
United_States_005904.jpg,2 87 424 272 445
United_States_005905.jpg,2 2 521 160 639 2 221 480 335 512 1 363 405 395 436 1 4 517 161 639 2 186 607 506 640 2 185 610 433 639 2 353 556 438 587 2 441 433 588 458
United_States_005906.jpg,1 467 550 512 640
United_States_005907.jpg,2 98 473 437 549 1 66 433 146 589 2 0 548 71 569 1 508 506 639 598
United_States_005908.jpg,1 19 501 103 621
United_States_005909.jpg,1 67 461 142 594 1 100 461 141 530 1 65 544 98 597
United_States_005910.jpg,1 114 370 199 555 1 107 370 199 506 1 133 505 153 560
United_States_005911.jpg,1 215 504 241 551 1 44 479 94 597
United_States_005912.jpg,
United_States_005913.jpg,1 276 493 359 639
United_States_005914.jpg,2 9 483 375 508 2 35 478 429 507
United_States_005915.jpg,
United_States_005916.jpg,1 98 492 200 640 3 291 475 404 570
United_States_005917.jpg,3 260 412 547 640 1 144 415 234 640 2 128 434 206 447
United_States_005918.jpg,1 10 458 112 617 1 173 445 195 523
United_States_005919.jpg,1 69 485 152 639
United_States_005920.jpg,1 344 443 638 639 1 19 379 132 504
United_States_005921.jpg,3 0 435 207 633 2 204 423 427 474 2 198 430 369 473 3 73 434 202 634 2 85 427 409 498
United_States_005922.jpg,1 298 397 318 439 1 339 483 363 543
United_States_005923.jpg,1 60 389 250 613
United_States_005924.jpg,1 128 389 166 433 1 4 426 185 621 1 268 437 387 638 2 0 428 132 457
United_States_005925.jpg,3 0 392 410 640 3 95 410 557 638
United_States_005926.jpg,1 296 467 360 640 2 6 457 269 479 2 356 576 480 626
United_States_005927.jpg,1 32 452 79 501 2 83 517 436 636
United_States_005928.jpg,1 131 401 259 640 2 280 470 479 497 1 334 590 360 639
United_States_005929.jpg,2 28 533 126 553 1 365 414 640 590 1 282 411 367 502 2 39 441 121 456 2 42 414 280 456 2 552 490 624 516 3 299 413 635 594 1 277 410 439 577 2 177 416 276 440
United_States_005930.jpg,2 406 524 618 581 1 445 424 618 525 1 419 401 617 524 1 474 442 619 526
United_States_005931.jpg,1 328 509 358 572
United_States_005932.jpg,1 443 472 549 557 1 291 506 311 568 2 34 418 390 450 1 544 567 632 624
United_States_005933.jpg,
United_States_005934.jpg,2 25 561 247 620 1 232 446 257 638 1 327 455 402 567 2 0 566 90 604 1 232 446 255 573 1 343 482 403 568
United_States_005935.jpg,2 367 433 428 449 1 103 402 222 638 1 143 404 220 577
United_States_005936.jpg,1 338 503 455 621 1 252 497 297 640 1 590 578 639 627 1 452 561 482 593
United_States_005937.jpg,3 0 466 257 639 1 21 486 57 521 1 293 393 312 435
United_States_005938.jpg,1 359 569 429 639
United_States_005939.jpg,1 144 432 277 637
United_States_005940.jpg,1 280 393 339 483 1 377 425 529 623 1 151 484 212 640 1 301 393 339 480
United_States_005941.jpg,3 53 433 167 638
United_States_005942.jpg,1 585 585 630 625 2 0 506 139 559 1 95 415 185 481
United_States_005943.jpg,1 181 509 210 590
United_States_005944.jpg,2 101 581 336 634 1 264 398 372 639 2 0 578 125 608 2 0 579 341 632
United_States_005945.jpg,1 439 546 471 588 2 333 503 460 524
United_States_005946.jpg,2 0 486 244 547 1 149 432 250 508 1 150 409 259 506
United_States_005947.jpg,2 229 439 508 491 1 147 401 231 640 1 25 505 113 616 1 24 524 93 617 2 61 446 203 463
United_States_005948.jpg,2 117 427 230 444 1 225 383 264 640 2 0 531 73 550 2 250 497 390 525 2 457 581 571 625 2 56 554 156 571
United_States_005949.jpg,1 398 422 512 535 1 161 404 269 639 4 303 466 326 481 2 331 477 480 510 3 323 420 511 526 3 322 390 491 517
United_States_005950.jpg,1 360 421 393 555 1 321 447 342 550 2 161 415 350 437
United_States_005951.jpg,2 470 505 639 527 1 276 433 331 637
United_States_005952.jpg,2 30 489 219 508
United_States_005953.jpg,
United_States_005954.jpg,2 180 436 331 454
United_States_005955.jpg,1 425 444 592 624 1 34 520 131 629 2 475 479 639 508
United_States_005956.jpg,1 319 427 401 639 1 127 547 201 639 1 366 411 506 577 1 130 459 253 637 1 355 398 442 511
United_States_005957.jpg,1 445 430 472 571 1 500 391 544 477 1 561 424 639 613
United_States_005958.jpg,1 330 452 388 637 1 314 390 328 426 2 219 421 376 438
United_States_005959.jpg,3 239 447 502 640 2 0 562 138 588 1 121 443 157 639 2 0 532 282 593 1 248 422 362 639
United_States_005960.jpg,2 75 466 420 509 1 235 380 252 436
United_States_005961.jpg,3 0 371 236 582 2 292 496 415 534 1 0 367 142 590
United_States_005962.jpg,1 270 357 309 473 1 0 385 178 585 3 380 449 629 639 2 0 443 91 459 3 215 365 250 390 1 413 454 505 539
United_States_005963.jpg,1 459 520 549 639 1 279 482 340 564
United_States_005964.jpg,2 44 562 216 599 1 417 398 462 496
United_States_005965.jpg,1 0 521 63 615 1 126 400 160 442
United_States_005966.jpg,1 491 543 593 639 1 428 381 507 440 1 194 405 288 638 2 86 480 210 502 1 362 398 433 590 1 401 393 496 499 3 344 393 603 630
United_States_005967.jpg,2 389 524 517 599
United_States_005968.jpg,1 75 472 167 636 2 0 443 97 463 1 361 436 435 514 1 79 513 99 539
United_States_005969.jpg,1 537 509 639 596 1 374 431 572 610
United_States_005970.jpg,
United_States_005971.jpg,3 0 444 117 624
United_States_005972.jpg,2 324 516 640 588 2 329 571 501 640 2 493 544 639 584 2 323 519 506 558
United_States_005973.jpg,2 0 501 167 519
United_States_005974.jpg,3 152 465 342 576
United_States_005975.jpg,1 1 401 124 605
United_States_005976.jpg,3 92 420 561 638 3 254 373 309 413
United_States_005977.jpg,1 192 513 276 639
United_States_005978.jpg,2 456 589 577 617
United_States_005979.jpg,1 384 587 402 621 1 140 518 233 639 1 427 523 542 639
United_States_005980.jpg,2 373 526 458 584 1 0 419 101 586 1 32 413 109 512
United_States_005981.jpg,1 250 435 392 610 1 334 434 614 619
United_States_005982.jpg,2 0 488 267 526 2 0 487 408 525
United_States_005983.jpg,1 344 442 508 639 1 566 460 639 537 2 499 608 608 631 1 309 376 363 447
United_States_005984.jpg,1 509 447 638 521 2 0 536 146 565 2 0 437 154 460
United_States_005985.jpg,1 158 570 191 639
United_States_005986.jpg,1 88 411 193 638 1 123 411 193 574
United_States_005987.jpg,1 293 412 334 518 2 206 595 406 634 1 384 514 432 639
United_States_005988.jpg,1 313 434 394 638 1 317 446 355 581
United_States_005989.jpg,
United_States_005990.jpg,2 69 500 161 515 2 335 409 442 427
United_States_005991.jpg,2 462 574 584 623 2 290 596 421 639
United_States_005992.jpg,2 465 506 558 526 1 339 382 499 639 2 220 454 391 474 4 186 446 216 461 1 387 462 499 638 2 379 429 499 445
United_States_005993.jpg,1 257 389 379 639 2 344 488 516 544
United_States_005994.jpg,1 179 409 210 454 1 247 401 270 639 2 0 482 130 504 1 114 550 157 640 2 78 451 541 497 1 250 403 276 639 2 0 464 358 503 1 251 468 278 640
United_States_005995.jpg,1 401 547 549 640 1 203 582 228 640 1 307 479 379 528 1 314 475 540 638
United_States_005996.jpg,1 135 420 229 638 1 175 428 228 572
United_States_005997.jpg,
United_States_005998.jpg,1 293 432 410 639
United_States_005999.jpg,1 316 504 413 639
United_States_006000.jpg,2 34 582 165 614 2 310 512 630 572 2 263 475 630 568 2 381 502 633 572 1 628 575 640 625 1 407 436 458 526
United_States_006001.jpg,2 223 447 445 479 1 63 452 221 620
United_States_006002.jpg,1 46 428 80 500 2 221 465 342 504 1 410 487 447 516 3 110 394 175 638 1 47 448 75 500 2 502 467 573 501
United_States_006003.jpg,1 0 430 173 614 1 154 428 171 468
United_States_006004.jpg,3 0 409 113 622 1 241 410 290 465 1 412 413 639 545
