China_MotorBike_001977.jpg,2 0 240 511 396
China_MotorBike_001978.jpg,1 192 124 258 512 2 112 96 193 120 1 99 0 140 95
China_MotorBike_001979.jpg,1 134 102 202 270 1 145 66 197 100 2 44 193 142 217 2 0 175 142 218 2 199 82 268 103 1 196 287 274 331 1 267 336 512 442 2 266 338 512 451 1 140 263 274 332 1 266 336 512 488
China_MotorBike_001980.jpg,1 86 171 208 276 1 147 280 212 510 2 209 270 511 318 2 208 270 511 340
China_MotorBike_001981.jpg,1 10 133 203 512 1 289 195 434 511 1 364 121 512 216
China_MotorBike_001982.jpg,1 267 23 296 259 2 427 0 511 19
China_MotorBike_001983.jpg,4 140 133 168 161
China_MotorBike_001984.jpg,3 114 227 434 430 3 130 109 261 186 4 101 267 122 290 1 0 314 51 390
China_MotorBike_001985.jpg,3 0 226 318 421 3 47 108 178 183 2 322 361 434 392 1 434 312 484 364 4 0 270 14 294
China_MotorBike_001986.jpg,3 0 204 512 391 2 358 45 490 63 1 313 0 356 48
China_MotorBike_001987.jpg,2 20 387 510 441
China_MotorBike_001988.jpg,1 453 97 472 133 1 374 235 392 270 2 164 314 291 332 2 333 238 511 298 1 467 23 512 92
China_MotorBike_001989.jpg,3 320 94 433 154 3 356 193 511 313 4 338 225 355 246 1 220 359 252 511
China_MotorBike_001990.jpg,1 314 113 490 512 1 3 47 220 511 1 0 420 49 511
China_MotorBike_001991.jpg,1 0 370 512 509
China_MotorBike_001992.jpg,3 166 157 511 511 1 221 0 257 157 2 0 380 167 415
China_MotorBike_001993.jpg,2 0 242 510 357
China_MotorBike_001994.jpg,2 109 62 247 95 2 292 265 451 286 2 35 306 303 357 2 446 249 511 273
China_MotorBike_001995.jpg,2 0 380 432 441
China_MotorBike_001996.jpg,1 294 254 371 506 1 289 122 329 251 2 213 253 292 283 2 0 307 227 344
China_MotorBike_001997.jpg,3 0 157 445 510
China_MotorBike_001998.jpg,4 189 158 216 199
China_MotorBike_001999.jpg,1 63 168 181 276 1 106 278 183 510 2 181 270 511 333
China_MotorBike_002000.jpg,1 195 191 264 511 1 93 0 145 151 2 108 152 201 184
China_MotorBike_002001.jpg,3 0 247 511 511 3 74 26 382 248
China_MotorBike_002002.jpg,1 0 32 152 511 2 90 235 363 268 1 363 232 466 512
China_MotorBike_002003.jpg,1 150 1 224 512
China_MotorBike_002004.jpg,1 79 336 369 511 1 51 41 146 103 1 30 3 137 334 1 30 5 135 503
China_MotorBike_002005.jpg,1 52 102 172 265 1 229 124 487 512 1 2 227 128 512 1 294 98 424 146
China_MotorBike_002006.jpg,1 182 3 219 511
China_MotorBike_002007.jpg,2 130 269 511 321 2 0 346 275 389
China_MotorBike_002008.jpg,1 188 109 229 511
China_MotorBike_002009.jpg,3 28 61 511 512
China_MotorBike_002010.jpg,1 224 33 254 92 3 161 95 281 512
China_MotorBike_002011.jpg,3 319 85 364 150 1 329 198 401 511
China_MotorBike_002012.jpg,1 86 38 227 512
China_MotorBike_002013.jpg,1 297 71 375 116 2 256 313 451 336 2 378 118 512 139 1 457 305 492 384 1 285 30 293 69 2 441 266 511 283 1 457 305 508 390
China_MotorBike_002014.jpg,1 281 69 469 232 1 392 271 486 331 2 65 274 392 328 1 471 231 495 333 2 0 386 182 471 1 0 315 64 387 1 472 336 511 511 1 473 337 511 412 2 473 210 512 233
China_MotorBike_002015.jpg,3 0 62 512 512
China_MotorBike_002016.jpg,3 0 143 415 428
China_MotorBike_002017.jpg,3 0 239 511 431
China_MotorBike_002018.jpg,3 0 143 512 510 3 98 9 305 138
China_MotorBike_002019.jpg,1 185 0 219 512
China_MotorBike_002020.jpg,2 0 317 512 400 2 0 318 512 375
China_MotorBike_002021.jpg,2 0 325 495 369
China_MotorBike_002022.jpg,3 0 182 479 511
China_MotorBike_002023.jpg,1 207 41 240 512 1 210 149 241 510
China_MotorBike_002024.jpg,2 0 280 309 306 1 285 140 345 511 1 200 192 210 215
China_MotorBike_002025.jpg,3 0 121 508 400 3 112 11 295 119 1 195 402 228 511
China_MotorBike_002026.jpg,3 159 76 264 512 1 219 33 241 76 1 401 175 451 272
China_MotorBike_002027.jpg,4 192 320 243 512
China_MotorBike_002028.jpg,1 153 45 203 156 1 138 154 191 465 1 197 471 281 502 2 0 85 164 106 2 197 470 280 499
China_MotorBike_002029.jpg,1 160 148 238 347 1 0 343 73 498
China_MotorBike_002030.jpg,1 226 203 251 512 1 141 85 160 120
China_MotorBike_002031.jpg,1 310 13 397 512 1 469 351 512 511
China_MotorBike_002032.jpg,1 201 24 263 296 3 117 295 327 511 1 310 0 342 36 1 288 13 303 37 1 426 149 483 226
China_MotorBike_002033.jpg,4 205 179 253 244 4 182 201 195 226
China_MotorBike_002034.jpg,1 203 60 247 510
China_MotorBike_002035.jpg,1 3 76 165 510 3 206 98 369 227 3 163 230 511 512
China_MotorBike_002036.jpg,3 0 191 503 512 3 86 20 351 191
China_MotorBike_002037.jpg,1 233 1 273 512 1 234 150 265 510
China_MotorBike_002038.jpg,2 112 120 234 141 1 96 155 183 512 2 1 136 97 156
China_MotorBike_002039.jpg,2 50 261 511 349 1 0 153 52 266 1 0 268 50 509
China_MotorBike_002040.jpg,1 307 1 389 512 1 443 282 511 426 1 442 282 511 509
China_MotorBike_002041.jpg,1 323 36 395 510
China_MotorBike_002042.jpg,3 150 75 272 512 1 422 188 486 301 1 220 27 244 74
China_MotorBike_002043.jpg,
China_MotorBike_002044.jpg,3 171 193 303 268 1 220 42 238 186
China_MotorBike_002045.jpg,1 312 19 401 512
China_MotorBike_002046.jpg,3 0 160 445 512
China_MotorBike_002047.jpg,4 104 108 131 130
China_MotorBike_002048.jpg,1 180 50 259 512 1 207 51 257 510
China_MotorBike_002049.jpg,3 0 245 368 511 1 0 0 302 131
China_MotorBike_002050.jpg,3 0 181 462 512 1 136 0 378 63 2 29 76 96 96
China_MotorBike_002051.jpg,2 161 249 327 286 1 245 286 296 511 2 0 278 158 338
China_MotorBike_002052.jpg,3 0 173 457 512
China_MotorBike_002053.jpg,3 0 230 512 488 2 377 24 510 47 1 315 0 375 40
China_MotorBike_002054.jpg,3 335 146 448 205 4 368 278 384 298 3 386 242 511 343 3 386 243 511 401 1 273 425 300 512
China_MotorBike_002055.jpg,1 231 0 456 512 1 2 180 113 512
China_MotorBike_002056.jpg,1 206 164 237 288 1 0 335 33 511 1 177 290 213 512 1 391 135 512 220
China_MotorBike_002057.jpg,1 275 46 472 511
China_MotorBike_002058.jpg,3 0 188 511 511
China_MotorBike_002059.jpg,1 74 70 166 200 1 215 87 360 364 1 0 183 130 510 1 279 69 391 110
China_MotorBike_002060.jpg,1 252 152 374 511 1 175 0 251 148
China_MotorBike_002061.jpg,2 133 272 512 321 2 135 271 285 305
China_MotorBike_002062.jpg,1 211 2 257 512
China_MotorBike_002063.jpg,2 0 285 511 421
China_MotorBike_002064.jpg,2 0 221 510 301
China_MotorBike_002065.jpg,4 75 448 104 506 4 246 375 271 430 2 53 141 207 165 2 306 230 383 250 4 292 211 309 236 3 79 379 275 509 2 0 351 313 382 1 193 54 201 85 1 300 245 317 374 1 11 85 54 143 1 3 37 38 82 2 0 346 310 392
China_MotorBike_002066.jpg,2 50 387 511 441
China_MotorBike_002067.jpg,1 26 143 181 511 1 284 39 366 290 1 283 41 415 510
China_MotorBike_002068.jpg,3 395 251 512 357 3 204 224 397 317 3 0 202 208 309 1 250 19 282 124 3 0 205 394 318 1 240 19 282 227
China_MotorBike_002069.jpg,1 280 151 411 511
China_MotorBike_002070.jpg,1 241 239 268 511
China_MotorBike_002071.jpg,2 0 151 206 173 1 191 159 223 511 1 189 36 224 511 1 194 30 221 400
China_MotorBike_002072.jpg,2 1 257 509 310 1 392 227 468 427
China_MotorBike_002073.jpg,1 340 98 406 169 1 243 181 255 238 2 390 287 474 318 2 1 347 110 368
China_MotorBike_002074.jpg,1 217 185 264 508
China_MotorBike_002075.jpg,2 116 216 512 303 2 219 14 372 31 1 268 0 287 71 2 217 232 511 301
China_MotorBike_002076.jpg,3 0 129 374 317
China_MotorBike_002077.jpg,1 74 0 205 512
China_MotorBike_002078.jpg,3 143 115 287 235 1 152 233 177 325 1 441 135 454 190 1 476 277 512 511
China_MotorBike_002079.jpg,3 163 77 269 512 1 220 34 244 77 1 404 176 456 275
China_MotorBike_002080.jpg,
China_MotorBike_002081.jpg,1 214 0 269 512
China_MotorBike_002082.jpg,2 0 221 512 421 2 0 333 294 421 1 0 207 511 419 1 192 412 209 511
China_MotorBike_002083.jpg,3 154 68 511 322 1 115 0 179 180 3 215 0 325 69 3 425 320 512 507 3 425 319 512 448
China_MotorBike_002084.jpg,1 219 0 381 345 1 83 86 128 247
China_MotorBike_002085.jpg,2 112 133 237 154 1 90 171 186 512 2 0 149 98 175
China_MotorBike_002086.jpg,3 149 180 511 512 3 210 67 337 178 1 64 32 176 384
China_MotorBike_002087.jpg,1 218 0 410 402 1 53 115 125 356
China_MotorBike_002088.jpg,1 0 177 49 512
China_MotorBike_002089.jpg,3 182 180 453 511
China_MotorBike_002090.jpg,2 228 406 511 465 1 187 1 233 455 1 157 451 227 511
China_MotorBike_002091.jpg,1 0 52 496 154 1 111 71 219 511 1 112 78 153 424 1 110 71 159 512
China_MotorBike_002092.jpg,1 137 154 228 371
China_MotorBike_002093.jpg,1 70 108 85 136 1 175 18 215 511 2 0 243 195 262 1 185 60 213 439 1 177 150 213 512
China_MotorBike_002094.jpg,2 7 306 512 385 2 156 307 512 385
China_MotorBike_002095.jpg,4 204 237 248 353
China_MotorBike_002096.jpg,3 191 55 314 512 1 233 0 259 56
China_MotorBike_002097.jpg,2 0 253 365 375
China_MotorBike_002098.jpg,1 221 273 282 512 2 102 212 214 257 1 96 0 152 210
China_MotorBike_002099.jpg,1 192 0 276 511
China_MotorBike_002100.jpg,2 58 304 511 343 3 0 251 58 508
China_MotorBike_002101.jpg,4 207 220 245 312
China_MotorBike_002102.jpg,2 165 65 320 106 2 138 324 402 370 2 381 278 511 301
China_MotorBike_002103.jpg,1 338 119 410 216 1 223 236 238 318 2 411 392 511 441 1 353 118 411 162
China_MotorBike_002104.jpg,3 215 219 392 307 3 389 248 512 349 3 0 203 216 301 1 247 22 287 223 1 253 24 285 133
China_MotorBike_002105.jpg,1 197 0 250 119 1 201 0 245 512 1 206 157 257 512
China_MotorBike_002106.jpg,4 133 229 237 512
China_MotorBike_002107.jpg,1 184 0 222 511
China_MotorBike_002108.jpg,3 0 323 221 511 1 1 0 309 125
China_MotorBike_002109.jpg,4 121 90 131 102 4 186 69 198 82 4 205 27 214 37 2 193 103 364 117 1 209 36 218 70 2 56 11 153 22 2 192 98 387 118 3 118 76 198 122
China_MotorBike_002110.jpg,1 203 211 265 511 2 111 171 207 204 1 93 0 149 167
China_MotorBike_002111.jpg,1 195 3 234 512 2 138 44 512 76 2 214 43 511 69
China_MotorBike_002112.jpg,1 204 50 241 178 1 191 172 254 511 2 2 96 203 116
China_MotorBike_002113.jpg,2 26 227 512 323 1 0 131 30 231
China_MotorBike_002114.jpg,1 164 0 242 191
China_MotorBike_002115.jpg,2 264 259 510 288
China_MotorBike_002116.jpg,1 135 158 192 511 1 264 124 295 281 1 380 187 403 256 1 243 0 269 45
China_MotorBike_002117.jpg,1 25 26 191 512
China_MotorBike_002118.jpg,2 0 298 368 385
China_MotorBike_002119.jpg,1 18 176 71 276 1 313 61 321 120 1 0 454 32 512
China_MotorBike_002120.jpg,3 0 69 512 512
China_MotorBike_002121.jpg,1 146 90 276 279 1 170 329 255 411 1 230 413 278 501 2 280 471 396 511 1 243 281 286 384 2 278 222 512 283 2 0 331 169 384 2 278 188 511 283 2 0 331 169 412
China_MotorBike_002122.jpg,1 45 65 166 511 1 229 47 241 128
China_MotorBike_002123.jpg,1 0 284 79 510
China_MotorBike_002124.jpg,3 166 163 293 233
China_MotorBike_002125.jpg,2 250 146 512 189 1 212 1 251 512 1 217 35 244 413
China_MotorBike_002126.jpg,3 109 125 194 203 1 292 150 428 511 3 252 106 304 149
China_MotorBike_002127.jpg,1 200 172 237 511 1 197 68 236 511
China_MotorBike_002128.jpg,3 0 93 169 316 1 183 0 511 95 3 110 377 510 512
China_MotorBike_002129.jpg,1 316 261 410 509 1 311 129 344 260 2 1 313 258 354 2 234 259 314 290 2 254 259 313 287 1 309 124 358 260
China_MotorBike_002130.jpg,3 0 111 438 330 3 124 9 296 112
China_MotorBike_002131.jpg,2 84 119 511 172 1 188 219 225 512
China_MotorBike_002132.jpg,2 0 84 217 108 1 207 8 259 512
China_MotorBike_002133.jpg,1 193 3 235 512
China_MotorBike_002134.jpg,1 378 129 512 512 2 316 251 511 294 2 153 226 306 240
China_MotorBike_002135.jpg,4 104 110 130 131
China_MotorBike_002136.jpg,1 212 1 283 512
China_MotorBike_002137.jpg,3 0 129 416 278 3 124 280 432 512 3 0 132 437 512
China_MotorBike_002138.jpg,1 99 281 163 512 1 80 275 154 511
China_MotorBike_002139.jpg,4 196 189 224 214 4 182 196 192 209
China_MotorBike_002140.jpg,1 161 182 216 507
China_MotorBike_002141.jpg,2 352 275 436 309 1 414 130 440 275 2 0 332 390 373 1 437 277 511 484 1 437 276 512 401
China_MotorBike_002142.jpg,3 171 157 512 511
China_MotorBike_002143.jpg,1 254 51 316 323 1 200 322 235 425
China_MotorBike_002144.jpg,1 310 0 362 78 1 326 0 362 78
China_MotorBike_002145.jpg,1 317 19 512 510 2 15 222 433 284 1 251 95 259 130
China_MotorBike_002146.jpg,1 203 2 239 511 2 236 12 506 36 1 204 42 235 413
China_MotorBike_002147.jpg,3 193 0 303 119 1 204 126 280 511 2 0 272 194 318
China_MotorBike_002148.jpg,3 194 129 401 420
China_MotorBike_002149.jpg,1 0 319 275 493 2 277 306 511 353 2 275 286 511 352
China_MotorBike_002150.jpg,2 0 288 510 338
China_MotorBike_002151.jpg,3 0 104 512 512
China_MotorBike_002152.jpg,1 71 0 198 512
China_MotorBike_002153.jpg,3 40 347 285 511
China_MotorBike_002154.jpg,3 301 231 491 358 3 0 240 302 380
China_MotorBike_002155.jpg,1 3 58 216 509 1 327 156 495 512
China_MotorBike_002156.jpg,1 193 1 234 511 2 234 309 512 388
China_MotorBike_002157.jpg,3 186 1 314 171 1 205 173 258 512 2 4 378 196 403
China_MotorBike_002158.jpg,4 121 413 146 467 4 275 349 297 398 2 76 137 222 159 4 306 199 324 223 1 23 39 51 80 2 1 329 312 359 2 323 217 395 236 3 119 351 302 510 1 32 84 75 140 1 206 51 212 82 1 317 231 337 351
China_MotorBike_002159.jpg,4 235 165 270 201 4 220 176 229 192
China_MotorBike_002160.jpg,1 0 17 213 512 1 285 65 439 511
China_MotorBike_002161.jpg,2 93 314 512 384 1 337 132 347 179 1 395 47 511 269 1 179 287 187 345 1 396 45 511 391
China_MotorBike_002162.jpg,1 214 0 340 245 1 94 59 130 179
China_MotorBike_002163.jpg,4 220 394 240 442 1 47 355 91 479 3 212 338 380 508 1 377 223 405 335 4 349 334 373 382 1 75 87 126 138 2 128 136 271 156 2 379 210 445 227 4 359 193 378 216 2 74 318 390 347 1 242 51 248 84 1 66 40 89 84 1 66 54 77 84 1 66 47 84 84 2 379 215 445 226 2 308 487 511 511
China_MotorBike_002164.jpg,2 90 310 511 349 3 0 234 88 511
China_MotorBike_002165.jpg,1 341 104 408 179 1 238 193 251 255 2 392 310 480 343 1 392 306 487 343 2 0 377 96 401
China_MotorBike_002166.jpg,2 6 326 511 363 2 1 47 479 74 2 1 49 354 73
China_MotorBike_002167.jpg,3 0 126 512 511
China_MotorBike_002168.jpg,1 99 171 123 246
China_MotorBike_002169.jpg,2 17 265 299 312 2 307 330 417 350
China_MotorBike_002170.jpg,3 0 167 186 407 3 252 150 344 288 1 319 299 424 511
China_MotorBike_002171.jpg,3 177 0 319 210 1 190 209 249 510
China_MotorBike_002172.jpg,2 0 328 364 412 2 24 65 220 89
China_MotorBike_002173.jpg,1 193 0 308 426
China_MotorBike_002174.jpg,3 175 59 418 276 1 0 1 129 510 3 175 277 435 512
China_MotorBike_002175.jpg,3 0 165 512 511 3 92 16 325 165
China_MotorBike_002176.jpg,2 0 371 512 467 1 3 263 107 336 2 306 322 453 356
China_MotorBike_002177.jpg,2 0 338 506 423
China_MotorBike_002178.jpg,3 194 265 511 511 1 25 1 150 358
China_MotorBike_002179.jpg,2 158 94 511 149 3 0 375 111 435 2 114 388 348 440 2 0 79 512 143 3 341 418 511 484 2 113 386 511 452
China_MotorBike_002180.jpg,
China_MotorBike_002181.jpg,2 0 295 512 337
China_MotorBike_002182.jpg,1 38 169 144 512 1 420 74 511 503 1 113 0 190 170
China_MotorBike_002183.jpg,1 234 35 405 171 2 74 266 179 291
China_MotorBike_002184.jpg,2 1 239 510 334
China_MotorBike_002185.jpg,3 0 117 425 321 3 131 16 304 115
China_MotorBike_002186.jpg,1 6 177 166 511 1 283 60 449 511
China_MotorBike_002187.jpg,3 0 247 510 510 2 333 29 473 54 1 273 0 329 48
China_MotorBike_002188.jpg,3 0 228 215 422 3 0 112 105 186 1 327 302 387 357 2 216 354 327 387
China_MotorBike_002189.jpg,3 0 144 459 344 4 0 393 43 424
China_MotorBike_002190.jpg,
China_MotorBike_002191.jpg,1 178 0 271 511
China_MotorBike_002192.jpg,1 70 2 213 511 1 408 173 511 509 2 185 164 408 195 1 329 0 408 167 2 410 141 511 172
China_MotorBike_002193.jpg,2 0 284 215 314 1 203 67 238 512 1 205 72 230 439
China_MotorBike_002194.jpg,1 0 229 512 369
China_MotorBike_002195.jpg,3 122 80 265 512 1 218 28 244 77 1 452 223 511 512
China_MotorBike_002196.jpg,3 176 164 512 511
China_MotorBike_002197.jpg,2 221 287 397 327 2 42 318 221 364 1 320 329 388 511
China_MotorBike_002198.jpg,
China_MotorBike_002199.jpg,3 23 247 188 344 4 29 286 49 321 2 97 349 512 411 4 156 247 173 279 2 218 158 274 174 2 14 98 143 117 4 206 147 219 166 1 204 170 216 248 1 136 35 142 56 2 0 233 200 250
China_MotorBike_002200.jpg,2 0 332 425 371
China_MotorBike_002201.jpg,1 400 139 512 216 1 202 175 250 397 1 160 350 190 511
China_MotorBike_002202.jpg,1 109 0 151 244 2 144 246 387 278 1 386 247 463 389 3 78 258 143 308 1 25 297 88 510 3 385 247 462 389
China_MotorBike_002203.jpg,1 38 127 206 511 1 356 114 511 209 1 285 178 485 511
China_MotorBike_002204.jpg,1 27 310 104 432 1 184 139 253 313 1 185 158 230 313
China_MotorBike_002205.jpg,1 224 3 264 511 1 223 151 254 510
China_MotorBike_002206.jpg,4 122 89 143 106
China_MotorBike_002207.jpg,1 0 215 151 511 1 283 70 434 511 3 170 39 220 65
China_MotorBike_002208.jpg,1 208 263 287 298 1 142 296 204 379 1 150 0 208 294 1 207 300 223 347 1 377 451 434 511 1 119 380 148 511
China_MotorBike_002209.jpg,3 276 237 474 368 3 0 248 272 388
China_MotorBike_002210.jpg,4 198 260 248 404
China_MotorBike_002211.jpg,1 2 19 124 263 1 0 18 125 505 1 250 0 343 171 1 210 0 343 170
China_MotorBike_002212.jpg,3 19 147 179 335 3 243 138 315 240 1 296 248 390 512 1 296 247 433 511
China_MotorBike_002213.jpg,2 173 288 341 321 2 0 82 151 117 2 341 270 512 321 2 0 351 179 402 2 0 351 178 424 2 341 270 511 345
China_MotorBike_002214.jpg,1 0 306 512 466 1 0 307 358 489
China_MotorBike_002215.jpg,4 220 69 245 91 4 208 75 216 86
China_MotorBike_002216.jpg,1 204 86 256 512 1 200 0 249 512
China_MotorBike_002217.jpg,3 165 80 269 512 1 222 36 244 78 1 404 176 455 273
China_MotorBike_002218.jpg,2 130 231 511 334 2 0 375 250 437 1 0 255 131 340 2 0 343 251 436
China_MotorBike_002219.jpg,1 239 45 295 445 1 0 254 38 508
China_MotorBike_002220.jpg,1 32 92 153 511 2 97 62 201 77 2 1 72 85 87 2 0 71 86 94
China_MotorBike_002221.jpg,1 323 31 359 87 1 205 75 269 511 1 298 62 314 93 1 408 200 512 510
China_MotorBike_002222.jpg,4 194 166 222 212
China_MotorBike_002223.jpg,1 201 23 238 512
China_MotorBike_002224.jpg,3 0 152 512 511 3 97 14 311 146
China_MotorBike_002225.jpg,1 236 0 298 316 1 406 268 512 509 1 112 139 152 302 1 409 16 436 66
China_MotorBike_002226.jpg,3 368 75 469 131 4 393 194 409 210 3 410 163 511 250 1 316 307 360 512
China_MotorBike_002227.jpg,4 158 463 236 512
China_MotorBike_002228.jpg,3 0 171 501 512 1 79 0 438 91 1 9 0 438 126
China_MotorBike_002229.jpg,1 194 172 231 511 1 186 77 231 510
China_MotorBike_002230.jpg,1 279 89 417 509 1 268 0 291 57
China_MotorBike_002231.jpg,2 0 245 508 377
China_MotorBike_002232.jpg,2 123 196 272 227 1 191 262 224 511 2 0 222 102 263
China_MotorBike_002233.jpg,1 281 159 483 511 1 26 129 205 511 1 356 116 511 209
China_MotorBike_002234.jpg,2 1 240 510 294 2 0 239 325 291
China_MotorBike_002235.jpg,1 203 0 278 512
China_MotorBike_002236.jpg,1 242 26 286 212 1 262 317 301 475 1 84 96 109 147 1 204 197 246 307
China_MotorBike_002237.jpg,1 277 114 427 511 1 262 0 300 73 1 348 24 371 61
China_MotorBike_002238.jpg,1 110 3 180 241 3 218 19 329 111 3 149 111 511 411
China_MotorBike_002239.jpg,3 262 236 512 394 3 243 138 353 199 4 246 270 263 289 1 91 413 128 512
China_MotorBike_002240.jpg,4 131 131 158 157
China_MotorBike_002241.jpg,4 150 77 253 512
China_MotorBike_002242.jpg,3 183 0 305 512
China_MotorBike_002243.jpg,1 208 4 245 512 1 211 150 245 511
China_MotorBike_002244.jpg,1 201 2 351 395 2 33 115 201 143
China_MotorBike_002245.jpg,1 329 243 437 334 1 154 267 328 333 2 0 328 510 425 2 435 210 511 267
China_MotorBike_002246.jpg,1 93 185 285 267 2 27 319 511 365 1 467 271 511 318
China_MotorBike_002247.jpg,3 151 235 337 500 3 152 232 339 367 1 149 47 176 110
China_MotorBike_002248.jpg,1 62 80 174 511 1 234 61 249 153
China_MotorBike_002249.jpg,2 57 283 424 361 2 68 31 252 52
China_MotorBike_002250.jpg,1 202 29 257 274 2 389 0 511 23
China_MotorBike_002251.jpg,3 60 39 433 317 3 66 92 465 512 3 8 318 474 512
China_MotorBike_002252.jpg,2 0 222 512 385
China_MotorBike_002253.jpg,2 0 238 512 357
China_MotorBike_002254.jpg,1 12 48 218 511 1 343 191 501 511
China_MotorBike_002255.jpg,1 325 46 511 511 2 0 293 433 337 1 235 124 244 165 1 33 280 45 317
China_MotorBike_002256.jpg,1 151 2 308 511
China_MotorBike_002257.jpg,2 0 240 490 310 1 26 275 55 371
China_MotorBike_002258.jpg,3 0 235 511 410
China_MotorBike_002259.jpg,1 0 60 140 510 3 247 22 408 63 2 44 339 380 386 1 381 329 448 511 3 202 0 271 11
China_MotorBike_002260.jpg,2 0 257 512 404
China_MotorBike_002261.jpg,1 319 169 464 511 1 0 97 86 512
China_MotorBike_002262.jpg,3 0 155 512 511 3 95 11 317 156
China_MotorBike_002263.jpg,1 208 2 289 503
China_MotorBike_002264.jpg,3 195 148 424 510
China_MotorBike_002265.jpg,2 0 280 511 388
China_MotorBike_002266.jpg,3 0 202 512 401 2 418 50 511 67 1 356 0 414 52
China_MotorBike_002267.jpg,1 111 56 222 511 1 401 267 469 416
China_MotorBike_002268.jpg,1 0 365 244 498 2 240 360 511 402 1 0 363 510 480 2 1 361 510 474
China_MotorBike_002269.jpg,1 121 130 190 512
China_MotorBike_002270.jpg,1 376 255 511 511 1 58 39 218 512
China_MotorBike_002271.jpg,1 51 84 91 158
China_MotorBike_002272.jpg,1 212 1 259 512
China_MotorBike_002273.jpg,2 129 334 237 355 2 0 279 121 314
China_MotorBike_002274.jpg,2 0 227 510 287
China_MotorBike_002275.jpg,1 98 65 138 164
China_MotorBike_002276.jpg,1 213 0 307 147 1 318 325 375 511 1 103 35 133 137 1 112 36 133 102
China_MotorBike_002277.jpg,2 95 203 511 274 1 254 0 266 54
China_MotorBike_002278.jpg,1 7 110 37 162 2 1 226 274 246
China_MotorBike_002279.jpg,3 190 0 328 511 2 0 52 197 81
China_MotorBike_002280.jpg,2 116 130 231 150 1 98 168 184 512 2 0 145 99 165 2 0 144 99 175
China_MotorBike_002281.jpg,3 377 139 486 196 4 421 264 436 282 3 437 239 511 307
China_MotorBike_002282.jpg,2 167 312 372 345
China_MotorBike_002283.jpg,1 112 335 219 511 2 5 325 120 347 2 379 279 512 305
China_MotorBike_002284.jpg,2 0 292 511 412
China_MotorBike_002285.jpg,1 60 365 134 459 1 80 98 182 308 1 134 312 188 429 2 183 250 511 312 1 472 302 512 510
China_MotorBike_002286.jpg,1 213 152 266 511
China_MotorBike_002287.jpg,2 176 215 250 241 1 250 104 300 418 1 252 218 302 415 2 0 257 196 292 1 249 107 291 216 1 271 405 317 512
China_MotorBike_002288.jpg,3 212 87 361 207 1 8 49 169 511 3 177 215 511 512
China_MotorBike_002289.jpg,1 1 78 510 230 1 31 169 86 512 1 16 116 108 512
China_MotorBike_002290.jpg,1 8 193 190 511
China_MotorBike_002291.jpg,1 75 320 141 473 1 130 0 218 289 2 217 273 512 316 1 138 290 221 430 1 102 452 122 512
China_MotorBike_002292.jpg,1 178 49 218 156 1 162 153 251 511 2 0 83 180 103
China_MotorBike_002293.jpg,1 278 36 433 491 1 20 11 219 410
China_MotorBike_002294.jpg,1 177 1 307 511
China_MotorBike_002295.jpg,2 0 318 512 395
China_MotorBike_002296.jpg,1 209 2 254 512
China_MotorBike_002297.jpg,1 50 158 196 512 1 91 159 124 226 1 378 250 419 332 1 334 352 390 512 1 377 249 411 321 1 327 105 512 259
China_MotorBike_002298.jpg,1 199 0 248 512 1 198 1 271 512
China_MotorBike_002299.jpg,2 1 265 510 366 2 0 34 109 55
China_MotorBike_002300.jpg,1 105 177 224 282 1 174 285 228 511 2 224 277 511 320
China_MotorBike_002301.jpg,1 201 22 237 512 1 203 164 238 510
China_MotorBike_002302.jpg,1 305 111 315 191
China_MotorBike_002303.jpg,2 0 203 509 273
China_MotorBike_002304.jpg,1 310 108 319 181 1 4 252 29 328
China_MotorBike_002305.jpg,1 232 193 243 275
China_MotorBike_002306.jpg,1 375 278 498 510 2 291 277 374 311 2 0 330 327 377 1 363 132 393 278 1 363 130 407 278
China_MotorBike_002307.jpg,1 265 276 317 326 1 78 188 151 339 1 159 163 217 185 1 128 0 157 184 1 320 327 345 432 1 215 327 498 512 1 245 270 266 360 1 215 326 376 511
China_MotorBike_002308.jpg,1 175 1 210 510 1 175 149 205 508 1 181 0 209 362
China_MotorBike_002309.jpg,4 139 79 149 91 4 200 60 213 72 2 211 85 404 104 4 216 22 224 32 2 69 4 166 17 1 220 29 230 69
China_MotorBike_002310.jpg,2 205 349 309 370 2 0 282 192 327
China_MotorBike_002311.jpg,1 363 144 511 429 1 350 308 396 512 1 209 374 300 512 1 329 309 396 511
China_MotorBike_002312.jpg,1 213 2 259 512
China_MotorBike_002313.jpg,3 2 177 499 512 1 128 0 396 71 1 123 0 400 99
China_MotorBike_002314.jpg,1 299 221 467 512 1 73 134 204 512 1 376 123 512 227 1 137 125 153 168
China_MotorBike_002315.jpg,1 172 5 283 265 1 133 2 250 344 1 153 387 186 511
China_MotorBike_002316.jpg,3 197 147 407 507
China_MotorBike_002317.jpg,2 272 113 512 169 2 0 175 440 237
China_MotorBike_002318.jpg,1 182 101 221 511
China_MotorBike_002319.jpg,3 0 106 512 512
China_MotorBike_002320.jpg,1 80 0 195 511
China_MotorBike_002321.jpg,4 165 395 249 512 4 135 444 153 495
China_MotorBike_002322.jpg,1 105 31 162 300 1 109 306 257 385 2 107 9 184 22 2 39 15 102 28 1 242 372 290 511
China_MotorBike_002323.jpg,3 105 110 323 348 1 335 10 512 116
China_MotorBike_002324.jpg,1 362 75 444 199 1 316 147 364 236 1 227 174 305 512
China_MotorBike_002325.jpg,1 163 1 290 267 1 130 2 311 511 1 127 1 277 371
China_MotorBike_002326.jpg,1 189 317 221 511 1 197 143 225 323
China_MotorBike_002327.jpg,1 257 23 407 512 1 195 4 303 511 1 256 18 333 512 1 241 14 302 512
China_MotorBike_002328.jpg,1 237 247 421 316 2 0 303 511 389 1 0 0 41 211 1 421 0 511 316 1 422 170 512 314
China_MotorBike_002329.jpg,1 304 0 353 100 1 14 380 90 511
China_MotorBike_002330.jpg,1 267 75 368 511
China_MotorBike_002331.jpg,1 446 265 467 303 2 231 353 362 371 2 409 286 512 335
China_MotorBike_002332.jpg,
China_MotorBike_002333.jpg,3 0 249 511 484 2 427 23 512 45
China_MotorBike_002334.jpg,1 281 74 455 512
China_MotorBike_002335.jpg,2 0 238 301 262 1 279 97 340 511 1 194 151 203 172
China_MotorBike_002336.jpg,3 134 121 477 511
China_MotorBike_002337.jpg,2 87 197 385 236 1 141 109 199 452 2 80 200 466 237 2 0 178 79 190
China_MotorBike_002338.jpg,4 221 130 259 171 4 205 143 216 162
China_MotorBike_002339.jpg,1 57 136 204 512 1 301 239 444 512 1 129 131 147 177 1 385 133 511 232 1 336 183 357 227
China_MotorBike_002340.jpg,1 209 63 251 229 1 197 225 282 510 2 0 123 208 160
China_MotorBike_002341.jpg,3 137 234 511 511
China_MotorBike_002342.jpg,1 203 3 240 512
China_MotorBike_002343.jpg,2 128 114 181 131 1 114 128 126 189 3 0 193 105 256 2 10 265 334 294 4 117 110 130 125 4 68 194 83 221 2 1 258 371 296 2 14 88 56 97 2 0 184 111 198 3 53 190 111 247 1 52 23 58 43
China_MotorBike_002344.jpg,1 133 129 512 511 1 70 0 107 134 2 332 243 468 260
China_MotorBike_002345.jpg,1 206 90 253 332 2 147 178 207 198 1 202 322 243 511 2 0 213 148 239
China_MotorBike_002346.jpg,1 290 123 435 510 3 126 99 203 160 3 251 92 295 121
China_MotorBike_002347.jpg,1 194 0 256 512 1 193 1 301 512 1 196 0 239 497
China_MotorBike_002348.jpg,1 405 126 420 171 2 225 301 510 361 1 287 278 301 326 2 3 376 180 397 1 437 41 512 146
China_MotorBike_002349.jpg,1 205 1 242 511 1 208 1 239 362
China_MotorBike_002350.jpg,1 236 137 508 512 1 304 103 464 164 1 0 109 177 465 1 80 264 125 511
China_MotorBike_002351.jpg,
China_MotorBike_002352.jpg,1 216 1 260 512 1 222 150 258 511
China_MotorBike_002353.jpg,3 172 210 512 511
China_MotorBike_002354.jpg,1 210 0 253 231 3 130 233 509 512
China_MotorBike_002355.jpg,2 0 204 213 223 1 0 97 53 401 2 0 205 286 224
China_MotorBike_002356.jpg,1 208 34 243 511 2 229 8 508 36 1 212 45 256 512
China_MotorBike_002357.jpg,1 194 2 236 512
China_MotorBike_002358.jpg,2 55 321 151 340 2 59 290 510 387 2 0 365 116 406 2 0 346 114 406
China_MotorBike_002359.jpg,1 161 309 239 455 1 186 0 294 277 1 234 278 299 421 2 294 267 511 316 2 294 267 511 339 1 201 432 227 511 2 0 284 160 335 2 0 261 160 334
China_MotorBike_002360.jpg,2 124 72 511 109 1 194 7 233 512 1 195 150 231 511
China_MotorBike_002361.jpg,1 103 43 167 352 1 101 360 173 431 1 100 360 276 472 2 7 22 198 42 2 120 23 197 35
China_MotorBike_002362.jpg,1 59 123 163 511 2 107 92 216 110 2 0 104 90 124
China_MotorBike_002363.jpg,3 0 235 139 323 4 98 235 115 266 2 167 150 224 165 2 31 331 484 379 4 156 140 169 156 1 151 161 165 236 2 0 98 96 114 2 0 228 143 249 2 0 225 148 238 1 93 32 100 57 3 86 234 143 291
China_MotorBike_002364.jpg,1 370 213 511 511 1 0 108 109 509
China_MotorBike_002365.jpg,2 155 204 511 279 1 280 0 294 54
China_MotorBike_002366.jpg,1 192 0 235 512
China_MotorBike_002367.jpg,1 334 50 428 512
China_MotorBike_002368.jpg,2 199 219 512 301
China_MotorBike_002369.jpg,4 148 50 238 389
China_MotorBike_002370.jpg,3 1 296 510 511
China_MotorBike_002371.jpg,1 69 1 210 511 1 392 113 511 509 2 194 102 392 129 2 396 88 510 114
China_MotorBike_002372.jpg,2 1 471 472 512 2 325 350 511 384
China_MotorBike_002373.jpg,1 289 87 342 167 3 300 34 325 68 4 404 215 511 388 1 287 171 407 512 1 72 182 118 512
China_MotorBike_002374.jpg,1 222 240 257 317 1 223 317 256 369 1 236 102 247 134 1 261 263 290 512 2 338 161 402 177 2 0 190 148 213 1 316 45 371 92 2 338 163 379 176
China_MotorBike_002375.jpg,2 173 231 511 286 2 0 307 336 356
China_MotorBike_002376.jpg,1 118 165 319 255 2 66 295 510 341
China_MotorBike_002377.jpg,1 194 0 271 209 1 201 282 251 511
China_MotorBike_002378.jpg,2 0 206 512 372
China_MotorBike_002379.jpg,1 115 162 219 414
China_MotorBike_002380.jpg,1 491 351 512 511 3 473 90 511 142
China_MotorBike_002381.jpg,3 0 75 512 512
China_MotorBike_002382.jpg,2 257 123 510 178 2 0 190 426 246
China_MotorBike_002383.jpg,1 261 134 403 511 1 183 0 257 132
China_MotorBike_002384.jpg,3 0 207 511 390
China_MotorBike_002385.jpg,1 340 117 406 198 1 233 212 246 286 1 404 346 510 391 2 404 347 508 390
China_MotorBike_002386.jpg,3 0 241 407 365 3 409 241 512 372
China_MotorBike_002387.jpg,2 153 266 436 314 2 0 258 436 313
China_MotorBike_002388.jpg,1 6 0 186 512 2 157 84 334 105 1 337 86 376 189 1 402 252 508 509 1 338 88 510 510
China_MotorBike_002389.jpg,2 181 214 512 290
China_MotorBike_002390.jpg,1 210 0 262 512
China_MotorBike_002391.jpg,1 6 54 167 512 1 223 40 236 114
China_MotorBike_002392.jpg,1 205 281 240 511
China_MotorBike_002393.jpg,1 84 149 247 278 2 249 276 424 307 1 54 0 79 95 1 150 149 159 196 1 423 302 512 377 2 65 67 118 82 1 0 88 43 157
China_MotorBike_002394.jpg,1 193 95 225 152 1 198 152 225 188 1 227 111 251 282 2 293 25 348 41 2 0 56 125 76
China_MotorBike_002395.jpg,3 142 119 343 372 1 355 11 512 122
China_MotorBike_002396.jpg,2 111 175 261 205 1 164 233 206 512
China_MotorBike_002397.jpg,1 281 18 453 512 1 189 94 200 127 2 0 219 343 264
China_MotorBike_002398.jpg,2 0 257 512 344 2 0 287 512 346
China_MotorBike_002399.jpg,1 166 1 203 512 1 167 163 197 511 1 169 22 202 400
China_MotorBike_002400.jpg,2 154 204 370 235 1 118 0 151 203 1 70 216 110 413 3 97 212 156 258 1 370 206 438 317 3 370 207 436 317
China_MotorBike_002401.jpg,1 179 1 205 297 1 161 286 181 511
China_MotorBike_002402.jpg,1 77 0 165 362 2 112 387 435 430 3 0 399 115 511 3 22 397 112 472 3 430 401 481 470
China_MotorBike_002403.jpg,1 205 2 243 512
China_MotorBike_002404.jpg,1 192 50 229 169 1 176 164 235 512 2 0 88 194 111 1 194 59 222 168
China_MotorBike_002405.jpg,3 162 14 512 259 1 122 0 184 125 3 421 260 512 378
China_MotorBike_002406.jpg,
China_MotorBike_002407.jpg,1 145 8 288 267 1 119 7 331 510
China_MotorBike_002408.jpg,2 187 271 356 309 2 3 302 176 346 1 278 309 328 512
China_MotorBike_002409.jpg,1 60 0 159 511
China_MotorBike_002410.jpg,1 197 185 207 205 2 0 269 304 300 1 283 136 342 511
China_MotorBike_002411.jpg,1 0 29 190 162 2 0 266 512 310 2 0 267 510 329 2 397 206 511 257
China_MotorBike_002412.jpg,1 182 37 219 391 1 218 0 226 44
China_MotorBike_002413.jpg,1 157 4 389 130 2 104 195 512 264
China_MotorBike_002414.jpg,1 261 44 355 107 4 289 18 333 41 1 157 27 462 512 1 246 10 261 45 1 252 222 308 510 1 156 22 332 512
China_MotorBike_002415.jpg,2 16 262 512 295 2 1 42 355 64 2 0 37 502 67
China_MotorBike_002416.jpg,3 47 234 508 511
China_MotorBike_002417.jpg,3 1 49 511 512
China_MotorBike_002418.jpg,1 251 0 313 512
China_MotorBike_002419.jpg,4 196 171 226 221
China_MotorBike_002420.jpg,3 118 270 512 411 3 119 271 512 356 2 0 43 91 64
China_MotorBike_002421.jpg,1 191 0 243 512
China_MotorBike_002422.jpg,1 215 62 257 512
China_MotorBike_002423.jpg,1 303 128 348 176 1 226 131 292 512
China_MotorBike_002424.jpg,1 313 94 321 166 1 0 230 49 337
China_MotorBike_002425.jpg,1 150 243 176 447 2 0 285 281 321 1 446 0 512 335
China_MotorBike_002426.jpg,3 0 213 216 511 3 287 200 424 403 1 396 413 433 511 1 396 411 450 512
China_MotorBike_002427.jpg,4 200 247 248 377
China_MotorBike_002428.jpg,1 30 185 132 510 1 54 183 134 471 1 232 0 305 511 1 460 424 511 512 1 255 252 290 511 1 432 40 467 102
China_MotorBike_002429.jpg,3 0 199 507 511 3 84 25 350 199
China_MotorBike_002430.jpg,1 206 136 262 511
China_MotorBike_002431.jpg,2 0 274 511 325 2 0 276 425 334
China_MotorBike_002432.jpg,1 230 52 451 346 1 82 44 189 511 1 218 0 231 56 1 122 27 188 512
China_MotorBike_002433.jpg,3 173 65 429 293 1 0 4 125 508 3 184 293 453 511
China_MotorBike_002434.jpg,1 281 178 511 499 1 263 40 309 76 4 324 101 398 155 3 280 8 299 32 1 254 82 278 174 1 121 118 169 512
China_MotorBike_002435.jpg,1 444 211 487 311 4 318 373 340 416 3 312 317 471 461 4 434 317 463 362 4 422 182 443 205 1 127 83 186 132 2 193 130 326 151 2 171 302 476 324 1 163 349 180 450 1 117 42 132 81 2 446 202 510 214 1 287 51 294 78 1 163 343 186 450 2 0 366 155 419 2 431 463 511 492 2 445 196 511 214
China_MotorBike_002436.jpg,4 110 122 140 147
China_MotorBike_002437.jpg,2 116 137 248 162 1 137 186 197 511 2 0 155 106 183 2 0 155 110 192
China_MotorBike_002438.jpg,1 326 175 378 290 1 371 90 465 233 1 237 205 316 510
China_MotorBike_002439.jpg,3 3 187 435 510 1 24 0 350 99
China_MotorBike_002440.jpg,2 1 291 511 371
China_MotorBike_002441.jpg,1 97 156 120 227
China_MotorBike_002442.jpg,3 291 408 512 511 1 48 0 185 512
China_MotorBike_002443.jpg,1 379 50 499 323 1 46 120 166 511 1 139 0 204 116
China_MotorBike_002444.jpg,2 314 336 511 359 2 0 89 149 112 2 0 422 222 459 2 0 404 223 459
China_MotorBike_002445.jpg,3 314 71 352 127 1 324 171 384 511
China_MotorBike_002446.jpg,2 206 185 512 210 2 16 179 511 210 2 67 35 402 55 2 0 33 432 62
China_MotorBike_002447.jpg,4 103 104 112 118 4 192 36 202 46 4 173 81 185 94 1 197 45 206 82 2 168 114 383 134 2 38 19 141 29 2 171 119 357 133 2 23 80 189 95 3 100 95 154 143 2 22 83 186 97
China_MotorBike_002448.jpg,1 204 46 247 510
China_MotorBike_002449.jpg,3 310 63 344 113 1 310 148 372 319 1 308 317 353 511 1 308 148 370 510
China_MotorBike_002450.jpg,1 233 0 296 512 1 303 66 404 512
China_MotorBike_002451.jpg,2 191 287 511 352 1 430 352 475 475 1 56 19 151 244 1 24 15 150 290 2 208 0 501 16
China_MotorBike_002452.jpg,1 61 112 160 510 2 109 81 209 97 2 0 91 91 110
China_MotorBike_002453.jpg,1 200 0 260 512
China_MotorBike_002454.jpg,1 9 0 191 512 1 334 77 372 174 2 168 72 325 92 1 334 78 506 508
China_MotorBike_002455.jpg,3 205 220 393 308 3 391 249 512 348 3 0 204 207 302 1 243 19 283 224 3 0 205 389 309 1 251 19 282 138
China_MotorBike_002456.jpg,1 249 44 303 281 1 248 340 318 434 1 61 144 91 208 1 199 276 230 354 1 215 399 279 512
China_MotorBike_002457.jpg,3 134 117 346 369 1 355 26 512 122
China_MotorBike_002458.jpg,2 52 322 510 364 2 0 46 348 69 2 0 43 445 69
China_MotorBike_002459.jpg,3 215 269 358 374 1 362 188 382 273 1 99 60 143 104 4 221 305 237 338 4 331 269 352 305 2 144 105 271 129 2 366 179 426 193 2 103 245 367 271 1 81 276 111 353 4 348 163 365 182 1 89 24 107 56 1 249 41 255 67 1 303 377 511 464 2 0 287 82 306 2 302 377 511 476
China_MotorBike_002460.jpg,1 65 0 211 512 1 385 28 469 244 2 207 19 386 43
China_MotorBike_002461.jpg,1 324 150 411 204 1 248 362 434 433 2 0 282 255 341 1 395 206 444 417 1 416 176 494 205
China_MotorBike_002462.jpg,3 193 82 392 242 1 0 4 155 512 3 145 234 397 511 3 163 404 346 511
China_MotorBike_002463.jpg,3 192 0 328 510 2 0 54 200 83 3 193 0 395 512
China_MotorBike_002464.jpg,1 277 99 423 510 1 264 0 294 61
China_MotorBike_002465.jpg,1 234 0 272 287 1 203 272 231 511
China_MotorBike_002466.jpg,1 202 0 242 512
China_MotorBike_002467.jpg,1 260 67 343 511 1 0 231 33 509
China_MotorBike_002468.jpg,1 303 2 385 512 1 384 377 453 512
China_MotorBike_002469.jpg,3 1 356 510 512
China_MotorBike_002470.jpg,1 0 292 512 465 1 0 291 393 496
China_MotorBike_002471.jpg,1 226 0 293 512
China_MotorBike_002472.jpg,1 208 0 243 512 1 213 351 245 512
China_MotorBike_002473.jpg,3 132 121 330 380 1 337 4 512 122
China_MotorBike_002474.jpg,2 0 255 511 403
China_MotorBike_002475.jpg,3 1 313 507 512
China_MotorBike_002476.jpg,1 208 3 250 512
