Czech_000003.jpg,
Czech_000004.jpg,
Czech_000005.jpg,1 98 417 127 493
Czech_000008.jpg,
Czech_000016.jpg,
Czech_000019.jpg,
Czech_000023.jpg,1 290 396 375 534 1 61 394 217 515 1 228 395 273 516 1 328 449 382 536
Czech_000026.jpg,
Czech_000029.jpg,
Czech_000035.jpg,
Czech_000036.jpg,
Czech_000042.jpg,
Czech_000046.jpg,
Czech_000049.jpg,1 140 396 232 476
Czech_000051.jpg,1 346 400 540 534
Czech_000052.jpg,1 344 474 374 523
Czech_000053.jpg,
Czech_000059.jpg,
Czech_000073.jpg,
Czech_000074.jpg,
Czech_000082.jpg,
Czech_000088.jpg,
Czech_000089.jpg,
Czech_000094.jpg,
Czech_000096.jpg,
Czech_000099.jpg,2 224 442 418 477
Czech_000114.jpg,1 208 434 274 515 1 46 439 133 500
Czech_000116.jpg,
Czech_000129.jpg,
Czech_000130.jpg,1 277 398 303 514
Czech_000134.jpg,1 267 477 303 528 2 2 458 484 508
Czech_000136.jpg,
Czech_000138.jpg,
Czech_000151.jpg,
Czech_000156.jpg,
Czech_000166.jpg,
Czech_000168.jpg,
Czech_000169.jpg,
Czech_000172.jpg,3 211 407 403 521
Czech_000185.jpg,3 0 433 87 513 3 0 423 388 526
Czech_000187.jpg,
Czech_000198.jpg,1 71 414 136 451
Czech_000210.jpg,
Czech_000216.jpg,1 293 415 350 524
Czech_000223.jpg,
Czech_000227.jpg,
Czech_000228.jpg,
Czech_000229.jpg,1 48 398 205 508
Czech_000231.jpg,
Czech_000232.jpg,1 293 406 356 509 4 264 364 305 401
Czech_000237.jpg,
Czech_000241.jpg,
Czech_000264.jpg,
Czech_000265.jpg,
Czech_000266.jpg,
Czech_000267.jpg,
Czech_000272.jpg,
Czech_000277.jpg,
Czech_000288.jpg,
Czech_000304.jpg,4 13 408 67 429
Czech_000316.jpg,1 19 455 105 514
Czech_000317.jpg,
Czech_000319.jpg,
Czech_000321.jpg,1 112 397 205 511
Czech_000323.jpg,1 265 403 330 507
Czech_000324.jpg,1 216 428 306 527
Czech_000328.jpg,
Czech_000340.jpg,
Czech_000342.jpg,
Czech_000352.jpg,
Czech_000353.jpg,2 93 479 251 504
Czech_000359.jpg,1 103 408 256 516
Czech_000360.jpg,
Czech_000362.jpg,
Czech_000374.jpg,
Czech_000376.jpg,1 310 428 378 524
Czech_000377.jpg,
Czech_000379.jpg,2 0 483 357 518
Czech_000380.jpg,
Czech_000390.jpg,
Czech_000391.jpg,1 201 398 267 510
Czech_000394.jpg,
Czech_000396.jpg,3 334 421 473 527 4 195 464 240 504 4 247 412 307 459
Czech_000404.jpg,
Czech_000412.jpg,1 253 436 329 526
Czech_000413.jpg,2 123 434 373 471 1 272 386 309 519
Czech_000415.jpg,
Czech_000420.jpg,
Czech_000424.jpg,1 221 424 273 471
Czech_000435.jpg,
Czech_000439.jpg,
Czech_000445.jpg,
Czech_000460.jpg,
Czech_000461.jpg,4 455 458 524 489 3 145 418 328 514
Czech_000466.jpg,
Czech_000473.jpg,
Czech_000475.jpg,
Czech_000477.jpg,2 144 442 390 478 4 62 431 132 459
Czech_000478.jpg,
Czech_000487.jpg,1 213 455 238 502
Czech_000491.jpg,1 112 397 269 515
Czech_000496.jpg,
Czech_000503.jpg,
Czech_000507.jpg,
Czech_000516.jpg,
Czech_000517.jpg,1 163 436 213 516
Czech_000527.jpg,1 359 426 482 534
Czech_000528.jpg,
Czech_000538.jpg,1 308 400 366 528
Czech_000540.jpg,
Czech_000542.jpg,1 0 426 145 512
Czech_000549.jpg,2 74 430 388 472
Czech_000563.jpg,2 208 475 476 508
Czech_000564.jpg,
Czech_000565.jpg,
Czech_000566.jpg,1 100 423 197 497
Czech_000574.jpg,1 246 389 278 448
Czech_000583.jpg,
Czech_000585.jpg,1 550 476 599 565
Czech_000589.jpg,
Czech_000590.jpg,
Czech_000610.jpg,2 1 412 323 438
Czech_000630.jpg,3 2 426 596 527
Czech_000632.jpg,
Czech_000638.jpg,
Czech_000639.jpg,1 82 446 153 496
Czech_000649.jpg,2 149 447 393 489
Czech_000658.jpg,
Czech_000661.jpg,
Czech_000664.jpg,
Czech_000672.jpg,1 0 413 131 513
Czech_000683.jpg,
Czech_000705.jpg,
Czech_000710.jpg,
Czech_000713.jpg,
Czech_000714.jpg,1 189 392 278 510
Czech_000716.jpg,1 101 370 182 445 1 204 382 230 447 1 47 380 94 413 2 175 450 364 480
Czech_000717.jpg,
Czech_000722.jpg,1 162 393 205 476
Czech_000723.jpg,1 294 420 347 484
Czech_000730.jpg,
Czech_000736.jpg,2 1 436 125 461
Czech_000741.jpg,
Czech_000766.jpg,
Czech_000772.jpg,3 148 413 279 516 4 354 451 400 481
Czech_000777.jpg,2 1 476 463 529
Czech_000785.jpg,
Czech_000788.jpg,4 297 408 331 427
Czech_000800.jpg,1 221 418 257 505
Czech_000804.jpg,
Czech_000813.jpg,
Czech_000820.jpg,
Czech_000821.jpg,
Czech_000824.jpg,
Czech_000828.jpg,1 278 399 336 523
Czech_000833.jpg,
Czech_000834.jpg,1 400 487 469 536
Czech_000835.jpg,
Czech_000837.jpg,
Czech_000840.jpg,
Czech_000847.jpg,
Czech_000851.jpg,
Czech_000855.jpg,
Czech_000859.jpg,
Czech_000860.jpg,
Czech_000864.jpg,
Czech_000866.jpg,1 31 399 195 510
Czech_000867.jpg,
Czech_000874.jpg,
Czech_000878.jpg,
Czech_000896.jpg,
Czech_000903.jpg,1 306 414 374 525 2 0 425 291 452
Czech_000906.jpg,1 0 399 149 507
Czech_000913.jpg,
Czech_000916.jpg,
Czech_000919.jpg,
Czech_000927.jpg,2 0 402 245 474
Czech_000930.jpg,
Czech_000938.jpg,
Czech_000944.jpg,1 59 399 197 504
Czech_000952.jpg,
Czech_000961.jpg,
Czech_000972.jpg,3 385 460 462 525 3 222 395 366 467
Czech_000981.jpg,
Czech_000983.jpg,
Czech_000993.jpg,1 159 397 253 511 1 348 399 417 450 2 0 448 158 479
Czech_000999.jpg,2 1 463 175 492 1 233 432 264 516 1 210 377 267 446 2 2 464 162 486
Czech_001000.jpg,
Czech_001002.jpg,1 317 403 383 478
Czech_001006.jpg,
Czech_001007.jpg,
Czech_001008.jpg,
Czech_001009.jpg,
Czech_001011.jpg,
Czech_001015.jpg,1 313 439 349 486 1 273 389 296 435
Czech_001018.jpg,
Czech_001038.jpg,4 50 470 177 513 2 263 410 367 432
Czech_001045.jpg,1 137 453 176 505 1 229 429 256 494
Czech_001055.jpg,
Czech_001056.jpg,
Czech_001061.jpg,
Czech_001064.jpg,
Czech_001070.jpg,
Czech_001076.jpg,
Czech_001077.jpg,4 229 443 269 470 2 95 444 173 464
Czech_001078.jpg,
Czech_001080.jpg,
Czech_001081.jpg,
Czech_001091.jpg,
Czech_001096.jpg,1 0 384 198 510
Czech_001102.jpg,
Czech_001103.jpg,1 93 473 145 514
Czech_001104.jpg,
Czech_001118.jpg,
Czech_001119.jpg,
Czech_001123.jpg,
Czech_001125.jpg,3 342 425 529 537
Czech_001127.jpg,
Czech_001131.jpg,3 11 438 159 519
Czech_001132.jpg,
Czech_001156.jpg,
Czech_001158.jpg,1 223 419 261 511 1 313 411 392 515
Czech_001162.jpg,
Czech_001164.jpg,
Czech_001166.jpg,
Czech_001169.jpg,
Czech_001175.jpg,
Czech_001180.jpg,4 127 423 179 446
Czech_001186.jpg,4 320 435 369 460
Czech_001188.jpg,
Czech_001189.jpg,
Czech_001191.jpg,
Czech_001195.jpg,
Czech_001198.jpg,1 50 464 142 515
Czech_001200.jpg,
Czech_001207.jpg,
Czech_001208.jpg,
Czech_001213.jpg,
Czech_001220.jpg,4 145 404 246 441
Czech_001223.jpg,
Czech_001226.jpg,
Czech_001229.jpg,4 297 423 353 445
Czech_001231.jpg,
Czech_001235.jpg,1 104 454 168 525
Czech_001239.jpg,1 319 413 372 522
Czech_001242.jpg,
Czech_001244.jpg,3 0 408 448 528
Czech_001249.jpg,1 297 409 356 527
Czech_001250.jpg,
Czech_001252.jpg,
Czech_001254.jpg,
Czech_001255.jpg,1 24 460 114 516 1 165 451 208 503
Czech_001257.jpg,
Czech_001262.jpg,1 234 411 274 486
Czech_001263.jpg,1 15 419 165 511
Czech_001265.jpg,
Czech_001269.jpg,2 0 470 406 523 1 321 437 366 523
Czech_001271.jpg,1 341 418 454 524 1 9 449 98 504
Czech_001273.jpg,
Czech_001294.jpg,
Czech_001304.jpg,1 156 418 230 514
Czech_001309.jpg,
Czech_001310.jpg,
Czech_001313.jpg,
Czech_001321.jpg,
Czech_001324.jpg,
Czech_001328.jpg,
Czech_001331.jpg,
Czech_001335.jpg,1 327 393 536 527
Czech_001340.jpg,
Czech_001346.jpg,
Czech_001349.jpg,
Czech_001351.jpg,
Czech_001370.jpg,1 362 413 523 521
Czech_001371.jpg,
Czech_001373.jpg,
Czech_001376.jpg,
Czech_001378.jpg,1 265 419 305 485
Czech_001380.jpg,
Czech_001392.jpg,
Czech_001399.jpg,
Czech_001401.jpg,4 280 465 311 486
Czech_001402.jpg,
Czech_001403.jpg,
Czech_001412.jpg,4 209 396 285 427
Czech_001416.jpg,
Czech_001419.jpg,
Czech_001421.jpg,
Czech_001434.jpg,
Czech_001436.jpg,
Czech_001438.jpg,
Czech_001446.jpg,
Czech_001447.jpg,
Czech_001450.jpg,
Czech_001456.jpg,1 231 391 260 472
Czech_001459.jpg,
Czech_001467.jpg,1 149 429 220 508 1 170 431 220 495
Czech_001469.jpg,2 6 469 179 494 2 287 470 487 497
Czech_001471.jpg,
Czech_001473.jpg,
Czech_001481.jpg,
Czech_001482.jpg,4 95 403 174 426
Czech_001487.jpg,
Czech_001489.jpg,
Czech_001493.jpg,
Czech_001499.jpg,2 5 422 73 446
Czech_001505.jpg,
Czech_001513.jpg,1 0 395 179 503
Czech_001527.jpg,1 314 409 405 527
Czech_001540.jpg,
Czech_001541.jpg,
Czech_001542.jpg,1 197 413 248 501
Czech_001549.jpg,
Czech_001550.jpg,
Czech_001567.jpg,1 41 430 155 502 1 208 432 254 514
Czech_001568.jpg,
Czech_001572.jpg,
Czech_001575.jpg,
Czech_001576.jpg,1 0 389 195 514
Czech_001577.jpg,
Czech_001580.jpg,
Czech_001584.jpg,
Czech_001589.jpg,
Czech_001598.jpg,4 263 409 297 432
Czech_001599.jpg,
Czech_001602.jpg,
Czech_001613.jpg,1 202 400 253 490
Czech_001615.jpg,
Czech_001625.jpg,
Czech_001628.jpg,1 234 473 278 525
Czech_001642.jpg,
Czech_001643.jpg,
Czech_001659.jpg,1 37 456 127 517
Czech_001661.jpg,1 5 451 68 518 2 204 495 336 531 1 272 394 324 463
Czech_001665.jpg,
Czech_001672.jpg,
Czech_001674.jpg,
Czech_001681.jpg,
Czech_001686.jpg,
Czech_001692.jpg,1 268 447 343 529
Czech_001693.jpg,
Czech_001697.jpg,3 415 465 486 529 3 0 416 216 515 4 133 384 213 415
Czech_001703.jpg,4 278 461 325 488
Czech_001710.jpg,1 245 384 274 455 1 221 387 273 514 1 220 465 249 514
Czech_001714.jpg,
Czech_001717.jpg,
Czech_001723.jpg,1 150 400 223 515
Czech_001725.jpg,
Czech_001728.jpg,
Czech_001736.jpg,1 234 422 277 505 2 52 490 180 515
Czech_001737.jpg,2 98 468 274 500 2 0 444 155 472 2 0 468 80 493
Czech_001751.jpg,
Czech_001753.jpg,
Czech_001763.jpg,
Czech_001764.jpg,1 207 472 249 520 1 368 489 406 525
Czech_001781.jpg,1 74 419 187 515 1 360 431 428 529
Czech_001796.jpg,
Czech_001801.jpg,1 252 381 281 450
Czech_001802.jpg,
Czech_001804.jpg,3 0 482 77 520
Czech_001806.jpg,1 144 400 352 516
Czech_001807.jpg,
Czech_001809.jpg,
Czech_001822.jpg,3 204 421 446 524
Czech_001828.jpg,
Czech_001829.jpg,
Czech_001834.jpg,
Czech_001838.jpg,
Czech_001840.jpg,1 141 434 180 472
Czech_001841.jpg,1 104 398 140 467
Czech_001848.jpg,
Czech_001852.jpg,
Czech_001857.jpg,1 45 437 158 524 4 340 403 423 522
Czech_001870.jpg,
Czech_001887.jpg,1 91 409 201 519 1 0 408 132 519
Czech_001891.jpg,1 2 417 163 515 1 0 447 110 518
Czech_001892.jpg,
Czech_001894.jpg,
Czech_001897.jpg,
Czech_001903.jpg,
Czech_001904.jpg,
Czech_001906.jpg,
Czech_001907.jpg,2 0 433 474 482
Czech_001913.jpg,1 88 460 143 522
Czech_001921.jpg,3 2 417 308 515 4 230 403 302 437 3 184 412 308 514 1 405 458 446 524
Czech_001925.jpg,
Czech_001930.jpg,
Czech_001931.jpg,
Czech_001954.jpg,
Czech_001961.jpg,3 99 460 216 507
Czech_001965.jpg,1 158 398 225 484
Czech_001974.jpg,
Czech_001975.jpg,1 297 420 394 530 2 42 490 288 521
Czech_001976.jpg,1 189 445 221 515
Czech_001977.jpg,1 116 418 200 512
Czech_001981.jpg,
Czech_001984.jpg,1 378 440 464 533 1 460 434 524 474 2 7 433 381 469
Czech_001985.jpg,
Czech_001991.jpg,
Czech_001994.jpg,
Czech_001996.jpg,2 212 438 473 480 2 214 440 351 471
Czech_001999.jpg,
Czech_002002.jpg,
Czech_002004.jpg,
Czech_002015.jpg,
Czech_002017.jpg,
Czech_002018.jpg,1 180 409 228 462
Czech_002020.jpg,
Czech_002025.jpg,1 76 385 241 507
Czech_002036.jpg,1 109 415 201 505
Czech_002038.jpg,
Czech_002039.jpg,
Czech_002047.jpg,
Czech_002053.jpg,
Czech_002064.jpg,3 0 451 77 488
Czech_002065.jpg,1 310 417 377 514
Czech_002068.jpg,
Czech_002070.jpg,1 240 425 273 503
Czech_002073.jpg,
Czech_002074.jpg,1 60 449 107 509 3 26 404 424 521
Czech_002082.jpg,2 0 429 171 458
Czech_002083.jpg,
Czech_002089.jpg,2 195 434 406 470
Czech_002090.jpg,
Czech_002094.jpg,
Czech_002097.jpg,1 236 433 267 512 1 329 411 418 511 4 376 432 450 476
Czech_002098.jpg,
Czech_002099.jpg,
Czech_002101.jpg,
Czech_002108.jpg,
Czech_002111.jpg,1 187 476 234 522
Czech_002139.jpg,
Czech_002141.jpg,
Czech_002150.jpg,
Czech_002162.jpg,
Czech_002171.jpg,1 418 453 590 553
Czech_002172.jpg,
Czech_002174.jpg,
Czech_002185.jpg,
Czech_002186.jpg,1 236 450 268 517
Czech_002187.jpg,1 134 450 201 519
Czech_002188.jpg,1 311 411 378 515
Czech_002190.jpg,1 2 384 225 506
Czech_002191.jpg,
Czech_002192.jpg,
Czech_002194.jpg,
Czech_002196.jpg,1 381 455 432 521
Czech_002200.jpg,1 176 414 240 508 1 294 424 332 500
Czech_002206.jpg,1 318 430 366 516 2 0 460 225 504 1 125 390 219 507
Czech_002210.jpg,
Czech_002226.jpg,
Czech_002228.jpg,1 367 459 429 515
Czech_002234.jpg,
Czech_002239.jpg,4 307 440 443 536
Czech_002241.jpg,1 332 448 375 525
Czech_002249.jpg,
Czech_002254.jpg,4 192 422 270 449
Czech_002257.jpg,1 301 403 370 524 1 167 398 263 515
Czech_002272.jpg,1 229 440 380 513
Czech_002274.jpg,1 349 429 417 526
Czech_002278.jpg,4 106 462 155 512
Czech_002287.jpg,1 173 456 261 515 1 201 405 272 452
Czech_002290.jpg,
Czech_002291.jpg,2 334 483 467 507
Czech_002293.jpg,
Czech_002299.jpg,1 122 388 189 432 2 106 458 306 490 3 336 466 429 528 1 272 428 310 513 4 335 468 432 525
Czech_002301.jpg,
Czech_002310.jpg,
Czech_002312.jpg,
Czech_002313.jpg,
Czech_002316.jpg,2 182 456 394 487
Czech_002320.jpg,
Czech_002325.jpg,1 224 437 386 531
Czech_002329.jpg,3 274 406 420 530 3 88 413 227 511
Czech_002335.jpg,2 1 479 181 505
Czech_002337.jpg,
Czech_002341.jpg,1 234 404 260 444
Czech_002350.jpg,
Czech_002359.jpg,
Czech_002363.jpg,
Czech_002364.jpg,
Czech_002367.jpg,2 122 460 392 504
Czech_002373.jpg,
Czech_002378.jpg,
Czech_002384.jpg,1 34 427 170 518 1 299 432 350 532 1 181 419 238 517
Czech_002386.jpg,1 317 443 360 536 1 61 424 179 516 1 253 417 290 513
Czech_002387.jpg,1 166 402 233 481 1 264 417 313 457 2 0 467 171 502
Czech_002390.jpg,
Czech_002394.jpg,
Czech_002396.jpg,1 13 442 117 514
Czech_002402.jpg,4 325 431 382 458
Czech_002413.jpg,1 284 378 345 513
Czech_002414.jpg,
Czech_002417.jpg,1 149 451 212 519
Czech_002418.jpg,
Czech_002435.jpg,
Czech_002440.jpg,
Czech_002441.jpg,
Czech_002443.jpg,
Czech_002455.jpg,1 399 403 449 520
Czech_002457.jpg,
Czech_002466.jpg,
Czech_002480.jpg,2 252 479 359 505 1 232 464 262 525
Czech_002486.jpg,
Czech_002492.jpg,1 338 396 407 454 1 93 404 153 430
Czech_002499.jpg,
Czech_002521.jpg,3 524 406 600 551 3 218 413 507 517 3 163 414 589 523
Czech_002524.jpg,
Czech_002534.jpg,
Czech_002545.jpg,
Czech_002548.jpg,1 307 476 338 534
Czech_002552.jpg,
Czech_002558.jpg,
Czech_002562.jpg,
Czech_002563.jpg,
Czech_002564.jpg,1 285 423 335 522 1 146 467 185 522
Czech_002567.jpg,
Czech_002570.jpg,
Czech_002573.jpg,1 167 424 238 515
Czech_002580.jpg,
Czech_002583.jpg,
Czech_002586.jpg,1 241 402 335 516
Czech_002596.jpg,
Czech_002600.jpg,2 1 444 333 481
Czech_002601.jpg,
Czech_002609.jpg,
Czech_002616.jpg,
Czech_002620.jpg,
Czech_002622.jpg,
Czech_002624.jpg,
Czech_002629.jpg,
Czech_002631.jpg,2 72 475 235 504
Czech_002639.jpg,
Czech_002648.jpg,3 352 456 462 520 1 328 402 355 475
Czech_002651.jpg,
Czech_002655.jpg,
Czech_002657.jpg,
Czech_002664.jpg,
Czech_002667.jpg,2 253 438 347 458 2 254 471 367 507 1 241 422 270 524
Czech_002675.jpg,
Czech_002687.jpg,
Czech_002688.jpg,
Czech_002693.jpg,
Czech_002696.jpg,
Czech_002711.jpg,
Czech_002718.jpg,1 137 414 201 507
Czech_002719.jpg,
Czech_002722.jpg,
Czech_002727.jpg,1 304 404 418 534 1 29 438 136 519
Czech_002730.jpg,1 20 433 143 519
Czech_002736.jpg,1 47 424 95 485
Czech_002757.jpg,
Czech_002759.jpg,
Czech_002760.jpg,
Czech_002761.jpg,2 127 443 396 474
Czech_002762.jpg,
Czech_002763.jpg,1 362 422 462 476
Czech_002764.jpg,
Czech_002767.jpg,1 322 410 456 528
Czech_002768.jpg,
Czech_002772.jpg,2 283 505 438 530
Czech_002773.jpg,
Czech_002776.jpg,
Czech_002777.jpg,
Czech_002779.jpg,4 252 405 315 469
Czech_002787.jpg,1 187 397 261 518
Czech_002791.jpg,1 283 452 312 521
Czech_002798.jpg,
Czech_002799.jpg,
Czech_002801.jpg,
Czech_002805.jpg,2 34 475 356 516
Czech_002812.jpg,
Czech_002817.jpg,1 104 423 194 517
Czech_002820.jpg,
Czech_002822.jpg,1 86 433 176 509
Czech_002828.jpg,1 77 433 151 517
Czech_002834.jpg,1 151 418 213 514
Czech_002837.jpg,1 0 391 178 496
Czech_002847.jpg,1 0 379 199 503
Czech_002851.jpg,3 105 431 385 526
Czech_002859.jpg,
Czech_002863.jpg,
Czech_002869.jpg,
Czech_002870.jpg,
Czech_002873.jpg,
Czech_002876.jpg,
Czech_002879.jpg,
Czech_002880.jpg,1 128 433 187 517
Czech_002884.jpg,
Czech_002887.jpg,
Czech_002888.jpg,
Czech_002889.jpg,1 261 432 321 519
Czech_002895.jpg,2 79 480 301 514 2 104 419 291 442
Czech_002902.jpg,2 331 483 442 509
Czech_002903.jpg,
Czech_002908.jpg,
Czech_002919.jpg,1 308 406 363 522
Czech_002923.jpg,
Czech_002934.jpg,
Czech_002936.jpg,
Czech_002939.jpg,4 411 455 485 480
Czech_002946.jpg,4 371 476 429 514
Czech_002948.jpg,1 238 428 270 519
Czech_002952.jpg,
Czech_002955.jpg,1 34 406 178 513
Czech_002962.jpg,2 123 484 209 507
Czech_002969.jpg,4 34 451 151 490 2 152 453 343 485 1 175 408 222 491 1 26 482 72 518 2 188 451 341 482
Czech_002971.jpg,
Czech_002976.jpg,
Czech_002985.jpg,
Czech_002987.jpg,3 157 422 295 512 1 413 435 440 479
Czech_002990.jpg,
Czech_003004.jpg,
Czech_003007.jpg,
Czech_003014.jpg,
Czech_003019.jpg,1 81 443 176 509 1 405 439 517 507
Czech_003021.jpg,
Czech_003026.jpg,
Czech_003031.jpg,3 266 388 435 517 3 70 403 247 511 3 69 394 431 517
Czech_003034.jpg,4 255 412 291 434 2 1 435 128 454
Czech_003035.jpg,
Czech_003040.jpg,1 1 393 211 517
Czech_003046.jpg,
Czech_003048.jpg,1 0 411 66 505
Czech_003057.jpg,
Czech_003060.jpg,
Czech_003062.jpg,
Czech_003090.jpg,1 47 399 203 523
Czech_003091.jpg,1 113 430 195 516
Czech_003092.jpg,
Czech_003098.jpg,1 230 419 260 506 1 79 382 144 446
Czech_003119.jpg,
Czech_003132.jpg,
Czech_003136.jpg,
Czech_003140.jpg,
Czech_003149.jpg,3 253 405 327 470 2 86 484 220 512 1 201 444 231 516
Czech_003154.jpg,1 110 437 146 480
Czech_003156.jpg,
Czech_003158.jpg,
Czech_003178.jpg,
Czech_003186.jpg,
Czech_003193.jpg,
Czech_003199.jpg,2 3 443 257 508
Czech_003200.jpg,
Czech_003205.jpg,2 39 417 311 442
Czech_003207.jpg,4 280 423 345 449
Czech_003222.jpg,1 7 460 115 529
Czech_003227.jpg,
Czech_003230.jpg,
Czech_003244.jpg,
Czech_003248.jpg,4 125 430 179 459
Czech_003253.jpg,
Czech_003263.jpg,1 204 455 236 515
Czech_003272.jpg,1 289 400 361 525 1 0 404 94 513
Czech_003273.jpg,
Czech_003274.jpg,1 187 465 265 509
Czech_003288.jpg,
Czech_003291.jpg,1 242 394 268 519
Czech_003293.jpg,
Czech_003295.jpg,
Czech_003296.jpg,
Czech_003299.jpg,2 0 438 109 465
Czech_003307.jpg,
Czech_003313.jpg,
Czech_003337.jpg,
Czech_003358.jpg,
Czech_003361.jpg,1 161 401 241 514
Czech_003366.jpg,
Czech_003375.jpg,
Czech_003378.jpg,1 377 445 445 534 1 50 393 181 467
Czech_003382.jpg,
Czech_003392.jpg,2 0 470 177 503 2 177 436 276 462 2 97 453 197 473
Czech_003403.jpg,
Czech_003404.jpg,
Czech_003411.jpg,
Czech_003417.jpg,
Czech_003424.jpg,
Czech_003425.jpg,1 27 420 173 520
Czech_003426.jpg,2 45 446 283 472
Czech_003427.jpg,
Czech_003429.jpg,
Czech_003431.jpg,1 67 436 189 516
Czech_003432.jpg,1 259 430 286 514
Czech_003440.jpg,
Czech_003451.jpg,
Czech_003463.jpg,
Czech_003468.jpg,2 47 456 208 480
Czech_003480.jpg,
Czech_003484.jpg,3 59 462 220 511 4 60 487 138 513
Czech_003486.jpg,
Czech_003487.jpg,
Czech_003489.jpg,
Czech_003504.jpg,1 260 408 288 517
Czech_003511.jpg,
Czech_003517.jpg,
Czech_003520.jpg,4 181 461 227 486
Czech_003521.jpg,
Czech_003527.jpg,1 310 410 364 522 1 253 408 293 522
Czech_003528.jpg,
Czech_003529.jpg,
Czech_003533.jpg,1 122 437 188 511
Czech_003553.jpg,
Czech_003568.jpg,
Czech_003575.jpg,
Czech_003581.jpg,1 71 461 138 521
Czech_003582.jpg,1 214 391 252 431 1 244 447 284 527 1 0 435 139 512 2 150 467 414 503
Czech_003588.jpg,
Czech_003590.jpg,3 311 404 461 523 1 152 408 237 509 3 0 407 241 516 3 151 408 244 511
Czech_003591.jpg,
