India_000004.jpg,
India_000006.jpg,1 0 441 337 717 3 530 508 671 639
India_000008.jpg,3 520 558 691 716
India_000009.jpg,3 276 472 700 664 1 282 455 344 508
India_000013.jpg,
India_000015.jpg,
India_000020.jpg,
India_000021.jpg,
India_000025.jpg,
India_000029.jpg,
India_000030.jpg,
India_000031.jpg,3 11 463 715 574
India_000033.jpg,3 439 461 629 666 3 1 455 634 677 3 248 453 420 663
India_000034.jpg,
India_000045.jpg,4 442 407 594 471 4 342 501 497 577
India_000048.jpg,
India_000050.jpg,
India_000051.jpg,3 260 597 373 696
India_000056.jpg,3 1 492 577 707
India_000058.jpg,
India_000060.jpg,1 82 478 359 719
India_000062.jpg,
India_000063.jpg,3 3 436 700 719
India_000065.jpg,
India_000068.jpg,
India_000070.jpg,3 0 492 614 696
India_000077.jpg,
India_000082.jpg,4 267 484 479 549 4 1 477 492 714
India_000084.jpg,1 469 526 518 587
India_000091.jpg,3 552 504 720 633
India_000094.jpg,
India_000097.jpg,
India_000098.jpg,
India_000100.jpg,
India_000120.jpg,
India_000122.jpg,
India_000137.jpg,
India_000139.jpg,
India_000143.jpg,
India_000149.jpg,
India_000153.jpg,
India_000161.jpg,
India_000167.jpg,
India_000172.jpg,3 22 296 475 702
India_000176.jpg,1 53 392 279 675
India_000181.jpg,
India_000183.jpg,1 392 448 445 609 3 472 495 618 626 1 261 459 401 640 4 519 518 554 544 4 517 512 570 563
India_000185.jpg,
India_000192.jpg,3 0 507 318 718 3 2 483 718 679
India_000202.jpg,1 431 367 532 717
India_000211.jpg,4 286 527 424 633 3 458 539 558 640 4 92 476 151 505
India_000212.jpg,
India_000215.jpg,
India_000216.jpg,
India_000220.jpg,
India_000231.jpg,
India_000237.jpg,
India_000239.jpg,
India_000240.jpg,
India_000246.jpg,
India_000247.jpg,3 237 510 719 701
India_000248.jpg,
India_000264.jpg,
India_000265.jpg,
India_000266.jpg,3 0 495 618 684
India_000277.jpg,3 355 472 688 651
India_000284.jpg,
India_000287.jpg,
India_000296.jpg,
India_000307.jpg,
India_000322.jpg,
India_000324.jpg,
India_000328.jpg,
India_000331.jpg,4 372 419 457 464 1 0 482 234 670
India_000342.jpg,4 497 483 720 585
India_000344.jpg,
India_000355.jpg,
India_000357.jpg,
India_000360.jpg,
India_000364.jpg,
India_000370.jpg,3 110 558 591 704
India_000374.jpg,
India_000377.jpg,4 356 629 377 648
India_000380.jpg,4 0 456 409 712
India_000381.jpg,
India_000386.jpg,4 287 471 488 707
India_000388.jpg,3 302 427 719 681
India_000396.jpg,3 1 520 666 715
India_000397.jpg,3 465 538 651 690 3 0 529 422 717 3 1 527 648 700
India_000398.jpg,
India_000401.jpg,
India_000404.jpg,
India_000413.jpg,3 360 484 710 610
India_000419.jpg,
India_000422.jpg,3 481 496 717 702
India_000435.jpg,1 535 241 719 707
India_000450.jpg,
India_000458.jpg,1 231 442 326 647 3 104 573 265 669
India_000460.jpg,4 15 461 109 518
India_000463.jpg,1 110 425 283 719
India_000464.jpg,
India_000468.jpg,
India_000469.jpg,3 200 520 703 704 3 205 516 566 699
India_000479.jpg,3 66 357 661 719 1 404 318 535 714 1 236 449 338 719
India_000490.jpg,
India_000505.jpg,
India_000506.jpg,
India_000515.jpg,
India_000520.jpg,1 241 381 351 714
India_000523.jpg,4 499 573 555 605
India_000530.jpg,
India_000539.jpg,3 132 530 449 719 3 550 621 653 719
India_000541.jpg,
India_000547.jpg,
India_000550.jpg,
India_000553.jpg,3 0 535 626 720
India_000573.jpg,
India_000583.jpg,4 359 445 457 485
India_000587.jpg,4 74 619 150 677 4 158 424 230 457 4 375 426 442 465
India_000604.jpg,3 321 530 609 701
India_000607.jpg,
India_000610.jpg,1 447 502 604 708 2 338 584 549 621
India_000613.jpg,
India_000615.jpg,
India_000623.jpg,
India_000629.jpg,
India_000632.jpg,
India_000633.jpg,4 419 366 525 438 4 0 364 529 717
India_000634.jpg,4 351 549 409 595
India_000640.jpg,
India_000641.jpg,
India_000645.jpg,
India_000650.jpg,
India_000658.jpg,
India_000660.jpg,
India_000664.jpg,1 541 500 717 719
India_000666.jpg,3 0 412 610 608
India_000671.jpg,3 163 474 581 639
India_000672.jpg,
India_000673.jpg,
India_000674.jpg,1 49 421 245 701 3 12 407 719 719 3 499 382 719 720
India_000686.jpg,
India_000687.jpg,
India_000689.jpg,3 0 499 241 714
India_000695.jpg,
India_000706.jpg,4 509 350 720 621 4 470 355 720 699
India_000707.jpg,1 528 554 588 646 1 475 463 523 542
India_000708.jpg,3 414 439 573 589 1 502 485 568 588 4 338 493 378 549 1 341 397 395 575 3 3 408 378 621
India_000713.jpg,
India_000717.jpg,
India_000720.jpg,4 448 624 502 661
India_000723.jpg,4 245 557 317 597 4 83 488 154 522 3 0 494 621 703 4 262 441 322 475
India_000750.jpg,
India_000752.jpg,1 419 483 520 609
India_000753.jpg,
India_000755.jpg,
India_000767.jpg,
India_000774.jpg,
India_000777.jpg,
India_000783.jpg,
India_000784.jpg,
India_000792.jpg,
India_000793.jpg,1 447 474 507 638
India_000795.jpg,4 170 371 311 418 1 526 448 645 583 4 173 364 414 424
India_000807.jpg,4 245 442 388 511 1 418 380 455 512 4 292 387 417 434
India_000809.jpg,1 375 552 490 678
India_000818.jpg,1 451 305 582 708
India_000828.jpg,
India_000829.jpg,
India_000834.jpg,
India_000838.jpg,3 158 483 419 563 3 4 519 453 718
India_000841.jpg,
India_000843.jpg,
India_000845.jpg,
India_000854.jpg,
India_000868.jpg,4 411 529 504 654 4 398 605 507 654 4 400 459 464 495
India_000871.jpg,
India_000875.jpg,
India_000876.jpg,
India_000878.jpg,3 4 530 636 696
India_000880.jpg,
India_000883.jpg,
India_000886.jpg,
India_000897.jpg,
India_000899.jpg,
India_000900.jpg,
India_000902.jpg,
India_000903.jpg,4 393 496 456 526
India_000904.jpg,3 0 546 688 720
India_000906.jpg,1 254 456 343 555 4 192 564 261 602 4 367 442 429 469 3 3 473 418 719
India_000918.jpg,
India_000929.jpg,3 299 544 673 720 3 22 519 674 720
India_000943.jpg,1 249 447 364 626 3 0 478 252 711
India_000947.jpg,
India_000950.jpg,4 348 594 488 635
India_000953.jpg,3 305 553 449 630 1 508 569 613 673 1 478 547 610 670 3 383 462 475 568 1 386 458 451 569
India_000961.jpg,
India_000967.jpg,
India_000968.jpg,3 256 481 503 661 3 188 518 503 664 1 397 491 495 658
India_000974.jpg,
India_000975.jpg,
India_000980.jpg,
India_000983.jpg,
India_000986.jpg,
India_000989.jpg,
India_001011.jpg,
India_001013.jpg,
India_001022.jpg,
India_001024.jpg,
India_001025.jpg,
India_001031.jpg,
India_001034.jpg,
India_001039.jpg,
India_001043.jpg,
India_001062.jpg,1 302 433 389 627 3 0 514 304 718
India_001073.jpg,1 449 581 501 650
India_001091.jpg,
India_001092.jpg,4 481 601 580 695
India_001106.jpg,3 200 529 700 719
India_001108.jpg,
India_001109.jpg,
India_001117.jpg,1 253 369 374 716 3 56 426 661 720
India_001127.jpg,
India_001128.jpg,1 364 490 399 661
India_001152.jpg,
India_001154.jpg,1 362 431 395 551
India_001157.jpg,
India_001169.jpg,3 0 491 615 646 1 56 489 251 630
India_001170.jpg,
India_001172.jpg,
India_001177.jpg,
India_001178.jpg,3 0 600 557 720
India_001184.jpg,
India_001195.jpg,4 0 644 51 685 3 0 518 285 710
India_001196.jpg,1 440 589 558 694
India_001197.jpg,4 306 472 411 523 1 420 409 472 516 3 292 470 464 566 4 279 373 354 403
India_001202.jpg,4 417 462 466 494 3 2 492 573 694 1 353 524 391 637 1 469 490 571 630 3 0 506 393 716 3 444 492 572 634
India_001205.jpg,
India_001206.jpg,1 292 583 400 720
India_001209.jpg,
India_001212.jpg,
India_001214.jpg,
India_001215.jpg,
India_001216.jpg,
India_001223.jpg,
India_001224.jpg,
India_001226.jpg,4 35 517 293 622 4 312 520 381 556 1 511 564 682 705 4 511 564 683 702
India_001233.jpg,1 266 475 366 655 1 266 556 315 658
India_001237.jpg,3 0 515 373 717
India_001255.jpg,4 439 572 526 667
India_001256.jpg,
India_001258.jpg,
India_001274.jpg,3 6 519 687 709
India_001277.jpg,3 326 518 564 659 3 320 514 678 664
India_001280.jpg,4 257 659 393 719 4 0 557 396 720
India_001283.jpg,
India_001285.jpg,
India_001288.jpg,
India_001290.jpg,3 0 563 535 719
India_001293.jpg,
India_001300.jpg,
India_001312.jpg,
India_001317.jpg,3 349 587 680 720
India_001323.jpg,1 352 397 398 560
India_001325.jpg,
India_001329.jpg,4 274 520 468 591 4 509 482 604 514
India_001332.jpg,
India_001343.jpg,4 0 384 487 712
India_001347.jpg,
India_001354.jpg,
India_001356.jpg,
India_001360.jpg,
India_001369.jpg,
India_001371.jpg,
India_001379.jpg,
India_001382.jpg,4 151 497 212 527 4 292 492 336 518 3 439 488 691 651 3 442 493 621 645 4 503 588 531 613
India_001391.jpg,
India_001395.jpg,
India_001399.jpg,
India_001406.jpg,
India_001412.jpg,4 191 429 375 480 4 297 428 378 461 3 252 537 424 666
India_001416.jpg,3 0 519 646 718
India_001417.jpg,
India_001425.jpg,
India_001426.jpg,3 390 518 672 720
India_001434.jpg,1 460 187 543 592
India_001435.jpg,
India_001438.jpg,
India_001444.jpg,
India_001447.jpg,1 467 473 505 608
India_001460.jpg,
India_001462.jpg,3 107 538 720 718
India_001468.jpg,
India_001469.jpg,
India_001483.jpg,
India_001500.jpg,4 340 471 467 507
India_001501.jpg,4 345 505 404 537 4 504 634 574 704 2 264 550 505 583 4 574 539 636 574
India_001504.jpg,
India_001509.jpg,3 107 478 529 557
India_001515.jpg,4 0 479 353 717
India_001519.jpg,
India_001520.jpg,
India_001522.jpg,3 103 429 554 720 1 350 449 417 718
India_001523.jpg,
India_001529.jpg,1 402 432 434 600
India_001530.jpg,
India_001532.jpg,
India_001535.jpg,
India_001538.jpg,
India_001540.jpg,
India_001543.jpg,
India_001554.jpg,
India_001557.jpg,
India_001562.jpg,
India_001564.jpg,
India_001568.jpg,
India_001570.jpg,
India_001577.jpg,1 240 464 318 602
India_001600.jpg,4 391 398 450 428 3 13 456 622 653
India_001602.jpg,
India_001608.jpg,
India_001613.jpg,1 67 515 322 719
India_001614.jpg,4 238 341 290 366 3 463 421 719 720
India_001615.jpg,4 651 580 719 649 3 9 503 718 719 4 653 570 719 719 1 0 420 411 714 1 0 421 419 619
India_001624.jpg,3 353 561 719 719
India_001628.jpg,
India_001632.jpg,3 3 449 588 691 4 321 480 369 509 4 97 465 151 495 4 317 477 371 518 4 330 453 372 474
India_001638.jpg,
India_001639.jpg,
India_001641.jpg,
India_001643.jpg,
India_001645.jpg,1 166 519 272 604
India_001650.jpg,2 311 507 564 538
India_001654.jpg,3 263 431 476 520 3 248 448 500 683 1 403 431 480 527
India_001671.jpg,
India_001674.jpg,
India_001675.jpg,
India_001688.jpg,4 205 524 252 556 3 1 457 668 684 4 288 446 338 479 4 154 547 301 613 4 78 649 164 689 4 79 604 224 690
India_001699.jpg,
India_001705.jpg,
India_001707.jpg,1 539 479 628 575 1 468 399 547 483
India_001710.jpg,
India_001718.jpg,
India_001721.jpg,
India_001725.jpg,
India_001726.jpg,
India_001731.jpg,3 0 516 662 718
India_001738.jpg,3 188 533 522 715
India_001742.jpg,
India_001754.jpg,
India_001758.jpg,
India_001761.jpg,
India_001762.jpg,
India_001763.jpg,
India_001770.jpg,4 317 514 379 548 3 1 438 549 675 3 0 424 329 709
India_001771.jpg,
India_001781.jpg,
India_001784.jpg,
India_001790.jpg,1 182 449 313 628 4 415 460 493 498 4 289 408 336 434 3 151 471 633 622 4 451 502 514 535
India_001796.jpg,1 505 492 598 607 1 0 523 203 717 1 215 437 312 522 2 202 526 580 572 1 0 610 108 716 2 205 521 690 581
India_001797.jpg,
India_001801.jpg,
India_001805.jpg,1 451 549 492 651 3 444 485 568 549
India_001806.jpg,
India_001814.jpg,
India_001818.jpg,1 353 540 404 620 1 238 479 338 622
India_001824.jpg,
India_001825.jpg,3 2 546 645 718
India_001828.jpg,
India_001847.jpg,
India_001862.jpg,
India_001871.jpg,
India_001874.jpg,
India_001875.jpg,4 493 527 660 658 3 494 525 664 663 1 658 575 719 675
India_001882.jpg,4 497 490 570 527 4 474 453 540 490 4 416 451 466 486 4 403 579 441 604 4 418 493 452 515 3 345 495 714 609
India_001885.jpg,3 420 501 591 649 3 2 484 594 674 4 316 495 376 525 3 0 486 405 707
India_001891.jpg,4 198 564 351 635
India_001895.jpg,1 418 303 509 714
India_001898.jpg,3 65 500 288 720
India_001899.jpg,3 258 545 653 719
India_001901.jpg,1 302 454 402 641
India_001920.jpg,4 480 483 605 552 4 426 346 611 397
India_001921.jpg,4 199 465 266 491
India_001926.jpg,
India_001931.jpg,
India_001937.jpg,
India_001938.jpg,
India_001940.jpg,3 282 529 699 712 1 272 541 331 708 1 417 522 476 598
India_001942.jpg,
India_001947.jpg,
India_001950.jpg,3 257 464 585 641
India_001951.jpg,
India_001961.jpg,3 346 480 714 648 4 134 568 192 602
India_001965.jpg,
India_001968.jpg,1 143 394 271 718
India_001973.jpg,
India_001976.jpg,4 303 614 372 668
India_001991.jpg,
India_001997.jpg,
India_002001.jpg,3 2 492 442 718 3 2 502 670 697 4 175 642 239 701
India_002012.jpg,
India_002016.jpg,
India_002019.jpg,3 0 525 623 717
India_002036.jpg,
India_002037.jpg,3 332 589 495 678 3 217 589 506 679
India_002038.jpg,
India_002041.jpg,
India_002042.jpg,
India_002043.jpg,
India_002053.jpg,
India_002054.jpg,4 444 528 476 557 3 363 526 720 682
India_002055.jpg,4 659 542 720 622 4 563 433 680 529 4 393 385 529 430 4 0 431 454 710
India_002058.jpg,
India_002073.jpg,
India_002081.jpg,
India_002083.jpg,
India_002086.jpg,
India_002090.jpg,
India_002091.jpg,
India_002104.jpg,
India_002108.jpg,
India_002116.jpg,
India_002120.jpg,
India_002123.jpg,
India_002131.jpg,
India_002147.jpg,4 318 540 376 576 4 406 545 446 568 3 0 512 576 718 4 370 485 420 511 4 406 567 455 594
India_002151.jpg,1 297 478 370 588
India_002157.jpg,
India_002158.jpg,
India_002159.jpg,3 384 542 692 715 3 79 522 691 698
India_002160.jpg,
India_002170.jpg,4 258 522 396 576 4 428 438 717 535 4 253 500 445 579
India_002181.jpg,1 397 418 468 582 1 248 429 322 598 1 248 460 308 601 3 173 427 717 593
India_002185.jpg,
India_002190.jpg,
India_002193.jpg,1 286 506 364 625 1 222 620 294 720
India_002195.jpg,
India_002196.jpg,
India_002199.jpg,
India_002202.jpg,1 221 456 369 636
India_002221.jpg,3 0 495 545 716 4 19 574 138 646 3 6 491 543 652
India_002232.jpg,4 524 521 662 600 4 0 427 364 708 4 436 469 511 511 4 293 393 451 449
India_002234.jpg,3 359 581 468 709
India_002240.jpg,
India_002241.jpg,
India_002243.jpg,
India_002257.jpg,
India_002258.jpg,
India_002259.jpg,
India_002260.jpg,
India_002266.jpg,
India_002270.jpg,4 531 590 642 654 3 461 532 646 657 4 232 539 323 590 4 326 500 474 553 4 433 512 471 536
India_002276.jpg,
India_002277.jpg,3 305 542 591 720
India_002289.jpg,
India_002291.jpg,1 64 548 257 719
India_002294.jpg,
India_002295.jpg,
India_002302.jpg,
India_002306.jpg,3 2 421 613 610
India_002313.jpg,
India_002314.jpg,
India_002316.jpg,
India_002328.jpg,
India_002335.jpg,
India_002338.jpg,
India_002353.jpg,3 1 484 631 633
India_002355.jpg,
India_002359.jpg,
India_002362.jpg,1 508 556 558 608
India_002365.jpg,3 0 539 553 717
India_002367.jpg,
India_002370.jpg,
India_002374.jpg,
India_002375.jpg,
India_002377.jpg,4 317 606 364 643
India_002382.jpg,
India_002389.jpg,
India_002391.jpg,4 0 516 340 670
India_002399.jpg,3 0 489 718 646
India_002403.jpg,
India_002408.jpg,
India_002414.jpg,3 191 446 719 664
India_002415.jpg,
India_002420.jpg,
India_002422.jpg,
India_002423.jpg,4 4 628 64 676
India_002424.jpg,3 121 482 719 695
India_002425.jpg,
India_002427.jpg,3 524 573 718 720 3 318 574 717 719
India_002430.jpg,
India_002440.jpg,3 634 583 720 702
India_002441.jpg,
India_002442.jpg,
India_002444.jpg,
India_002446.jpg,
India_002452.jpg,
India_002453.jpg,
India_002454.jpg,
India_002457.jpg,
India_002458.jpg,3 145 419 640 608
India_002460.jpg,
India_002468.jpg,1 289 518 544 682
India_002476.jpg,
India_002477.jpg,
India_002479.jpg,
India_002489.jpg,
India_002491.jpg,
India_002495.jpg,3 93 541 717 719
India_002501.jpg,
India_002511.jpg,
India_002513.jpg,
India_002514.jpg,
India_002518.jpg,3 265 594 712 719 3 279 493 446 586
India_002529.jpg,3 338 525 715 693 1 303 458 341 565 1 0 460 247 692
India_002531.jpg,3 308 491 579 672
India_002542.jpg,
India_002545.jpg,
India_002559.jpg,
India_002561.jpg,3 544 533 672 607
India_002568.jpg,
India_002571.jpg,4 400 527 602 688
India_002577.jpg,
India_002584.jpg,
India_002597.jpg,
India_002599.jpg,
India_002601.jpg,
India_002626.jpg,4 605 602 691 664
India_002627.jpg,4 391 661 478 719 4 149 367 518 503
India_002630.jpg,
India_002633.jpg,
India_002634.jpg,
India_002635.jpg,1 186 498 319 616 3 94 604 587 716 4 221 667 260 704 4 528 603 601 675
India_002649.jpg,
India_002650.jpg,
India_002651.jpg,4 315 518 715 720 4 420 375 634 455
India_002660.jpg,3 203 497 718 702
India_002661.jpg,
India_002663.jpg,
India_002669.jpg,
India_002677.jpg,
India_002682.jpg,
India_002683.jpg,1 223 615 309 719 1 308 478 407 614
India_002684.jpg,
India_002687.jpg,
India_002688.jpg,
India_002691.jpg,4 402 600 535 662
India_002694.jpg,
India_002701.jpg,4 81 415 161 465
India_002707.jpg,3 2 328 701 719
India_002709.jpg,
India_002715.jpg,
India_002721.jpg,3 230 587 560 719
India_002728.jpg,
India_002731.jpg,
India_002738.jpg,1 104 614 205 719
India_002740.jpg,3 411 524 720 669 3 412 462 540 529
India_002744.jpg,
India_002758.jpg,
India_002760.jpg,
India_002761.jpg,4 399 390 433 429 1 408 272 438 361
India_002764.jpg,
India_002769.jpg,
India_002773.jpg,3 216 446 499 535 3 227 446 483 512 3 195 508 681 702 3 201 450 520 578
India_002778.jpg,1 322 389 375 560
India_002779.jpg,1 348 518 383 562 1 402 384 487 558 1 454 390 624 566
India_002783.jpg,4 206 513 440 615 4 531 471 712 622 3 0 504 201 644
India_002785.jpg,
India_002791.jpg,
India_002794.jpg,
India_002800.jpg,1 183 466 333 669
India_002802.jpg,
India_002805.jpg,
India_002807.jpg,
India_002809.jpg,
India_002812.jpg,
India_002814.jpg,3 436 498 589 631 4 324 506 378 536 4 55 518 154 552 4 212 562 276 597
India_002826.jpg,
India_002830.jpg,
India_002831.jpg,
India_002833.jpg,
India_002848.jpg,
India_002857.jpg,3 181 485 540 650 3 54 481 543 683
India_002861.jpg,4 336 673 369 706
India_002866.jpg,
India_002872.jpg,
India_002874.jpg,
India_002876.jpg,4 440 542 589 674 4 364 487 437 531
India_002879.jpg,
India_002887.jpg,
India_002888.jpg,
India_002897.jpg,
India_002902.jpg,
India_002908.jpg,3 367 475 719 679 1 286 464 348 679
India_002911.jpg,
India_002918.jpg,1 290 506 389 718
India_002920.jpg,
India_002927.jpg,
India_002928.jpg,1 395 412 576 716
India_002929.jpg,
India_002933.jpg,
India_002940.jpg,
India_002951.jpg,3 491 509 678 648 1 1 614 156 720
India_002952.jpg,
India_002959.jpg,
India_002964.jpg,3 1 469 523 707
India_002977.jpg,4 551 496 708 630 3 288 454 557 674
India_002982.jpg,4 268 486 407 541
India_002986.jpg,
India_002988.jpg,
India_002990.jpg,
India_002996.jpg,3 230 561 712 715
India_002999.jpg,
India_003003.jpg,
India_003005.jpg,4 0 418 421 711 3 333 490 576 638
India_003008.jpg,
India_003009.jpg,3 0 508 646 714
India_003019.jpg,
India_003022.jpg,3 392 548 592 720
India_003024.jpg,3 213 479 719 714 4 380 513 424 560
India_003025.jpg,
India_003026.jpg,3 215 490 559 688 4 169 550 213 595 4 245 531 330 615 4 237 519 271 550
India_003031.jpg,
India_003037.jpg,
India_003038.jpg,4 500 599 588 664 4 406 581 477 624
India_003040.jpg,
India_003050.jpg,3 3 465 526 720 1 279 360 312 468
India_003061.jpg,1 218 423 300 520 1 103 424 302 649 1 214 475 255 522 1 100 527 210 651
India_003067.jpg,
India_003089.jpg,
India_003095.jpg,3 195 462 509 673 3 191 472 718 676
India_003099.jpg,3 112 497 604 713
India_003104.jpg,
India_003105.jpg,3 219 437 609 618
India_003108.jpg,
India_003109.jpg,
India_003132.jpg,
India_003145.jpg,
India_003154.jpg,
India_003157.jpg,
India_003166.jpg,1 476 420 628 571 3 359 420 495 570 1 419 418 490 570
India_003167.jpg,
India_003189.jpg,4 508 588 553 624
India_003202.jpg,
India_003204.jpg,4 184 596 235 625 4 195 550 244 573
India_003206.jpg,
India_003209.jpg,4 0 474 398 711
India_003210.jpg,4 179 415 447 541 1 434 474 472 638 3 0 539 276 718
India_003212.jpg,
India_003222.jpg,
India_003223.jpg,
India_003226.jpg,1 397 461 532 652
India_003227.jpg,
India_003229.jpg,3 184 585 710 719
India_003235.jpg,1 388 510 443 614 1 179 449 339 526 4 269 415 377 450
India_003238.jpg,
India_003241.jpg,
India_003255.jpg,
India_003258.jpg,
India_003264.jpg,1 190 402 377 626 4 460 407 519 434 4 301 422 345 445 4 314 393 360 415 4 356 431 385 450 1 191 442 350 627
India_003267.jpg,4 298 473 520 699
India_003271.jpg,4 429 492 507 534 2 386 616 600 645 1 389 499 462 628
India_003277.jpg,1 573 530 647 608
India_003279.jpg,
India_003280.jpg,
India_003295.jpg,3 565 604 719 720 3 478 564 719 719 4 565 605 642 649
India_003298.jpg,3 0 477 563 716 4 344 469 377 492 4 369 446 400 466 1 254 500 358 669
India_003304.jpg,3 0 503 616 680
India_003308.jpg,
India_003322.jpg,4 0 525 473 718
India_003325.jpg,4 263 454 450 534 3 0 448 239 566 4 517 450 663 597
India_003332.jpg,3 555 478 658 531
India_003333.jpg,4 178 344 512 489 3 2 350 719 720 3 211 358 719 718
India_003335.jpg,
India_003336.jpg,
India_003341.jpg,
India_003350.jpg,
India_003355.jpg,4 395 592 449 648
India_003357.jpg,
India_003367.jpg,3 0 570 558 720
India_003369.jpg,3 139 593 718 720 3 435 564 719 719
India_003371.jpg,1 461 522 556 609
India_003375.jpg,
India_003380.jpg,
India_003390.jpg,
India_003393.jpg,3 0 488 628 714
India_003396.jpg,
India_003419.jpg,4 0 531 453 719
India_003423.jpg,
India_003439.jpg,
India_003440.jpg,1 630 529 720 678
India_003441.jpg,
India_003442.jpg,
India_003448.jpg,1 282 354 366 547
India_003450.jpg,4 365 207 523 260 3 175 289 719 715
India_003470.jpg,1 369 478 399 679 1 232 484 339 686 1 482 599 535 681 1 436 504 484 599 1 435 504 534 680
India_003476.jpg,
India_003477.jpg,
India_003484.jpg,3 455 526 720 704 1 290 466 324 582 1 464 525 603 681 3 12 508 720 668
India_003487.jpg,
India_003492.jpg,
India_003497.jpg,3 0 536 571 687 3 401 504 573 648
India_003504.jpg,
India_003510.jpg,
India_003511.jpg,
India_003518.jpg,
India_003524.jpg,
India_003529.jpg,
India_003531.jpg,
India_003534.jpg,4 197 470 302 511 4 501 404 535 424 4 263 413 339 453
India_003544.jpg,3 32 546 453 718 4 406 500 433 522
India_003549.jpg,
India_003555.jpg,3 4 498 622 711
India_003559.jpg,4 411 582 471 622 4 259 587 359 673 3 0 472 640 719 4 365 478 423 507
India_003562.jpg,
India_003563.jpg,3 118 478 718 650
India_003574.jpg,3 0 462 698 652
India_003582.jpg,
India_003584.jpg,4 394 536 455 570 3 1 520 646 714 4 499 611 617 676 4 252 614 319 717
India_003588.jpg,1 304 493 370 719
India_003590.jpg,3 2 425 676 720 4 283 353 428 436 4 143 362 251 416 4 282 352 427 408
India_003596.jpg,
India_003600.jpg,4 358 394 421 424 3 186 453 604 603
India_003603.jpg,
India_003604.jpg,3 2 510 694 717 3 0 556 315 719
India_003607.jpg,
India_003612.jpg,
India_003613.jpg,
India_003615.jpg,
India_003620.jpg,
India_003625.jpg,
India_003630.jpg,
India_003638.jpg,3 9 477 645 678 4 313 491 342 514
India_003650.jpg,
India_003655.jpg,
India_003657.jpg,
India_003664.jpg,3 280 443 714 639
India_003666.jpg,1 117 390 379 664
India_003675.jpg,
India_003685.jpg,4 588 486 719 570 4 485 403 518 426
India_003689.jpg,3 0 493 642 685
India_003694.jpg,
India_003707.jpg,
India_003723.jpg,
India_003725.jpg,4 411 464 515 511 4 391 517 467 552 4 144 473 325 547 1 316 440 410 616 4 266 606 301 633
India_003729.jpg,
India_003730.jpg,4 32 561 165 639 4 55 654 147 719 4 331 386 441 425
India_003735.jpg,3 316 511 719 686
India_003737.jpg,
India_003743.jpg,4 55 670 143 711
India_003748.jpg,
India_003762.jpg,
India_003771.jpg,1 6 491 222 638 4 291 555 492 674
India_003777.jpg,
India_003779.jpg,
India_003781.jpg,
India_003786.jpg,
India_003790.jpg,
India_003794.jpg,
India_003798.jpg,
India_003799.jpg,1 432 407 482 582 4 0 516 404 715 4 281 371 433 430
India_003801.jpg,
India_003803.jpg,
India_003804.jpg,
India_003818.jpg,
India_003819.jpg,4 281 489 415 538
India_003821.jpg,4 45 498 162 566 4 348 432 390 459 3 6 399 557 584
India_003851.jpg,
India_003860.jpg,
India_003875.jpg,
India_003876.jpg,1 461 277 712 672
India_003887.jpg,
India_003894.jpg,
India_003895.jpg,
India_003896.jpg,3 301 493 480 600
India_003905.jpg,3 164 499 717 715
India_003906.jpg,
India_003910.jpg,3 7 461 712 627 1 445 461 553 626 4 422 422 459 450 4 154 469 257 539 4 489 431 525 455
India_003912.jpg,
India_003915.jpg,
India_003924.jpg,1 145 410 351 634 3 0 413 403 717
India_003931.jpg,
India_003932.jpg,4 225 567 287 622
India_003933.jpg,
India_003940.jpg,
India_003955.jpg,3 406 471 652 641 3 308 467 648 640
India_003956.jpg,3 0 461 299 713 1 363 403 423 564 1 360 449 405 567
India_003957.jpg,1 258 466 344 611
India_003977.jpg,
India_003978.jpg,
India_003982.jpg,
India_003984.jpg,
India_003988.jpg,
India_003991.jpg,4 397 650 439 675 1 273 545 315 683
India_004000.jpg,
India_004002.jpg,
India_004007.jpg,3 0 507 568 675
India_004012.jpg,
India_004017.jpg,
India_004018.jpg,4 271 415 486 476 4 0 499 454 690 4 269 437 362 474 4 334 415 489 463
India_004019.jpg,
India_004020.jpg,
India_004021.jpg,4 261 377 639 548 4 222 379 639 716 4 250 378 639 630 4 0 503 198 719
India_004023.jpg,
India_004026.jpg,
India_004032.jpg,4 469 478 619 550
India_004049.jpg,4 188 581 308 625
India_004055.jpg,
India_004056.jpg,
India_004059.jpg,
India_004068.jpg,4 490 464 577 495 4 542 548 719 620 4 361 535 516 619
India_004072.jpg,
India_004078.jpg,
India_004083.jpg,
India_004085.jpg,
India_004094.jpg,3 375 490 651 625 1 378 470 423 611
India_004096.jpg,
India_004098.jpg,3 540 418 718 583 3 4 463 274 619
India_004111.jpg,
India_004119.jpg,
India_004123.jpg,
India_004131.jpg,
India_004137.jpg,
India_004140.jpg,
India_004145.jpg,3 4 490 594 693 1 222 500 359 694
India_004152.jpg,1 388 353 438 524
India_004159.jpg,
India_004174.jpg,
India_004177.jpg,
India_004186.jpg,
India_004192.jpg,3 525 570 605 681
India_004198.jpg,
India_004203.jpg,
India_004206.jpg,3 1 473 714 676
India_004207.jpg,
India_004214.jpg,
India_004216.jpg,
India_004218.jpg,3 414 545 719 719
India_004220.jpg,
India_004228.jpg,
India_004271.jpg,4 418 636 484 680 4 451 591 500 629 4 386 579 437 615
India_004272.jpg,
India_004275.jpg,1 500 518 566 703 1 332 528 410 617
India_004281.jpg,
India_004287.jpg,
India_004296.jpg,3 322 527 718 716
India_004300.jpg,
India_004301.jpg,
India_004303.jpg,3 107 503 620 720 4 0 575 104 719
India_004305.jpg,4 213 471 278 505 3 478 478 638 637 4 296 469 413 521 3 0 459 629 639 1 493 480 638 637 1 376 492 432 617
India_004314.jpg,
India_004317.jpg,3 0 466 656 667
India_004323.jpg,
India_004325.jpg,4 309 504 457 673 3 306 498 457 674 1 479 531 699 715 4 300 492 372 523
India_004326.jpg,
India_004333.jpg,
India_004335.jpg,4 263 543 368 583 2 175 612 526 661
India_004336.jpg,1 352 447 399 543 1 355 450 449 650
India_004347.jpg,4 405 466 489 505 4 404 462 539 510
India_004350.jpg,
India_004360.jpg,1 373 584 406 719 1 283 539 357 633 1 213 631 290 720 1 476 614 525 720 1 359 582 408 720
India_004372.jpg,
India_004378.jpg,1 72 603 202 719
India_004379.jpg,3 391 565 623 677 3 260 553 447 671 3 0 538 238 680
India_004382.jpg,3 418 375 595 570 3 187 371 396 585 3 72 372 606 581 3 0 398 190 716
India_004383.jpg,
India_004384.jpg,
India_004391.jpg,
India_004397.jpg,
India_004400.jpg,3 1 499 530 716 4 412 462 445 487 4 360 561 407 606
India_004401.jpg,3 174 497 719 709
India_004404.jpg,
India_004412.jpg,3 0 564 608 719
India_004418.jpg,
India_004420.jpg,
India_004422.jpg,
India_004426.jpg,
India_004429.jpg,
India_004432.jpg,4 519 530 573 558 3 478 521 633 648
India_004435.jpg,3 219 539 716 719
India_004440.jpg,3 18 516 660 706
India_004442.jpg,
India_004445.jpg,
India_004447.jpg,
India_004467.jpg,
India_004474.jpg,4 0 499 274 717
India_004475.jpg,
India_004487.jpg,
India_004488.jpg,4 531 430 616 463
India_004491.jpg,
India_004493.jpg,
India_004496.jpg,
India_004499.jpg,
India_004501.jpg,
India_004503.jpg,
India_004529.jpg,
India_004536.jpg,
India_004538.jpg,3 489 497 719 706
India_004539.jpg,
India_004545.jpg,1 174 498 268 620 1 320 497 358 653
India_004546.jpg,
India_004552.jpg,
India_004573.jpg,3 7 569 205 720 1 3 571 202 720
India_004576.jpg,3 11 489 717 671
India_004582.jpg,
India_004590.jpg,3 269 481 674 688
India_004591.jpg,
India_004596.jpg,3 0 488 625 674
India_004598.jpg,
India_004609.jpg,3 169 418 438 599
India_004615.jpg,1 124 511 304 718
India_004617.jpg,
India_004621.jpg,
India_004623.jpg,4 396 520 571 582
India_004624.jpg,
India_004643.jpg,
India_004644.jpg,
India_004645.jpg,4 222 381 315 421
India_004648.jpg,
India_004656.jpg,
India_004660.jpg,3 422 468 608 548
India_004662.jpg,
India_004668.jpg,
India_004670.jpg,1 305 590 338 720
India_004672.jpg,
India_004673.jpg,
India_004681.jpg,4 0 474 337 720 3 429 571 720 719
India_004685.jpg,3 187 538 718 700
India_004691.jpg,
India_004707.jpg,
India_004708.jpg,1 499 279 716 699
India_004712.jpg,
India_004720.jpg,
India_004725.jpg,
India_004728.jpg,1 274 594 324 678
India_004729.jpg,3 141 393 637 569
India_004736.jpg,
India_004737.jpg,4 384 482 424 514
India_004746.jpg,
India_004748.jpg,4 382 499 448 534
India_004752.jpg,3 232 524 720 684
India_004754.jpg,3 3 483 617 702 4 413 484 473 512
India_004757.jpg,
India_004774.jpg,
India_004776.jpg,
India_004783.jpg,
India_004786.jpg,4 231 495 481 595 4 2 489 484 610 4 327 511 479 591 4 0 490 483 695
India_004787.jpg,
India_004789.jpg,
India_004791.jpg,
India_004794.jpg,
India_004795.jpg,3 0 461 689 629 1 182 509 225 596
India_004796.jpg,
India_004804.jpg,
India_004808.jpg,
India_004811.jpg,4 291 466 442 522
India_004813.jpg,4 455 392 531 424 4 308 420 459 481 3 573 455 716 619 4 1 533 430 709
India_004818.jpg,
India_004839.jpg,3 1 442 714 636
India_004843.jpg,
India_004848.jpg,3 252 512 680 684
India_004849.jpg,
India_004850.jpg,
India_004858.jpg,1 442 494 521 608 2 522 595 719 651
India_004859.jpg,
India_004860.jpg,
India_004861.jpg,3 153 504 720 718
India_004866.jpg,
India_004867.jpg,1 419 439 447 526
India_004869.jpg,4 189 631 241 675
India_004871.jpg,
India_004873.jpg,
India_004875.jpg,
India_004884.jpg,
India_004888.jpg,
India_004889.jpg,3 204 478 555 675 3 397 495 555 667 3 200 475 369 676
India_004892.jpg,
India_004893.jpg,3 430 457 719 706
India_004895.jpg,
India_004903.jpg,
India_004909.jpg,
India_004910.jpg,
India_004923.jpg,
India_004927.jpg,
India_004930.jpg,3 118 487 523 613 3 419 504 522 608
India_004932.jpg,
India_004945.jpg,
India_004950.jpg,
India_004951.jpg,
India_004953.jpg,
India_004955.jpg,4 248 588 446 667 4 229 549 320 585 4 372 489 455 597 4 363 461 397 483 4 218 496 336 538
India_004957.jpg,
India_004962.jpg,
India_004966.jpg,
India_004970.jpg,4 419 511 483 550 4 420 485 482 512 4 511 504 599 547 4 359 454 410 483 4 380 408 419 430
India_004974.jpg,
India_004976.jpg,3 523 479 705 562 3 367 412 699 563
India_004985.jpg,
India_004990.jpg,4 352 624 428 720 4 324 647 357 679
India_004995.jpg,
India_004996.jpg,
India_005000.jpg,
India_005004.jpg,
India_005009.jpg,
India_005013.jpg,
India_005027.jpg,
India_005042.jpg,3 9 402 674 564
India_005045.jpg,3 7 601 708 719
India_005049.jpg,4 328 500 376 524 3 2 515 364 718
India_005052.jpg,1 219 462 416 642 1 216 555 327 646 4 3 665 82 704 4 0 663 85 717 2 225 568 286 587
India_005056.jpg,
India_005060.jpg,
India_005064.jpg,3 40 490 334 718
India_005068.jpg,
India_005074.jpg,3 221 519 597 713
India_005085.jpg,
India_005109.jpg,3 402 448 713 551 4 409 453 713 552
India_005110.jpg,
India_005112.jpg,1 466 423 549 514
India_005113.jpg,
India_005119.jpg,
India_005131.jpg,
India_005132.jpg,3 194 564 719 719
India_005140.jpg,
India_005145.jpg,
India_005146.jpg,
India_005154.jpg,
India_005157.jpg,
India_005182.jpg,3 0 463 653 619 3 450 471 664 616
India_005192.jpg,3 323 492 607 656 3 0 533 99 714
India_005196.jpg,
India_005199.jpg,
India_005202.jpg,4 588 497 671 556 3 335 410 694 598
India_005205.jpg,3 425 564 686 719
India_005207.jpg,
India_005208.jpg,1 71 587 192 719
India_005211.jpg,4 235 542 469 654 3 222 540 473 654
India_005213.jpg,
India_005215.jpg,
India_005221.jpg,3 321 560 593 713 1 203 542 311 711 3 473 572 593 715
India_005222.jpg,1 279 453 388 585
India_005224.jpg,
India_005229.jpg,
India_005237.jpg,1 74 353 311 716
India_005238.jpg,
India_005241.jpg,
India_005244.jpg,
India_005249.jpg,4 324 470 402 501
India_005250.jpg,
India_005251.jpg,
India_005255.jpg,
India_005264.jpg,
India_005265.jpg,
India_005268.jpg,4 252 588 398 670
India_005274.jpg,
India_005275.jpg,
India_005281.jpg,1 434 319 566 679
India_005290.jpg,4 358 591 441 639 1 371 470 436 586
India_005292.jpg,
India_005299.jpg,
India_005300.jpg,
India_005312.jpg,3 301 473 418 574
India_005313.jpg,4 244 557 316 598 1 122 436 290 600
India_005321.jpg,3 162 525 720 697
India_005323.jpg,3 132 475 594 652
India_005325.jpg,
India_005327.jpg,
India_005339.jpg,4 248 390 404 440 3 21 479 223 576
India_005341.jpg,
India_005342.jpg,
India_005349.jpg,
India_005362.jpg,
India_005363.jpg,
India_005367.jpg,
India_005377.jpg,4 160 554 309 648 1 340 490 391 686 1 137 618 238 719
India_005380.jpg,
India_005381.jpg,
India_005383.jpg,
India_005385.jpg,
India_005386.jpg,1 417 538 455 719
India_005390.jpg,2 167 615 418 655 1 365 554 451 690
India_005392.jpg,
India_005396.jpg,
India_005405.jpg,3 131 525 717 717
India_005407.jpg,
India_005418.jpg,4 91 634 191 710 3 324 571 602 720
India_005425.jpg,
India_005432.jpg,
India_005440.jpg,
India_005443.jpg,1 373 565 528 719
India_005450.jpg,3 384 531 489 658
India_005459.jpg,
India_005460.jpg,
India_005462.jpg,
India_005464.jpg,
India_005476.jpg,3 252 588 554 720 1 101 597 210 719
India_005482.jpg,
India_005498.jpg,3 49 513 719 708
India_005511.jpg,
India_005516.jpg,
India_005517.jpg,
India_005522.jpg,4 0 448 373 714 4 471 476 659 604
India_005529.jpg,4 368 663 432 707
India_005531.jpg,3 187 466 720 685
India_005532.jpg,
India_005536.jpg,
India_005538.jpg,3 134 441 529 643
India_005549.jpg,
India_005551.jpg,
India_005553.jpg,3 25 509 719 716
India_005554.jpg,1 277 491 316 638 3 412 481 716 674
India_005570.jpg,
India_005571.jpg,
India_005572.jpg,
India_005575.jpg,
India_005577.jpg,
India_005583.jpg,3 0 556 576 720
India_005584.jpg,1 557 576 720 716
India_005585.jpg,
India_005587.jpg,
India_005590.jpg,4 254 353 366 395
India_005596.jpg,
India_005599.jpg,
India_005602.jpg,
India_005604.jpg,4 387 399 449 429 4 368 474 393 493 3 5 452 410 669 4 375 449 407 468
India_005607.jpg,
India_005614.jpg,
India_005629.jpg,3 359 542 584 720 3 363 539 517 652
India_005631.jpg,1 182 650 223 711
India_005632.jpg,
India_005649.jpg,
India_005650.jpg,4 415 510 463 544 4 484 452 537 510 4 422 540 499 573 4 444 540 496 571 3 420 482 684 580
India_005657.jpg,3 494 479 719 700 4 400 570 504 660 1 1 474 288 698 1 500 476 714 694 1 500 476 654 683
India_005658.jpg,3 131 548 709 719
India_005667.jpg,4 201 476 320 521 4 199 441 463 523
India_005683.jpg,
India_005691.jpg,
India_005694.jpg,1 467 451 544 574
India_005703.jpg,
India_005705.jpg,3 343 523 678 661
India_005708.jpg,
India_005710.jpg,1 468 549 523 615
India_005718.jpg,
India_005719.jpg,4 0 484 432 708
India_005722.jpg,
India_005723.jpg,3 324 534 510 640
India_005731.jpg,
India_005735.jpg,
India_005736.jpg,4 454 502 671 621
India_005738.jpg,1 280 459 342 529
India_005739.jpg,
India_005741.jpg,4 444 417 598 463 4 0 455 305 714 4 289 423 449 497
India_005749.jpg,
India_005759.jpg,
India_005763.jpg,
India_005766.jpg,
India_005779.jpg,4 122 436 315 520 4 390 398 491 443 4 464 491 501 520 4 521 510 552 541
India_005786.jpg,3 0 478 697 654 1 305 439 402 629 3 0 492 398 716
India_005791.jpg,3 378 493 719 666
India_005792.jpg,1 21 579 228 720
India_005795.jpg,1 472 587 580 685 1 227 678 260 719
India_005800.jpg,1 36 456 200 588
India_005805.jpg,4 0 439 328 719
India_005808.jpg,
India_005819.jpg,1 109 571 249 718
India_005827.jpg,
India_005831.jpg,3 4 502 337 693
India_005841.jpg,
India_005858.jpg,
India_005867.jpg,
India_005885.jpg,
India_005888.jpg,
India_005899.jpg,3 23 449 711 720
India_005904.jpg,4 405 398 476 436 4 554 538 682 599 4 0 414 363 705 1 474 449 557 553 4 1 414 366 607
India_005907.jpg,
India_005915.jpg,
India_005924.jpg,
India_005925.jpg,
India_005943.jpg,
India_005946.jpg,
India_005951.jpg,3 5 440 651 641 3 0 481 235 719 3 461 445 656 634
India_005960.jpg,4 357 387 434 426 3 2 491 264 717 4 403 434 445 460 1 12 514 257 717 4 363 391 433 433
India_005965.jpg,
India_005966.jpg,2 253 578 453 618
India_005984.jpg,
India_006002.jpg,
India_006007.jpg,
India_006015.jpg,
India_006016.jpg,3 6 505 717 695
India_006017.jpg,
India_006019.jpg,
India_006023.jpg,1 341 459 395 656 1 492 507 575 633 4 256 506 300 536 3 13 502 574 705 4 316 508 383 539
India_006028.jpg,
India_006040.jpg,
India_006051.jpg,
India_006067.jpg,
India_006068.jpg,
India_006082.jpg,
India_006083.jpg,
India_006085.jpg,1 109 468 348 719
India_006090.jpg,4 403 452 455 524 4 387 531 427 558
India_006107.jpg,
India_006118.jpg,4 152 521 198 547
India_006119.jpg,
India_006123.jpg,4 345 587 485 664
India_006134.jpg,
India_006135.jpg,
India_006136.jpg,
India_006140.jpg,
India_006147.jpg,4 2 499 470 666 4 246 494 469 607 1 268 599 388 720
India_006151.jpg,3 1 485 608 707 3 440 486 605 640 1 385 463 435 637
India_006153.jpg,3 146 483 719 700 1 54 610 147 708 4 53 608 148 710
India_006156.jpg,3 487 501 720 701
India_006157.jpg,4 307 577 365 619
India_006158.jpg,
India_006159.jpg,
India_006173.jpg,
India_006178.jpg,1 5 368 246 718
India_006184.jpg,
India_006190.jpg,
India_006191.jpg,
India_006195.jpg,
India_006203.jpg,
India_006207.jpg,
India_006208.jpg,4 315 577 462 678 4 404 462 510 537 1 491 576 520 656
India_006209.jpg,
India_006217.jpg,1 449 277 718 693
India_006225.jpg,
India_006226.jpg,
India_006227.jpg,
India_006235.jpg,
India_006242.jpg,4 378 350 462 384
India_006247.jpg,4 253 493 605 558 4 9 483 226 616 4 238 446 600 559 3 314 538 663 648
India_006259.jpg,1 510 294 715 691
India_006261.jpg,
India_006263.jpg,
India_006264.jpg,
India_006267.jpg,
India_006270.jpg,3 224 489 719 697
India_006276.jpg,
India_006279.jpg,
India_006294.jpg,3 3 518 715 705
India_006296.jpg,4 274 430 468 544 3 44 534 651 672 4 36 467 221 535
India_006299.jpg,
India_006307.jpg,
India_006309.jpg,3 0 492 686 696
India_006311.jpg,
India_006313.jpg,1 0 551 229 718
India_006334.jpg,4 303 434 515 509 4 20 441 588 711
India_006343.jpg,
India_006344.jpg,
India_006346.jpg,1 123 618 229 720
India_006350.jpg,
India_006351.jpg,
India_006352.jpg,
India_006356.jpg,
India_006366.jpg,3 213 486 719 667
India_006377.jpg,
India_006380.jpg,
India_006384.jpg,3 0 527 325 719 3 2 542 603 720 1 51 527 326 720
India_006393.jpg,
India_006394.jpg,4 325 446 370 539
India_006399.jpg,
India_006404.jpg,
India_006416.jpg,4 180 465 258 497 4 321 512 465 596 4 207 404 326 461 4 423 431 455 450 4 460 513 539 558 4 392 454 442 489
India_006417.jpg,
India_006418.jpg,
India_006421.jpg,
India_006422.jpg,
India_006423.jpg,
India_006431.jpg,3 196 465 476 638 3 0 623 181 720 3 195 473 673 639 4 348 586 379 624 3 488 481 704 634
India_006435.jpg,
India_006438.jpg,3 204 558 394 715
India_006439.jpg,1 272 503 347 585
India_006440.jpg,3 250 433 644 720
India_006443.jpg,
India_006445.jpg,
India_006453.jpg,4 399 391 502 430 4 244 384 388 425
India_006456.jpg,4 189 462 241 494
India_006457.jpg,4 219 560 323 611 4 250 502 302 537 4 332 444 367 467 4 298 481 326 503 4 370 441 417 466 4 119 620 223 681 3 3 465 516 675 1 123 488 262 680 4 261 413 310 440
India_006458.jpg,1 510 557 566 642
India_006461.jpg,
India_006467.jpg,1 450 564 527 687 4 399 499 469 549 3 525 575 683 703 1 366 497 396 655
India_006468.jpg,
India_006472.jpg,
India_006477.jpg,3 0 514 369 715
India_006484.jpg,
India_006489.jpg,4 307 461 490 530 1 239 518 431 719
India_006500.jpg,
India_006503.jpg,4 408 487 464 518 1 415 517 453 662
India_006508.jpg,1 262 555 362 650
India_006512.jpg,3 0 346 603 677
India_006515.jpg,1 472 466 610 648
India_006521.jpg,1 268 370 525 564
India_006527.jpg,
India_006546.jpg,3 0 447 373 654
India_006548.jpg,
India_006553.jpg,
India_006554.jpg,
India_006558.jpg,4 178 483 257 514 1 506 519 564 665 3 23 524 663 693
India_006568.jpg,
India_006569.jpg,4 393 513 482 598
India_006572.jpg,1 312 475 385 676
India_006573.jpg,
India_006574.jpg,3 17 495 92 575
India_006575.jpg,3 415 581 641 719 3 417 601 706 719
India_006587.jpg,3 8 559 701 706
India_006590.jpg,4 151 513 302 577 4 379 609 627 690 4 487 529 550 568 4 511 473 685 547 4 379 477 489 514 4 283 466 370 510 4 352 506 385 525 4 605 577 651 610 4 293 461 493 518 4 691 532 720 568
India_006604.jpg,
India_006606.jpg,
India_006611.jpg,
India_006612.jpg,3 2 487 590 706 1 237 501 349 696
India_006616.jpg,
India_006618.jpg,
India_006631.jpg,
India_006638.jpg,
India_006642.jpg,
India_006653.jpg,
India_006655.jpg,
India_006662.jpg,
India_006671.jpg,3 93 554 239 644
India_006680.jpg,4 530 646 625 699 3 291 500 471 598
India_006683.jpg,
India_006684.jpg,
India_006687.jpg,
India_006694.jpg,
India_006711.jpg,
India_006734.jpg,4 421 610 467 639
India_006738.jpg,
India_006742.jpg,4 645 241 718 291 4 320 169 546 227
India_006743.jpg,3 447 612 717 719
India_006744.jpg,
India_006747.jpg,
India_006750.jpg,1 304 500 398 697
India_006752.jpg,
India_006757.jpg,
India_006762.jpg,
India_006764.jpg,4 281 357 685 576
India_006765.jpg,
India_006771.jpg,
India_006772.jpg,1 437 488 512 706
India_006783.jpg,1 327 540 414 718
India_006784.jpg,3 101 471 665 622
India_006792.jpg,1 395 427 459 504
India_006798.jpg,
India_006800.jpg,
India_006810.jpg,4 445 572 500 605 3 316 534 719 719 1 372 509 403 707
India_006828.jpg,
India_006830.jpg,
India_006836.jpg,1 367 449 485 655
India_006837.jpg,
India_006840.jpg,
India_006842.jpg,
India_006849.jpg,3 150 533 658 709
India_006852.jpg,
India_006855.jpg,
India_006857.jpg,
India_006858.jpg,
India_006861.jpg,
India_006866.jpg,
India_006870.jpg,
India_006871.jpg,
India_006878.jpg,
India_006886.jpg,
India_006887.jpg,4 88 563 441 689
India_006907.jpg,
India_006921.jpg,
India_006924.jpg,
India_006926.jpg,4 403 497 584 615
India_006937.jpg,3 271 477 541 636
India_006940.jpg,4 0 463 275 714
India_006941.jpg,3 0 486 241 716
India_006946.jpg,3 21 436 638 625
India_006955.jpg,1 305 351 368 599
India_006957.jpg,4 253 476 354 528 4 259 447 345 485
India_006959.jpg,4 408 489 480 538 4 415 585 462 617
India_006964.jpg,4 313 528 388 575 3 7 441 586 646 4 413 489 445 520
India_006975.jpg,3 312 624 720 719
India_006990.jpg,
India_007003.jpg,4 24 537 189 612 4 77 672 120 703 4 156 673 209 710 4 285 467 331 501 4 242 606 280 654 3 0 502 404 718
India_007005.jpg,
India_007010.jpg,3 40 461 512 672 2 478 570 715 617
India_007014.jpg,1 413 489 515 644 1 199 494 304 656
India_007021.jpg,
India_007036.jpg,1 1 375 349 716
India_007040.jpg,3 0 504 609 717
India_007057.jpg,3 0 539 613 718
India_007068.jpg,
India_007077.jpg,3 341 489 425 626
India_007078.jpg,
India_007079.jpg,4 342 511 378 533
India_007093.jpg,1 374 439 427 607
India_007095.jpg,
India_007097.jpg,1 115 548 273 716
India_007098.jpg,
India_007103.jpg,
India_007119.jpg,1 410 480 476 626 3 185 480 718 709
India_007131.jpg,3 0 477 633 713
India_007139.jpg,
India_007140.jpg,
India_007145.jpg,3 281 420 428 602 1 90 514 162 607
India_007150.jpg,
India_007156.jpg,
India_007162.jpg,3 472 582 707 720
India_007166.jpg,4 405 244 466 302 3 186 257 715 705
India_007167.jpg,
India_007170.jpg,3 109 544 711 720
India_007176.jpg,
India_007177.jpg,
India_007186.jpg,4 339 578 395 611
India_007192.jpg,
India_007193.jpg,
India_007209.jpg,
India_007223.jpg,3 6 506 607 604
India_007228.jpg,
India_007235.jpg,
India_007237.jpg,
India_007238.jpg,
India_007244.jpg,1 539 499 620 639
India_007248.jpg,
India_007250.jpg,4 331 504 376 531 1 250 531 372 719
India_007255.jpg,1 490 638 560 706
India_007265.jpg,
India_007273.jpg,3 297 513 467 687
India_007280.jpg,4 395 394 423 414
India_007290.jpg,4 379 518 443 560
India_007294.jpg,3 2 536 717 718
India_007296.jpg,1 388 384 467 717
India_007297.jpg,3 380 551 720 705
India_007300.jpg,
India_007303.jpg,
India_007305.jpg,4 298 542 402 582 4 457 483 573 535 4 312 415 406 470 4 352 486 447 532
India_007306.jpg,
India_007320.jpg,
India_007326.jpg,
India_007335.jpg,
India_007336.jpg,
India_007337.jpg,
India_007339.jpg,4 476 570 597 680 3 284 493 600 680
India_007340.jpg,
India_007344.jpg,
India_007346.jpg,
India_007347.jpg,
India_007348.jpg,4 458 384 717 467 4 420 476 502 518 3 474 467 719 585 4 119 398 433 595 4 403 424 448 456
India_007358.jpg,4 447 424 533 469 4 390 462 430 485 2 311 456 439 483 1 379 468 421 599 4 518 485 719 624
India_007361.jpg,3 236 519 719 691
India_007374.jpg,4 290 496 380 532 4 370 471 409 494 4 422 515 449 538
India_007380.jpg,
India_007382.jpg,
India_007388.jpg,
India_007389.jpg,4 401 507 465 547 4 225 508 397 565 4 217 439 310 489 4 192 487 252 512 4 408 548 522 610
India_007391.jpg,
India_007393.jpg,
India_007394.jpg,
India_007400.jpg,
India_007415.jpg,1 399 500 451 668
India_007428.jpg,
India_007435.jpg,
India_007437.jpg,
India_007443.jpg,
India_007444.jpg,3 402 497 539 662
India_007445.jpg,
India_007446.jpg,1 263 521 329 576
India_007447.jpg,
India_007448.jpg,3 381 547 628 720 3 418 584 629 719
India_007461.jpg,
India_007467.jpg,
India_007471.jpg,
India_007473.jpg,1 0 646 143 720
India_007475.jpg,3 3 477 612 657
India_007480.jpg,3 8 512 643 705
India_007485.jpg,4 376 520 448 589 4 428 487 495 532 3 376 505 596 620 4 506 461 612 500
India_007490.jpg,3 0 496 674 692
India_007493.jpg,
India_007495.jpg,
India_007503.jpg,
India_007510.jpg,
India_007515.jpg,4 0 635 150 719 4 420 420 477 450 3 193 498 410 649
India_007519.jpg,
India_007521.jpg,
India_007522.jpg,
India_007523.jpg,3 3 466 637 710
India_007524.jpg,3 42 505 662 717
India_007528.jpg,
India_007531.jpg,
India_007541.jpg,
India_007552.jpg,
India_007556.jpg,3 111 251 719 720 4 386 250 433 306
India_007560.jpg,
India_007562.jpg,
India_007564.jpg,
India_007569.jpg,
India_007577.jpg,
India_007580.jpg,3 1 613 717 719
India_007588.jpg,
India_007591.jpg,4 512 382 584 415
India_007593.jpg,
India_007600.jpg,
India_007603.jpg,3 507 519 720 703
India_007605.jpg,
India_007622.jpg,
India_007631.jpg,
India_007636.jpg,
India_007638.jpg,3 361 475 511 591 3 0 454 302 716 1 308 439 353 557 4 411 516 441 539 1 309 414 360 557
India_007645.jpg,3 0 468 639 663
India_007649.jpg,3 24 514 716 720
India_007653.jpg,3 0 489 256 718 4 0 493 49 536
India_007659.jpg,
India_007660.jpg,3 448 472 720 656 3 0 514 239 711
India_007669.jpg,3 275 507 718 692 3 430 530 720 700 4 321 509 348 531
India_007674.jpg,
India_007678.jpg,
India_007684.jpg,
India_007694.jpg,
India_007695.jpg,
India_007700.jpg,
India_007711.jpg,1 343 548 384 657
India_007715.jpg,
India_007721.jpg,
India_007726.jpg,
India_007731.jpg,
India_007738.jpg,1 434 247 589 641
India_007743.jpg,
India_007746.jpg,3 327 502 626 707
India_007747.jpg,
India_007751.jpg,
India_007760.jpg,
India_007773.jpg,
India_007775.jpg,4 332 411 372 438 1 472 436 500 567 4 269 518 319 552
India_007783.jpg,3 1 468 655 672
India_007786.jpg,3 364 569 484 700
India_007788.jpg,
India_007797.jpg,1 544 479 680 625
India_007798.jpg,
India_007803.jpg,4 94 540 200 597 1 52 560 333 720
India_007808.jpg,
India_007814.jpg,
India_007815.jpg,
India_007826.jpg,3 430 509 683 685
India_007828.jpg,1 428 479 462 671
India_007832.jpg,3 251 496 578 682 3 431 507 578 673
India_007835.jpg,
India_007837.jpg,1 94 468 371 718
India_007839.jpg,4 281 397 401 436 4 441 404 508 434
India_007840.jpg,4 0 486 400 720 4 0 501 293 719
India_007847.jpg,4 351 487 507 543
India_007868.jpg,
India_007869.jpg,1 132 399 389 641
India_007874.jpg,
India_007875.jpg,
India_007877.jpg,1 396 462 517 672
India_007881.jpg,3 0 516 536 719
India_007885.jpg,
India_007889.jpg,
India_007894.jpg,
India_007897.jpg,
India_007910.jpg,3 29 491 319 715
India_007913.jpg,3 306 493 615 699 3 425 527 617 701
India_007926.jpg,4 231 466 331 536 2 167 548 612 600
India_007927.jpg,
India_007941.jpg,3 281 510 391 608 1 350 491 451 719
India_007948.jpg,
India_007957.jpg,
India_007958.jpg,
India_007960.jpg,
India_007963.jpg,
India_007967.jpg,
India_007969.jpg,
India_007971.jpg,3 360 492 720 700
India_007980.jpg,1 292 452 401 610 4 212 471 306 512 4 562 563 653 598 3 0 505 311 719 1 221 506 314 614 4 91 591 125 617 1 144 506 310 666 4 122 627 177 669
India_007990.jpg,3 271 470 718 690
India_007994.jpg,
India_007995.jpg,
India_008006.jpg,
India_008008.jpg,1 400 465 432 610
India_008026.jpg,
India_008033.jpg,3 112 507 718 693
India_008038.jpg,3 487 481 720 674
India_008040.jpg,
India_008041.jpg,
India_008046.jpg,4 541 609 569 644
India_008066.jpg,4 287 507 492 648 4 11 477 106 521 4 51 679 182 720
India_008069.jpg,1 387 509 454 628 3 195 425 350 521
India_008072.jpg,
India_008074.jpg,
India_008082.jpg,1 245 629 290 687
India_008086.jpg,
India_008089.jpg,
India_008095.jpg,
India_008096.jpg,
India_008098.jpg,
India_008102.jpg,3 18 522 718 720
India_008110.jpg,
India_008114.jpg,
India_008115.jpg,
India_008120.jpg,
India_008122.jpg,3 263 488 436 699 3 539 532 719 699
India_008132.jpg,
India_008135.jpg,
India_008140.jpg,
India_008143.jpg,3 388 551 716 717
India_008155.jpg,
India_008164.jpg,4 422 411 718 512 4 401 552 510 600 3 455 506 713 610 4 370 460 431 502 4 0 426 500 697
India_008166.jpg,
India_008169.jpg,1 421 372 453 438
India_008174.jpg,
India_008176.jpg,
India_008180.jpg,
India_008191.jpg,
India_008196.jpg,
India_008199.jpg,4 370 414 413 437
India_008200.jpg,4 463 483 626 557 4 111 548 375 622
India_008201.jpg,
India_008202.jpg,4 263 504 344 670 4 267 517 332 652
India_008203.jpg,
India_008210.jpg,
India_008211.jpg,
India_008213.jpg,4 0 519 435 719
India_008234.jpg,
India_008240.jpg,1 337 507 439 718 1 267 509 442 719
India_008245.jpg,
India_008246.jpg,
India_008251.jpg,4 1 427 534 710 4 484 477 709 597
India_008259.jpg,3 308 515 437 701
India_008273.jpg,3 12 437 566 616 4 210 445 326 518 4 450 482 487 505 4 280 552 327 607
India_008275.jpg,
India_008277.jpg,4 438 498 488 530
India_008281.jpg,3 327 481 719 646
India_008287.jpg,1 328 446 391 531
India_008291.jpg,3 116 348 667 718
India_008299.jpg,4 362 538 574 639 4 364 539 512 621
India_008303.jpg,3 14 510 646 685 1 463 492 548 668
India_008318.jpg,3 1 504 288 716
India_008320.jpg,4 400 515 472 589 4 400 517 459 581 4 504 542 571 573
India_008324.jpg,
India_008326.jpg,
India_008334.jpg,3 173 402 507 594
India_008335.jpg,
India_008342.jpg,
India_008350.jpg,3 0 493 599 714
India_008353.jpg,
India_008356.jpg,1 2 640 129 720
India_008362.jpg,
India_008365.jpg,
India_008366.jpg,
India_008369.jpg,
India_008373.jpg,
India_008405.jpg,
India_008410.jpg,3 216 440 650 575
India_008411.jpg,
India_008414.jpg,
India_008419.jpg,
India_008422.jpg,
India_008426.jpg,1 313 544 369 693 1 258 565 309 707
India_008427.jpg,
India_008432.jpg,4 2 419 438 711 4 0 437 228 519
India_008438.jpg,
India_008439.jpg,
India_008444.jpg,
India_008447.jpg,3 396 510 489 646
India_008448.jpg,1 436 310 697 521
India_008449.jpg,
India_008451.jpg,
India_008454.jpg,
India_008456.jpg,
India_008469.jpg,3 0 451 700 643
India_008472.jpg,1 156 508 382 719
India_008477.jpg,
India_008482.jpg,3 293 500 571 663
India_008485.jpg,4 361 466 483 584 4 253 497 355 542
India_008487.jpg,4 27 561 260 685
India_008490.jpg,4 0 446 466 709
India_008491.jpg,1 450 528 498 719
India_008493.jpg,3 2 503 584 709
India_008506.jpg,
India_008508.jpg,
India_008509.jpg,
India_008514.jpg,1 393 470 427 632
India_008520.jpg,
India_008521.jpg,
India_008536.jpg,4 172 487 271 532 4 209 384 345 453 4 383 369 421 393 4 409 390 444 412
India_008547.jpg,
India_008550.jpg,
India_008552.jpg,1 387 450 484 657 3 297 531 445 678 1 424 535 485 663 2 480 632 719 691
India_008561.jpg,
India_008562.jpg,1 331 465 384 539
India_008566.jpg,4 426 542 496 583
India_008567.jpg,
India_008568.jpg,4 197 238 415 312
India_008571.jpg,
India_008573.jpg,1 193 276 358 594
India_008581.jpg,
India_008583.jpg,1 476 458 665 666 3 167 467 664 664
India_008590.jpg,
India_008593.jpg,
India_008596.jpg,1 208 414 352 603 3 0 427 359 716 1 267 511 314 583
India_008600.jpg,
India_008602.jpg,
India_008603.jpg,
India_008612.jpg,
India_008617.jpg,
India_008630.jpg,
India_008646.jpg,
India_008647.jpg,
India_008663.jpg,
India_008666.jpg,4 0 464 105 714
India_008668.jpg,3 7 298 700 720
India_008674.jpg,1 407 386 470 467
India_008690.jpg,
India_008693.jpg,
India_008697.jpg,3 248 528 718 719 3 252 521 475 720
India_008699.jpg,4 399 468 514 510 4 295 533 400 575
India_008713.jpg,
India_008716.jpg,
India_008717.jpg,
India_008721.jpg,
India_008723.jpg,4 303 514 348 563 1 354 458 389 511
India_008725.jpg,1 492 546 575 684
India_008729.jpg,1 340 505 410 667
India_008735.jpg,1 512 486 650 648
India_008738.jpg,
India_008748.jpg,
India_008754.jpg,
India_008756.jpg,
India_008761.jpg,4 73 513 361 719
India_008765.jpg,4 415 508 479 619
India_008770.jpg,3 359 536 526 719
India_008776.jpg,
India_008781.jpg,
India_008782.jpg,
India_008788.jpg,3 0 478 674 668
India_008791.jpg,4 370 499 422 528
India_008797.jpg,
India_008799.jpg,3 0 464 717 651
India_008803.jpg,1 492 373 616 702
India_008808.jpg,
India_008817.jpg,
India_008820.jpg,
India_008822.jpg,
India_008837.jpg,4 410 509 457 568
India_008840.jpg,3 5 532 711 714
India_008843.jpg,4 344 576 451 701 4 344 546 470 702
India_008856.jpg,
India_008859.jpg,
India_008865.jpg,
India_008869.jpg,
India_008873.jpg,
India_008876.jpg,1 355 410 464 588
India_008877.jpg,
India_008882.jpg,
India_008884.jpg,
India_008885.jpg,
India_008892.jpg,
India_008895.jpg,4 452 612 494 640
India_008897.jpg,
India_008899.jpg,
India_008913.jpg,
India_008914.jpg,1 411 453 551 612 4 279 400 427 466 1 0 446 279 693 1 86 446 281 585
India_008917.jpg,
India_008931.jpg,
India_008932.jpg,4 133 585 176 624 4 227 636 270 668 1 0 467 279 614 4 194 533 306 611
India_008934.jpg,3 213 509 539 680
India_008935.jpg,
India_008936.jpg,
India_008937.jpg,
India_008938.jpg,
India_008939.jpg,3 187 602 685 720
India_008943.jpg,3 413 479 564 615
India_008949.jpg,
India_008958.jpg,
India_008965.jpg,
India_008967.jpg,
India_008974.jpg,1 390 500 479 720
India_008978.jpg,1 524 530 709 693
India_008981.jpg,
India_008987.jpg,4 304 539 368 563 4 409 589 506 627
India_008994.jpg,1 440 483 617 698 1 437 479 532 595 1 527 593 620 700
India_009003.jpg,
India_009006.jpg,
India_009012.jpg,
India_009016.jpg,3 222 508 377 660 4 20 495 107 528
India_009019.jpg,4 184 639 280 702 4 407 661 453 703 1 328 508 404 694
India_009024.jpg,
India_009028.jpg,1 361 485 409 683
India_009043.jpg,
India_009050.jpg,
India_009052.jpg,
India_009059.jpg,1 455 523 498 663
India_009067.jpg,
India_009070.jpg,
India_009079.jpg,4 263 531 706 667 4 0 520 710 704 4 276 480 318 509
India_009081.jpg,4 465 374 647 427 4 271 395 449 459 4 628 448 690 478 4 278 393 412 455 3 393 459 587 567
India_009082.jpg,
India_009084.jpg,
India_009085.jpg,
India_009091.jpg,1 48 307 318 717
India_009093.jpg,
India_009098.jpg,
India_009103.jpg,
India_009105.jpg,3 12 499 611 676 3 144 497 609 654
India_009106.jpg,
India_009111.jpg,
India_009115.jpg,
India_009125.jpg,3 149 509 642 719
India_009135.jpg,4 197 533 270 576 4 414 454 457 480 4 10 514 101 549 4 327 454 395 484 4 237 402 365 438 1 1 480 229 599 4 364 428 422 455 4 261 454 301 480 4 362 426 439 455 4 189 478 230 501
India_009140.jpg,
India_009145.jpg,
India_009146.jpg,3 1 607 713 720
India_009156.jpg,
India_009169.jpg,
India_009187.jpg,4 0 449 442 713 4 249 493 444 634
India_009190.jpg,
India_009195.jpg,4 434 577 485 617
India_009196.jpg,1 358 446 429 649 4 381 505 413 540
India_009197.jpg,
India_009200.jpg,
India_009202.jpg,
India_009204.jpg,
India_009211.jpg,
India_009228.jpg,
India_009231.jpg,3 407 538 616 657
India_009233.jpg,
India_009241.jpg,4 282 340 380 375
India_009244.jpg,
India_009252.jpg,
India_009253.jpg,
India_009259.jpg,1 524 525 623 628
India_009261.jpg,4 85 575 184 614 4 399 395 449 424 4 28 485 167 551 4 168 434 293 485
India_009264.jpg,
India_009265.jpg,
India_009266.jpg,1 324 477 447 717 3 26 565 497 719
India_009267.jpg,
India_009275.jpg,4 349 469 404 499 3 371 496 615 621 4 386 395 434 421 3 107 558 328 712 4 0 465 183 541 2 184 511 381 550
India_009276.jpg,4 403 515 458 574
India_009278.jpg,
India_009286.jpg,
India_009291.jpg,3 2 527 618 718 4 0 614 163 719 4 326 490 409 516 4 42 615 164 713 4 328 493 360 516 4 445 517 474 535 4 214 575 258 607 4 417 501 449 518
India_009301.jpg,3 100 500 718 693
India_009307.jpg,
India_009308.jpg,
India_009313.jpg,
India_009319.jpg,4 360 448 436 484
India_009323.jpg,4 534 648 601 687 4 245 675 515 719
India_009324.jpg,3 338 515 708 720
India_009328.jpg,
India_009332.jpg,
India_009336.jpg,
India_009344.jpg,
India_009350.jpg,
India_009355.jpg,
India_009356.jpg,
India_009360.jpg,1 552 520 719 646
India_009361.jpg,4 411 622 458 657 4 371 478 440 506
India_009362.jpg,
India_009364.jpg,
India_009369.jpg,
India_009374.jpg,
India_009393.jpg,
India_009399.jpg,
India_009404.jpg,
India_009409.jpg,4 298 540 503 649
India_009411.jpg,1 476 463 583 565 1 393 415 447 513
India_009416.jpg,
India_009418.jpg,
India_009420.jpg,
India_009431.jpg,3 6 574 629 716 3 2 546 268 719 1 1 546 256 719
India_009450.jpg,
India_009460.jpg,
India_009461.jpg,4 606 555 697 610 4 407 566 510 602
India_009463.jpg,3 466 463 720 669 3 257 465 420 579
India_009464.jpg,1 399 312 717 635
India_009466.jpg,3 0 501 326 717 3 443 495 719 669 3 19 487 718 662 1 449 489 515 631
India_009468.jpg,1 372 551 411 666
India_009473.jpg,
India_009475.jpg,
India_009480.jpg,3 36 502 258 647
India_009484.jpg,
India_009489.jpg,
India_009491.jpg,
India_009492.jpg,
India_009493.jpg,4 475 425 524 469 4 621 533 685 576
India_009496.jpg,
India_009497.jpg,1 394 452 520 646
India_009498.jpg,
India_009499.jpg,3 86 575 717 720 3 443 576 714 720
India_009500.jpg,
India_009502.jpg,1 371 434 430 604
India_009508.jpg,4 404 499 465 566
India_009515.jpg,
India_009516.jpg,
India_009518.jpg,
India_009520.jpg,1 234 418 374 711
India_009529.jpg,
India_009534.jpg,
India_009537.jpg,4 560 549 719 643 4 321 424 425 456 4 3 534 207 619 4 0 506 363 692 4 353 458 392 481
India_009540.jpg,4 323 623 413 688
India_009543.jpg,
India_009558.jpg,3 329 451 720 698
India_009563.jpg,4 289 500 351 542
India_009566.jpg,
India_009569.jpg,3 0 486 543 684
India_009584.jpg,3 0 541 543 720
India_009587.jpg,3 396 541 691 719
India_009596.jpg,
India_009608.jpg,
India_009616.jpg,
India_009617.jpg,
India_009622.jpg,
India_009623.jpg,
India_009624.jpg,4 523 548 719 692 4 4 477 532 705
India_009629.jpg,
India_009631.jpg,
India_009632.jpg,3 285 597 436 720
India_009637.jpg,
India_009643.jpg,3 430 418 611 619 3 0 419 396 623 4 489 516 536 543
India_009646.jpg,
India_009651.jpg,
India_009653.jpg,
India_009658.jpg,
India_009665.jpg,3 113 554 720 718 1 216 550 310 713
India_009668.jpg,
India_009671.jpg,
India_009673.jpg,
India_009694.jpg,1 419 517 473 612
India_009705.jpg,
India_009711.jpg,
India_009721.jpg,4 135 586 273 661
India_009727.jpg,
India_009729.jpg,3 231 518 519 682
India_009740.jpg,
India_009754.jpg,4 0 431 388 710
India_009764.jpg,4 607 450 718 552 4 487 266 541 302 4 312 229 362 259 3 230 222 438 311 4 665 356 719 413
India_009772.jpg,
India_009773.jpg,
India_009776.jpg,
India_009777.jpg,
India_009778.jpg,
India_009779.jpg,4 393 513 471 544 3 508 468 685 582 4 413 443 446 467 4 33 637 177 687 4 84 545 278 609 4 393 494 490 543
India_009780.jpg,1 462 432 508 467
India_009783.jpg,
India_009784.jpg,
India_009786.jpg,1 92 519 365 719
India_009788.jpg,
India_009803.jpg,1 437 462 557 624 3 260 460 581 632 3 0 485 248 718 3 7 464 568 641
India_009809.jpg,
India_009812.jpg,1 332 560 379 664
India_009816.jpg,3 214 543 592 720
India_009820.jpg,
India_009827.jpg,
India_009839.jpg,4 218 486 307 527 3 160 626 328 695
India_009844.jpg,
India_009845.jpg,
India_009851.jpg,
India_009852.jpg,4 388 522 461 565 3 277 584 529 720 4 277 519 349 560 1 293 504 397 719
India_009857.jpg,3 442 445 562 594
India_009861.jpg,
India_009862.jpg,
India_009866.jpg,3 330 506 719 718
India_009870.jpg,
