Norway_008161.jpg,1 1578 1457 1703 2030 3 1476 1204 1629 1431
Norway_008162.jpg,1 1651 1611 1994 2022
Norway_008163.jpg,3 1274 1571 1756 2030 1 1298 1225 1400 1386 1 482 1602 622 1728 3 1275 1221 1747 2029 1 1436 1301 1577 1595
Norway_008164.jpg,1 1311 1378 1448 1666
Norway_008165.jpg,
Norway_008166.jpg,
Norway_008167.jpg,
Norway_008168.jpg,
Norway_008169.jpg,1 373 1287 1146 2002
Norway_008170.jpg,
Norway_008171.jpg,
Norway_008172.jpg,1 1373 1207 1430 1334
Norway_008173.jpg,1 1323 1224 1989 2017 1 1396 1640 1582 2028
Norway_008174.jpg,2 420 1408 1415 1521
Norway_008175.jpg,
Norway_008176.jpg,
Norway_008177.jpg,
Norway_008178.jpg,
Norway_008179.jpg,1 0 1649 210 2016
Norway_008180.jpg,
Norway_008181.jpg,
Norway_008182.jpg,
Norway_008183.jpg,
Norway_008184.jpg,
Norway_008185.jpg,
Norway_008186.jpg,
Norway_008187.jpg,
Norway_008188.jpg,
Norway_008189.jpg,
Norway_008190.jpg,
Norway_008191.jpg,
Norway_008192.jpg,1 0 1322 674 1699
Norway_008193.jpg,1 2002 1572 2195 1789
Norway_008194.jpg,
Norway_008195.jpg,3 50 1474 1288 2035 2 745 1464 1938 1550
Norway_008196.jpg,1 250 1188 1081 1659 1 0 1599 160 2012
Norway_008197.jpg,2 182 1452 1851 1633
Norway_008198.jpg,
Norway_008199.jpg,
Norway_008200.jpg,
Norway_008201.jpg,
Norway_008202.jpg,2 37 1894 988 2020 1 66 1524 815 2031 2 696 1717 1156 1757
Norway_008203.jpg,
Norway_008204.jpg,
Norway_008205.jpg,
Norway_008206.jpg,1 1127 1168 1225 1430
Norway_008207.jpg,
Norway_008208.jpg,
Norway_008209.jpg,
Norway_008210.jpg,
Norway_008211.jpg,
Norway_008212.jpg,1 244 1807 554 2032 1 1682 1467 1794 1579 1 961 1242 1179 1433
Norway_008213.jpg,
Norway_008214.jpg,
Norway_008215.jpg,
Norway_008216.jpg,
Norway_008217.jpg,1 763 1730 983 2024 1 772 1376 1096 2022
Norway_008218.jpg,1 2069 1873 2177 2033 3 1674 1352 1997 1793 1 1529 1410 1579 1515
Norway_008219.jpg,
Norway_008220.jpg,2 0 1666 1004 1778 2 0 1620 2089 1767 2 0 1693 1084 1776
Norway_008221.jpg,3 257 1738 834 2038 3 1 1640 216 1925 1 1053 1201 1300 1403 1 102 1488 358 1631 2 755 1290 1096 1341
Norway_008222.jpg,1 734 1517 1055 1912 1 1810 1485 2006 1874 1 1 1293 941 1764
Norway_008223.jpg,
Norway_008224.jpg,
Norway_008225.jpg,1 0 1415 694 1905
Norway_008226.jpg,
Norway_008227.jpg,
Norway_008228.jpg,
Norway_008229.jpg,
Norway_008230.jpg,
Norway_008231.jpg,1 1672 1424 1930 2034 1 1507 1410 1589 1728 1 601 1597 1017 2022 3 1603 1111 1746 1443 1 1958 1607 2235 2022 1 1498 1172 1569 1320
Norway_008232.jpg,1 867 1229 1044 1337
Norway_008233.jpg,
Norway_008234.jpg,
Norway_008235.jpg,
Norway_008236.jpg,1 1061 1306 1241 1444 1 572 1352 873 1547 1 1472 1160 1556 1344 1 526 1276 795 1447
Norway_008237.jpg,
Norway_008238.jpg,
Norway_008239.jpg,
Norway_008240.jpg,1 380 1631 772 2025
Norway_008241.jpg,
Norway_008242.jpg,1 1144 1319 1454 1872 1 966 1808 1216 2037 1 406 1680 818 2034 1 400 1755 761 2036 2 1453 1317 1754 1372
Norway_008243.jpg,1 3147 1406 3632 1535
Norway_008244.jpg,1 115 1691 511 2025 1 1356 1788 1457 2032 1 825 1447 976 1619 2 124 1526 1538 1799 2 116 1531 1881 1900
Norway_008245.jpg,
Norway_008246.jpg,
Norway_008247.jpg,2 0 1599 1911 1768 1 1345 1398 1452 1539 2 1150 1327 1712 1387 1 1439 1177 1497 1369 2 956 1475 1594 1558 2 962 1481 1455 1536
Norway_008248.jpg,1 1497 1183 1841 2032 1 1669 1634 1839 2036 2 1849 1836 2100 1920 2 1721 1838 2100 2034
Norway_008249.jpg,1 1475 1557 1610 2037 1 832 1356 1234 2028 1 895 1278 1184 1576 1 1475 1341 1723 1554 1 1320 1230 1441 1357
Norway_008250.jpg,
Norway_008251.jpg,
Norway_008252.jpg,1 1087 1425 1229 1875
Norway_008253.jpg,
Norway_008254.jpg,
Norway_008255.jpg,
Norway_008256.jpg,
Norway_008257.jpg,
Norway_008258.jpg,
Norway_008259.jpg,1 1588 1171 2449 2026
Norway_008260.jpg,
Norway_008261.jpg,
Norway_008262.jpg,
Norway_008263.jpg,
Norway_008264.jpg,
Norway_008265.jpg,
Norway_008266.jpg,4 557 1299 648 1355
Norway_008267.jpg,
Norway_008268.jpg,
Norway_008269.jpg,
Norway_008270.jpg,
Norway_008271.jpg,
Norway_008272.jpg,
Norway_008273.jpg,
Norway_008274.jpg,1 1320 1497 1440 1888 1 1420 1176 1504 1516 1 1113 1856 1222 2034
Norway_008275.jpg,
Norway_008276.jpg,
Norway_008277.jpg,
Norway_008278.jpg,
Norway_008279.jpg,
Norway_008280.jpg,
Norway_008281.jpg,2 0 1529 1686 1769 2 0 1564 1287 1769
Norway_008282.jpg,4 1210 1900 1361 2002
Norway_008283.jpg,
Norway_008284.jpg,
Norway_008285.jpg,
Norway_008286.jpg,
Norway_008287.jpg,
Norway_008288.jpg,2 572 1514 1267 1564
Norway_008289.jpg,
Norway_008290.jpg,
Norway_008291.jpg,
Norway_008292.jpg,3 0 1405 671 1789 1 1443 1108 1549 1302 1 621 1262 900 1389
Norway_008293.jpg,3 1244 1328 1670 1927 1 79 1360 682 1613 1 1334 1937 1387 2037 1 792 1630 874 1737 1 568 1948 659 2037 1 758 1527 869 1659 1 1425 1238 1464 1310 1 58 1269 896 1616
Norway_008294.jpg,
Norway_008295.jpg,
Norway_008296.jpg,1 1042 1153 1288 1274
Norway_008297.jpg,
Norway_008298.jpg,
Norway_008299.jpg,1 0 1152 1122 1801
Norway_008300.jpg,2 0 1560 185 1659
Norway_008301.jpg,2 254 1550 1407 1695 2 324 1598 1176 1687
Norway_008302.jpg,
Norway_008303.jpg,
Norway_008304.jpg,
Norway_008305.jpg,
Norway_008306.jpg,1 1725 1224 1831 1521 1 1500 1569 1658 2034 1 6 1398 1005 1926
Norway_008307.jpg,
Norway_008308.jpg,1 1560 1316 1626 1471 2 1401 1582 1571 1619
Norway_008309.jpg,
Norway_008310.jpg,
Norway_008311.jpg,
Norway_008312.jpg,1 1434 1504 1582 1653 1 910 1691 1006 2035 1 853 1415 1084 1662 1 1425 1896 1494 2039 1 1624 1419 1681 1516 1 691 1511 857 1645
Norway_008313.jpg,1 754 1272 1058 1455 1 1120 1173 1436 1540 1 1791 1588 1925 1876 2 386 1470 1145 1518
Norway_008314.jpg,1 337 1681 701 2024 1 1508 1753 1598 1891 1 1533 1648 1603 1890 1 1511 1657 1601 1895 1 1555 1650 1602 1793
Norway_008315.jpg,
Norway_008316.jpg,1 1351 1889 1440 2033 1 1313 1609 1456 2032 1 1260 1558 1455 2032
Norway_008317.jpg,
Norway_008318.jpg,
Norway_008319.jpg,
Norway_008320.jpg,
Norway_008321.jpg,1 1241 1215 1359 1356
Norway_008322.jpg,
Norway_008323.jpg,
Norway_008324.jpg,
Norway_008325.jpg,
Norway_008326.jpg,1 1667 1510 1901 2032 1 1434 1356 1536 1527 1 1428 1275 1471 1333
Norway_008327.jpg,
Norway_008328.jpg,1 577 1686 759 1936 1 738 1656 938 2030 1 772 1120 974 1246 2 769 1531 1876 1623 1 91 1345 538 1518 1 1214 1163 1270 1223
Norway_008329.jpg,1 390 1329 697 1470
Norway_008330.jpg,
Norway_008331.jpg,1 1412 1191 2146 2032
Norway_008332.jpg,
Norway_008333.jpg,
Norway_008334.jpg,1 33 1536 292 1728
Norway_008335.jpg,
Norway_008336.jpg,1 1255 1198 1333 1317 1 1454 1191 1509 1285
Norway_008337.jpg,
Norway_008338.jpg,
Norway_008339.jpg,
Norway_008340.jpg,3 1402 1246 1831 2030 3 873 1358 1226 1534
Norway_008341.jpg,
Norway_008342.jpg,1 2065 1571 2528 2024 1 518 1969 606 2036
Norway_008343.jpg,
Norway_008344.jpg,1 1509 1655 1655 2037
Norway_008345.jpg,
Norway_008346.jpg,1 1480 1307 1669 1517 1 1695 1494 2140 2015 1 693 1142 999 1410 1 291 1396 881 2028 1 1359 1293 1580 2035 1 288 1681 650 2028 1 1389 1450 1582 2039
Norway_008347.jpg,
Norway_008348.jpg,
Norway_008349.jpg,
Norway_008350.jpg,1 850 1207 1030 1283
Norway_008351.jpg,
Norway_008352.jpg,
Norway_008353.jpg,
Norway_008354.jpg,
Norway_008355.jpg,
Norway_008356.jpg,
Norway_008357.jpg,
Norway_008358.jpg,3 1197 1239 1598 2030
Norway_008359.jpg,
Norway_008360.jpg,
Norway_008361.jpg,1 0 1597 345 1807 1 0 1596 343 1948
Norway_008362.jpg,
Norway_008363.jpg,
Norway_008364.jpg,
Norway_008365.jpg,
Norway_008366.jpg,1 1841 1762 2038 2025
Norway_008367.jpg,
Norway_008368.jpg,
Norway_008369.jpg,
Norway_008370.jpg,
Norway_008371.jpg,
Norway_008372.jpg,
Norway_008373.jpg,
Norway_008374.jpg,
Norway_008375.jpg,
Norway_008376.jpg,
Norway_008377.jpg,
Norway_008378.jpg,
Norway_008379.jpg,1 1038 1352 1238 1766 1 985 1148 1097 1332
Norway_008380.jpg,
Norway_008381.jpg,4 1317 1658 1403 1760
Norway_008382.jpg,1 1440 1137 2113 2021
Norway_008383.jpg,3 1313 1192 1808 2032 1 292 1799 505 1960 1 2068 1613 2256 1788 1 1277 1314 1360 1399 1 1834 1815 1933 2034 1 0 1472 834 1911 1 586 1516 1150 2021 1 1744 1254 1935 1442 1 1933 1522 2060 1832 1 1740 1904 1798 2035 1 898 1341 1054 1439 1 1345 1409 1407 1560
Norway_008384.jpg,1 1569 1189 1677 1427 1 1465 1106 1531 1242
Norway_008385.jpg,
Norway_008386.jpg,
Norway_008387.jpg,1 1432 1796 1574 2037 2 863 1488 1802 1594 1 1596 1527 1697 1798 1 1519 1145 1630 1397 1 1429 1126 1477 1264 1 1601 1528 1670 1796
Norway_008388.jpg,1 0 1663 520 2032 1 633 1569 875 1848 3 898 1229 1092 1565 1 1128 1300 2023 1954 1 1435 1791 1568 2036 1 1077 1523 1169 1739
Norway_008389.jpg,
Norway_008390.jpg,1 372 1821 606 2033 1 606 1498 942 1805
Norway_008391.jpg,
Norway_008392.jpg,
Norway_008393.jpg,
Norway_008394.jpg,
Norway_008395.jpg,
Norway_008396.jpg,
Norway_008397.jpg,
Norway_008398.jpg,
Norway_008399.jpg,
Norway_008400.jpg,
Norway_008401.jpg,
Norway_008402.jpg,1 672 1352 765 1417
Norway_008403.jpg,
Norway_008404.jpg,1 1024 1248 1347 2031 1 0 1142 1144 1960 1 1006 1470 1145 1686 1 1246 1112 1295 1190
Norway_008405.jpg,
Norway_008406.jpg,
Norway_008407.jpg,
Norway_008408.jpg,
Norway_008409.jpg,1 993 1446 1131 1641 1 1551 1681 1653 2009 1 1684 1826 1805 2033
Norway_008410.jpg,
Norway_008411.jpg,
Norway_008412.jpg,
Norway_008413.jpg,
Norway_008414.jpg,2 991 1388 1545 1425
Norway_008415.jpg,
Norway_008416.jpg,1 1443 1274 2014 2025
Norway_008417.jpg,
Norway_008418.jpg,
Norway_008419.jpg,
Norway_008420.jpg,1 1383 1640 1720 2025 1 1196 1312 1320 1580 2 747 1519 1017 1553
Norway_008421.jpg,
Norway_008422.jpg,
Norway_008423.jpg,1 1512 1150 1989 2030
Norway_008424.jpg,
Norway_008425.jpg,
Norway_008426.jpg,
Norway_008427.jpg,
Norway_008428.jpg,1 1647 1816 1809 2035 1 1624 1556 1672 1649 3 1368 1603 1817 2034 1 1406 1620 1467 1766 1 1460 1345 1501 1393
Norway_008429.jpg,
Norway_008430.jpg,
Norway_008431.jpg,
Norway_008432.jpg,
Norway_008433.jpg,1 1265 1226 1484 1405
Norway_008434.jpg,
Norway_008435.jpg,
Norway_008436.jpg,
Norway_008437.jpg,
Norway_008438.jpg,
Norway_008439.jpg,
Norway_008440.jpg,1 1130 1541 1236 1653 1 1261 1249 1404 1493
Norway_008441.jpg,
Norway_008442.jpg,3 1259 1475 1764 1892 1 975 1344 1064 1476 1 615 1864 757 2032 1 716 1441 797 1514 1 1742 1591 1869 1864 2 541 1329 878 1373 2 806 1517 1029 1587 1 720 1430 810 1511
Norway_008443.jpg,
Norway_008444.jpg,
Norway_008445.jpg,
Norway_008446.jpg,
Norway_008447.jpg,2 4 1776 1866 2000 1 1266 1243 1348 1363 1 573 1450 914 1766 1 1670 1441 1877 2025 2 267 1391 1713 1462
Norway_008448.jpg,
Norway_008449.jpg,1 1513 1436 1598 1615 1 1462 1086 1529 1221
Norway_008450.jpg,
Norway_008451.jpg,
Norway_008452.jpg,1 1633 1306 2157 2024
Norway_008453.jpg,
Norway_008454.jpg,1 1309 1151 1366 1234
Norway_008455.jpg,1 1016 1461 1363 2033
Norway_008456.jpg,
Norway_008457.jpg,1 1544 1258 1598 1348
Norway_008458.jpg,
Norway_008459.jpg,
Norway_008460.jpg,
Norway_008461.jpg,
Norway_008462.jpg,
Norway_008463.jpg,
Norway_008464.jpg,1 603 1340 975 1607 2 875 1763 1426 2037 2 1706 1852 2227 2000 1 1507 1604 1697 2039 1 1016 1274 1119 1351 2 1516 1473 1829 1536 1 1391 1528 1465 1673 1 877 1766 1423 2036
Norway_008465.jpg,1 486 1289 1084 2031 1 1323 1204 1409 1533
Norway_008466.jpg,
Norway_008467.jpg,
Norway_008468.jpg,1 1276 1583 1430 2033 1 1701 1634 1828 2030 1 1402 1176 1555 1549
Norway_008469.jpg,
Norway_008470.jpg,
Norway_008471.jpg,
Norway_008472.jpg,1 209 1671 522 1944 1 1585 1635 1685 2033 1 1232 1510 1391 2036 1 813 1842 983 2034 1 1521 1415 1688 2034 1 1425 1190 1465 1241
Norway_008473.jpg,
Norway_008474.jpg,
Norway_008475.jpg,
Norway_008476.jpg,
Norway_008477.jpg,
Norway_008478.jpg,
Norway_008479.jpg,1 1071 1221 1418 1647 1 1515 1275 1746 2037 1 18 1262 881 1676 1 1384 1088 1427 1172
Norway_008480.jpg,
Norway_008481.jpg,
Norway_008482.jpg,
Norway_008483.jpg,
Norway_008484.jpg,1 102 1327 899 1743 1 982 1551 1074 1706 1 656 1921 789 2032 1 1440 1431 1531 1688 1 1442 1425 1683 1979
Norway_008485.jpg,
Norway_008486.jpg,
Norway_008487.jpg,1 1464 1575 1637 1737 1 1430 1799 1525 2039 1 1501 1301 1558 1421 4 531 1798 601 1846 1 275 1432 399 1490 1 1588 1436 1631 1506
Norway_008488.jpg,1 1009 1279 1350 2001 1 589 1110 1234 1399 2 464 1916 1465 2032 1 1364 1190 1428 1274 1 1446 1298 1591 1819 1 1538 1143 1603 1282 2 435 1909 1768 2036 1 1538 1123 1623 1285 1 1447 1613 1506 1816
Norway_008489.jpg,1 646 1259 1146 2029
Norway_008490.jpg,1 1523 1252 1851 2022
Norway_008491.jpg,
Norway_008492.jpg,
Norway_008493.jpg,1 1029 1356 1427 2032
Norway_008494.jpg,
Norway_008495.jpg,
Norway_008496.jpg,
Norway_008497.jpg,
Norway_008498.jpg,
Norway_008499.jpg,
Norway_008500.jpg,
Norway_008501.jpg,
Norway_008502.jpg,1 2112 1324 2258 1399 1 2421 1581 2689 1784 1 1673 1277 1831 1448
Norway_008503.jpg,2 0 1646 1784 1744
Norway_008504.jpg,1 1690 1528 2024 2031 1 1607 1214 1759 1480 1 827 1610 1038 2033
Norway_008505.jpg,
Norway_008506.jpg,
Norway_008507.jpg,
Norway_008508.jpg,
Norway_008509.jpg,
Norway_008510.jpg,
Norway_008511.jpg,
Norway_008512.jpg,2 0 1647 1976 1870 1 1493 1604 1731 2034 2 14 1643 1926 1960
Norway_008513.jpg,
Norway_008514.jpg,1 299 1472 688 1696 1 1706 1416 1859 1745 1 1780 1536 1862 1744
Norway_008515.jpg,
Norway_008516.jpg,
Norway_008517.jpg,1 1861 1703 2148 2029
Norway_008518.jpg,1 1280 1266 1553 2035
Norway_008519.jpg,1 1368 1211 1543 1524
Norway_008520.jpg,1 1036 1510 1130 1756 1 875 1435 1080 1671 2 65 1676 1877 1840
Norway_008521.jpg,1 1006 1232 1085 1295 1 1007 1224 1109 1295
Norway_008522.jpg,
Norway_008523.jpg,
Norway_008524.jpg,1 1445 1384 2010 2014 1 1732 1658 2006 2018
Norway_008525.jpg,
Norway_008526.jpg,
Norway_008527.jpg,1 1413 1400 1595 1990
Norway_008528.jpg,3 800 1464 1396 2037 3 6 1541 712 1948
Norway_008529.jpg,
Norway_008530.jpg,2 2 1640 1570 1865 2 1042 1771 1554 1864
Norway_008531.jpg,
Norway_008532.jpg,1 1041 1725 1182 2036 1 376 1227 1084 2027 2 664 1754 1120 1820
Norway_008533.jpg,1 385 1270 1322 2026
Norway_008534.jpg,1 1581 1283 1967 2027 2 324 1443 1752 1531
Norway_008535.jpg,1 1585 1331 1919 2036 1 2060 1811 2306 2032
Norway_008536.jpg,
Norway_008537.jpg,
Norway_008538.jpg,
Norway_008539.jpg,
Norway_008540.jpg,1 1608 1508 1860 2036
Norway_008541.jpg,
Norway_008542.jpg,1 828 1819 953 2034 1 1118 1450 1241 1661 1 1292 1232 1502 1448 1 1112 1235 1502 1658
Norway_008543.jpg,
Norway_008544.jpg,
Norway_008545.jpg,
Norway_008546.jpg,3 1527 1144 1681 1331 1 1669 1397 1715 1444
Norway_008547.jpg,
Norway_008548.jpg,1 1404 1407 1733 2037 1 375 1405 882 1764 1 534 1303 767 1411 1 812 1418 1212 2031 1 1459 1340 1520 1406 1 15 1553 225 1668 1 1087 1425 1210 1704 1 812 1698 1082 2032
Norway_008549.jpg,
Norway_008550.jpg,1 1230 1170 1294 1238
Norway_008551.jpg,
Norway_008552.jpg,1 902 1593 1295 2032 1 1325 1318 1415 1623
Norway_008553.jpg,
Norway_008554.jpg,
Norway_008555.jpg,
Norway_008556.jpg,1 327 1234 917 2024
Norway_008557.jpg,
Norway_008558.jpg,
Norway_008559.jpg,1 229 1542 775 1998
Norway_008560.jpg,
Norway_008561.jpg,
Norway_008562.jpg,1 1519 1494 1746 2034 1 1665 1374 1753 1556 1 1612 1630 1741 2033 1 406 1681 744 2028 1 1518 1484 1609 1632
Norway_008563.jpg,1 1890 1761 2024 2036 1 1627 1372 1764 1500 1 2570 1925 2728 2035 1 1537 1176 1592 1283 1 1791 1502 1964 1779 1 1810 1499 2028 2036
Norway_008564.jpg,1 2056 1778 2266 2032
Norway_008565.jpg,1 488 1396 739 1752
Norway_008566.jpg,
Norway_008567.jpg,
Norway_008568.jpg,
Norway_008569.jpg,
Norway_008570.jpg,
Norway_008571.jpg,
Norway_008572.jpg,
Norway_008573.jpg,
Norway_008574.jpg,
Norway_008575.jpg,
Norway_008576.jpg,1 1445 1625 1695 2027 3 1682 1403 1948 1567
Norway_008577.jpg,
Norway_008578.jpg,
Norway_008579.jpg,1 1601 1709 1805 2031
Norway_008580.jpg,1 1383 1542 1425 1684 1 1321 1688 1367 1785 1 859 1150 1086 1235 1 1476 1212 1529 1279 1 538 1253 852 1418
Norway_008581.jpg,
Norway_008582.jpg,
Norway_008583.jpg,
Norway_008584.jpg,
Norway_008585.jpg,
Norway_008586.jpg,
Norway_008587.jpg,
Norway_008588.jpg,2 233 1576 2602 1678 3 1449 1276 1593 1407
Norway_008589.jpg,1 1699 1327 2304 2034 1 1845 1516 2303 2031
Norway_008590.jpg,1 1302 1414 1416 1804 1 1254 1778 1323 2028
Norway_008591.jpg,
Norway_008592.jpg,
Norway_008593.jpg,1 1689 1461 2305 2030
Norway_008594.jpg,1 1207 1503 1395 1836 1 0 1647 364 2023 1 1440 1160 1541 1491 1 1448 1236 1536 1488
Norway_008595.jpg,
Norway_008596.jpg,
Norway_008597.jpg,1 1556 1729 1666 2038 3 874 1292 1140 1515 1 151 1282 796 1679 2 1697 1561 1946 1792
Norway_008598.jpg,1 1509 1309 2148 2021
Norway_008599.jpg,
Norway_008600.jpg,4 3374 1200 3891 1496
Norway_008601.jpg,
Norway_008602.jpg,
Norway_008603.jpg,1 1480 1395 1548 1612
Norway_008604.jpg,1 1682 1565 1965 1918 1 1102 1186 1297 1346 1 878 1188 1291 2034 1 1485 1876 1574 2037 1 793 1321 941 1432 1 1711 1442 1765 1561 1 892 1210 1048 1309 1 1533 1301 1639 1401 1 7 1387 560 1617 1 1273 1531 1353 2037 1 0 1651 115 1749 1 1465 1589 1537 1784 1 870 1378 1209 2036 1 0 1652 115 1796
Norway_008605.jpg,1 1084 1065 1152 1278
Norway_008606.jpg,
Norway_008607.jpg,
Norway_008608.jpg,1 1153 1121 1233 1224
Norway_008609.jpg,
Norway_008610.jpg,3 185 1586 679 2030 1 184 1592 671 2031
Norway_008611.jpg,
Norway_008612.jpg,
Norway_008613.jpg,
Norway_008614.jpg,
Norway_008615.jpg,
Norway_008616.jpg,
Norway_008617.jpg,
Norway_008618.jpg,1 0 1296 641 1880 1 874 1085 1127 1982 1 774 1092 931 1194 1 930 1292 1066 1747
Norway_008619.jpg,
Norway_008620.jpg,
Norway_008621.jpg,
Norway_008622.jpg,
Norway_008623.jpg,
Norway_008624.jpg,
Norway_008625.jpg,1 1494 1363 1574 1720
Norway_008626.jpg,
Norway_008627.jpg,
Norway_008628.jpg,
Norway_008629.jpg,
Norway_008630.jpg,1 2477 1658 2943 2030 1 2642 1496 3135 1792
Norway_008631.jpg,
Norway_008632.jpg,1 1936 1691 2198 2025 1 668 1611 960 2028 1 908 1838 999 2032 3 1399 1496 1803 2031 1 925 1362 1105 1556 1 109 1375 438 1518 1 966 1596 1094 1895 1 419 1884 550 2034
Norway_008633.jpg,
Norway_008634.jpg,
Norway_008635.jpg,1 1574 1437 2120 2029
Norway_008636.jpg,1 1488 1783 1634 2031 1 331 1845 410 1912 1 1646 1683 1689 1807 1 1629 1680 1690 1815
Norway_008637.jpg,1 937 1681 1062 2004
Norway_008638.jpg,
Norway_008639.jpg,
Norway_008640.jpg,1 0 1408 561 1712
Norway_008641.jpg,1 204 1216 1073 1632 1 1534 1576 1815 2034
Norway_008642.jpg,
Norway_008643.jpg,
Norway_008644.jpg,
Norway_008645.jpg,
Norway_008646.jpg,
Norway_008647.jpg,
Norway_008648.jpg,1 0 1323 783 1776
Norway_008649.jpg,
Norway_008650.jpg,1 1226 1634 1400 2033 1 656 1598 925 1873 1 1541 1884 1626 2034 1 944 1256 1268 1550 1 1296 1332 1408 1485 1 1596 1309 1763 1930 1 1458 1530 1531 1652 1 1470 1220 1547 1487 1 0 1786 142 1989 1 0 1626 248 1767 1 0 1784 140 1910 1 1323 1231 1424 1336 1 1394 1140 1475 1210 1 940 1414 1120 1556
Norway_008651.jpg,1 4 1413 462 1621 1 1444 1456 1517 1527 1 1584 1541 1627 1618 1 1593 1673 1655 1781 1 1501 1752 1605 2037 1 1454 1714 1600 2036 1 1483 1578 1548 1691 1 584 1255 856 1392 1 249 1412 477 1527 1 1444 1707 1496 1778 1 1497 1310 1579 1456 1 1432 1558 1551 1693
Norway_008652.jpg,2 395 1473 1746 1603
Norway_008653.jpg,1 0 1105 947 1578 1 1411 1475 1495 1617 1 1312 1121 1362 1248 1 1101 1195 1148 1273 1 1512 1689 1627 1793 1 711 1100 970 1215 1 956 1305 1027 1408
Norway_008654.jpg,
Norway_008655.jpg,
Norway_008656.jpg,
Norway_008657.jpg,
Norway_008658.jpg,
Norway_008659.jpg,
Norway_008660.jpg,
Norway_008661.jpg,
Norway_008662.jpg,
Norway_008663.jpg,1 839 1883 1004 2034 1 508 1448 705 1554 1 1388 1496 1469 1661 2 691 1699 1291 1771 1 317 1740 655 2031 1 1386 1862 1445 2035 1 1178 1233 1346 1639 1 765 1228 1041 1374 1 1271 1163 1386 1323 1 1173 1322 1322 1639 1 739 1281 1144 1675 1 1070 1206 1155 1265 1 1267 1187 1376 1367 1 21 1596 256 1738 1 768 1256 1007 1375
Norway_008664.jpg,
Norway_008665.jpg,1 1604 1341 1686 1487 1 2064 1894 2234 2034 1 1602 1480 1739 1771
Norway_008666.jpg,
Norway_008667.jpg,
Norway_008668.jpg,
Norway_008669.jpg,
Norway_008670.jpg,
Norway_008671.jpg,
Norway_008672.jpg,
Norway_008673.jpg,
Norway_008674.jpg,
Norway_008675.jpg,
Norway_008676.jpg,
Norway_008677.jpg,1 713 1732 843 2032 1 1576 1674 1663 2036 1 1488 1566 1554 1667 1 1422 1480 1474 1582 1 1456 1224 1491 1287 1 1683 1305 1753 1452 1 1581 1708 1648 2034 1 1421 1464 1486 1578 1 1182 1651 1272 1862
Norway_008678.jpg,
Norway_008679.jpg,1 0 1496 368 1697 1 0 1493 370 1817
Norway_008680.jpg,
Norway_008681.jpg,1 1319 1114 2039 2019
Norway_008682.jpg,
Norway_008683.jpg,
Norway_008684.jpg,
Norway_008685.jpg,1 0 1164 804 1692
Norway_008686.jpg,1 490 1286 781 1411 1 1227 1143 1259 1196
Norway_008687.jpg,1 1613 1540 1997 2023
Norway_008688.jpg,2 3 1630 506 1691 2 0 1728 361 1795
Norway_008689.jpg,
Norway_008690.jpg,
Norway_008691.jpg,
Norway_008692.jpg,4 163 1540 310 1620 1 443 1400 592 1468
Norway_008693.jpg,2 173 1488 1763 1575
Norway_008694.jpg,
Norway_008695.jpg,1 1858 1885 1999 2033
Norway_008696.jpg,1 1196 1393 1345 1650 1 630 1357 988 1580 1 1524 1383 1690 2038 1 825 1612 1079 2030 1 459 1391 611 1477 1 800 1213 1066 1349 2 0 1543 902 1702 1 1226 1232 1354 1391 1 1393 1239 1456 1349
Norway_008697.jpg,
Norway_008698.jpg,
Norway_008699.jpg,
Norway_008700.jpg,
Norway_008701.jpg,
Norway_008702.jpg,
Norway_008703.jpg,
Norway_008704.jpg,
Norway_008705.jpg,
Norway_008706.jpg,
Norway_008707.jpg,4 119 1895 318 2017 4 4 1766 206 1874 4 903 1383 1094 1504 4 1491 1383 1605 1434 4 692 1463 841 1543 4 621 1459 848 1558 4 686 1513 1046 1795
Norway_008708.jpg,
Norway_008709.jpg,
Norway_008710.jpg,
Norway_008711.jpg,1 75 1321 1009 2033 1 1146 1215 1230 1293 1 1275 1280 1335 1333 1 1304 1161 1370 1264 1 68 1558 726 2032 1 116 1387 444 1514 1 1295 1141 1369 1256 1 1014 1151 1181 1322
Norway_008712.jpg,
Norway_008713.jpg,
Norway_008714.jpg,
Norway_008715.jpg,
Norway_008716.jpg,1 1344 1174 1437 1699 1 1489 1321 1533 1384
Norway_008717.jpg,1 1897 1568 2152 2021
Norway_008718.jpg,
Norway_008719.jpg,
Norway_008720.jpg,
Norway_008721.jpg,
Norway_008722.jpg,1 1561 1400 2032 2027 1 1399 1172 2034 2029
Norway_008723.jpg,
Norway_008724.jpg,
Norway_008725.jpg,1 1781 1472 1950 2038 1 1506 1391 1615 1482 1 388 1920 507 2038 1 229 1535 393 1625 1 1595 1243 1675 1386 1 499 1321 874 1499
Norway_008726.jpg,
Norway_008727.jpg,
Norway_008728.jpg,2 28 1642 1370 1723
Norway_008729.jpg,1 1467 1327 1587 2001 1 1462 1161 1576 1366 1 0 1495 364 1897 1 1439 1124 1574 1365
Norway_008730.jpg,1 1526 1192 1624 1323 1 1453 1475 1634 2022 1 2005 1831 2118 2037 1 1620 1392 1697 1491 2 0 1795 1390 1914 1 1455 1656 1634 2021 1 1457 1281 1510 1458 1 4 1389 670 1731 2 964 1191 1444 1236
Norway_008731.jpg,
Norway_008732.jpg,
Norway_008733.jpg,1 229 1578 883 2029 1 1552 1324 1708 1473 2 1502 1542 1732 1610
Norway_008734.jpg,
Norway_008735.jpg,
Norway_008736.jpg,
Norway_008737.jpg,
Norway_008738.jpg,
Norway_008739.jpg,
Norway_008740.jpg,
Norway_008741.jpg,1 1470 1269 2041 2020
Norway_008742.jpg,
Norway_008743.jpg,
Norway_008744.jpg,2 3595 1657 4034 1721
Norway_008745.jpg,
Norway_008746.jpg,1 1463 1603 1751 2012 4 1458 1602 1634 1804
Norway_008747.jpg,1 1158 1520 1272 1671 1 1000 1316 1108 1445 1 654 1693 749 1779 1 686 1939 759 2034 1 1316 1409 1380 1550 3 212 1510 598 1757 1 820 1885 906 1963 3 0 1514 590 1837
Norway_008748.jpg,
Norway_008749.jpg,
Norway_008750.jpg,
Norway_008751.jpg,
Norway_008752.jpg,
Norway_008753.jpg,1 1248 1405 1425 2033 1 1736 1852 1844 2033
Norway_008754.jpg,1 2273 1833 2553 2026
Norway_008755.jpg,1 1231 1165 1456 1320
Norway_008756.jpg,
Norway_008757.jpg,
Norway_008758.jpg,
Norway_008759.jpg,
Norway_008760.jpg,
Norway_008761.jpg,
Norway_008762.jpg,
Norway_008763.jpg,
Norway_008764.jpg,2 21 1369 913 1970
Norway_008765.jpg,
Norway_008766.jpg,1 1177 1272 1523 1402
Norway_008767.jpg,
Norway_008768.jpg,
Norway_008769.jpg,
Norway_008770.jpg,
Norway_008771.jpg,
Norway_008772.jpg,
Norway_008773.jpg,
Norway_008774.jpg,
Norway_008775.jpg,2 639 1320 1793 1418
Norway_008776.jpg,3 223 1391 727 1652
Norway_008777.jpg,
Norway_008778.jpg,
Norway_008779.jpg,
Norway_008780.jpg,
Norway_008781.jpg,
Norway_008782.jpg,
Norway_008783.jpg,
Norway_008784.jpg,
Norway_008785.jpg,1 346 1375 1063 2032 1 269 1433 575 1543 1 1103 1204 1243 1343 2 1248 1582 1888 1645 1 1461 1225 1513 1329
Norway_008786.jpg,1 1525 1393 1665 1633
Norway_008787.jpg,
Norway_008788.jpg,
Norway_008789.jpg,1 1155 1835 1220 2039 1 787 1599 877 1783 1 1343 1937 1395 2033 3 578 1197 868 1384
Norway_008790.jpg,
Norway_008791.jpg,
Norway_008792.jpg,1 1328 1451 1458 2041 3 1381 1255 1545 1452 1 1431 1134 1476 1246
Norway_008793.jpg,
Norway_008794.jpg,
Norway_008795.jpg,
Norway_008796.jpg,
Norway_008797.jpg,
Norway_008798.jpg,
Norway_008799.jpg,
Norway_008800.jpg,
Norway_008801.jpg,1 1093 1429 1391 1959
Norway_008802.jpg,
Norway_008803.jpg,
Norway_008804.jpg,1 1496 1548 1653 2036 1 1451 1262 1579 1493
Norway_008805.jpg,
Norway_008806.jpg,
Norway_008807.jpg,
Norway_008808.jpg,3 1478 1201 1909 2039 1 1286 1260 1389 1349 1 1293 1142 1480 1257
Norway_008809.jpg,1 2080 1512 2763 2034 1 1627 1183 2045 1549
Norway_008810.jpg,
Norway_008811.jpg,
Norway_008812.jpg,1 432 1666 789 2012 1 672 1494 829 1673 1 865 1267 1040 1505 1 439 1249 1087 2017
Norway_008813.jpg,1 1697 1645 1899 2034 1 1455 1252 1682 1637
Norway_008814.jpg,1 1601 1518 1937 2025
Norway_008815.jpg,1 1285 1150 1455 1458
Norway_008816.jpg,
Norway_008817.jpg,2 851 1248 1250 1313
Norway_008818.jpg,
Norway_008819.jpg,
Norway_008820.jpg,1 266 1380 706 1594 2 4 1601 1373 1811
Norway_008821.jpg,1 1525 1435 1949 2023
Norway_008822.jpg,1 1198 1132 1310 1372 1 1404 1738 1483 1877 1 1351 1627 1393 1702
Norway_008823.jpg,
Norway_008824.jpg,
Norway_008825.jpg,
Norway_008826.jpg,
Norway_008827.jpg,1 1594 1211 1906 1578 1 1707 1357 1904 1576
Norway_008828.jpg,
Norway_008829.jpg,
Norway_008830.jpg,
Norway_008831.jpg,
Norway_008832.jpg,
Norway_008833.jpg,
Norway_008834.jpg,
Norway_008835.jpg,4 1239 1464 1359 1585
Norway_008836.jpg,
Norway_008837.jpg,
Norway_008838.jpg,
Norway_008839.jpg,1 1751 1433 2141 2032 1 1970 1745 2137 2035
Norway_008840.jpg,
Norway_008841.jpg,1 1862 1622 1952 1748
Norway_008842.jpg,1 1648 1812 1725 1977 1 1825 1829 1876 1902 1 1592 1575 1666 1810
Norway_008843.jpg,
Norway_008844.jpg,2 443 1406 1758 1575 1 832 1153 941 1254
Norway_008845.jpg,
Norway_008846.jpg,
Norway_008847.jpg,
Norway_008848.jpg,
Norway_008849.jpg,
Norway_008850.jpg,
Norway_008851.jpg,
Norway_008852.jpg,
Norway_008853.jpg,3 1438 1212 1557 1373
Norway_008854.jpg,4 2533 743 3036 885
Norway_008855.jpg,1 1192 1362 1299 1573 2 0 1689 1990 1775
Norway_008856.jpg,
Norway_008857.jpg,
Norway_008858.jpg,
Norway_008859.jpg,1 1764 1484 2106 2039 1 1529 1118 2110 2033 1 1494 1047 1582 1221
Norway_008860.jpg,1 659 1698 957 2011
Norway_008861.jpg,
Norway_008862.jpg,
Norway_008863.jpg,
Norway_008864.jpg,
Norway_008865.jpg,
Norway_008866.jpg,
Norway_008867.jpg,
Norway_008868.jpg,
Norway_008869.jpg,
Norway_008870.jpg,
Norway_008871.jpg,
Norway_008872.jpg,
Norway_008873.jpg,
Norway_008874.jpg,
Norway_008875.jpg,
Norway_008876.jpg,
Norway_008877.jpg,
Norway_008878.jpg,
Norway_008879.jpg,
Norway_008880.jpg,
Norway_008881.jpg,1 290 1567 805 2028
Norway_008882.jpg,
Norway_008883.jpg,1 313 1425 676 1616 1 0 1635 325 2022 1 2 1633 325 1891
Norway_008884.jpg,
Norway_008885.jpg,
Norway_008886.jpg,
Norway_008887.jpg,1 521 1804 681 2020
Norway_008888.jpg,
Norway_008889.jpg,
Norway_008890.jpg,
Norway_008891.jpg,
Norway_008892.jpg,
Norway_008893.jpg,1 1496 1165 1570 1333
Norway_008894.jpg,
Norway_008895.jpg,
Norway_008896.jpg,2 1069 1582 1398 1613 2 7 1638 1677 1729
Norway_008897.jpg,
Norway_008898.jpg,1 111 1522 270 1626
Norway_008899.jpg,
Norway_008900.jpg,
Norway_008901.jpg,
Norway_008902.jpg,1 1534 1099 1649 1425 2 0 1561 1851 1660 1 353 1345 1053 1977
Norway_008903.jpg,
Norway_008904.jpg,
Norway_008905.jpg,
Norway_008906.jpg,
Norway_008907.jpg,2 0 1564 1133 1626
Norway_008908.jpg,
Norway_008909.jpg,1 178 1358 998 2031 1 619 1256 878 1439
Norway_008910.jpg,
Norway_008911.jpg,
Norway_008912.jpg,
Norway_008913.jpg,3 1740 1550 2547 2037 2 286 1873 1898 1970
Norway_008914.jpg,
Norway_008915.jpg,
Norway_008916.jpg,
Norway_008917.jpg,
Norway_008918.jpg,2 1013 1431 1334 1465 2 1017 1434 1256 1466
Norway_008919.jpg,
Norway_008920.jpg,1 555 1676 879 2032 1 0 1801 361 2026 1 277 1521 691 1791 1 1070 1419 1499 2031 1 0 1731 225 1925 1 1179 1259 1374 1479 1 1676 1552 1764 2035 1 1572 1504 1647 1651 1 303 1917 420 2034 1 1489 1236 1591 1448 1 367 1802 464 1876 2 1215 1468 1400 1535 1 1638 1367 1750 1547 1 1264 1180 1333 1245
Norway_008921.jpg,1 965 1209 1087 1358
Norway_008922.jpg,
Norway_008923.jpg,
Norway_008924.jpg,
Norway_008925.jpg,
Norway_008926.jpg,1 1358 1217 2071 2022
Norway_008927.jpg,
Norway_008928.jpg,1 0 1161 1028 1709
Norway_008929.jpg,2 1147 1501 1918 1584 3 978 1385 1254 1599 1 1223 1155 1453 1381 4 875 1641 1087 1766
Norway_008930.jpg,
Norway_008931.jpg,
Norway_008932.jpg,
Norway_008933.jpg,
Norway_008934.jpg,
Norway_008935.jpg,
Norway_008936.jpg,
Norway_008937.jpg,
Norway_008938.jpg,
Norway_008939.jpg,
Norway_008940.jpg,
Norway_008941.jpg,
Norway_008942.jpg,
Norway_008943.jpg,
Norway_008944.jpg,1 1374 1575 1544 2016
Norway_008945.jpg,
Norway_008946.jpg,
Norway_008947.jpg,4 834 1653 1075 1747
Norway_008948.jpg,1 1111 1112 1240 1232
Norway_008949.jpg,1 353 1685 706 2036 1 943 1173 1020 1303 1 784 1167 1196 1594
Norway_008950.jpg,
Norway_008951.jpg,
Norway_008952.jpg,1 1510 1303 1602 1578
Norway_008953.jpg,
Norway_008954.jpg,
Norway_008955.jpg,
Norway_008956.jpg,1 456 1324 626 1430 1 54 1433 367 1596
Norway_008957.jpg,
Norway_008958.jpg,1 613 1378 974 1706 1 763 1478 1039 1853 1 1495 1358 1539 1459
Norway_008959.jpg,1 476 1277 598 1348
Norway_008960.jpg,
Norway_008961.jpg,
Norway_008962.jpg,1 344 1363 1144 2018 1 337 1634 776 2023
Norway_008963.jpg,
Norway_008964.jpg,
Norway_008965.jpg,
Norway_008966.jpg,
Norway_008967.jpg,
Norway_008968.jpg,
Norway_008969.jpg,
Norway_008970.jpg,1 1191 1355 1237 1413 1 936 1216 1082 1344 1 1190 1167 1267 1226 3 1323 1186 1481 1366
Norway_008971.jpg,1 1041 1372 1248 1705 1 1991 1735 2195 2015 1 1804 1502 1933 1655 1 359 1226 938 1467 1 1644 1303 1699 1401 1 1553 1184 1700 1398
Norway_008972.jpg,1 1367 1176 2241 2029
Norway_008973.jpg,1 1357 1477 1415 1619 1 0 1248 1140 1720
Norway_008974.jpg,1 463 1497 980 2032 1 1535 1601 1705 2034 1 802 1688 921 2035 1 2079 1752 2317 2033 2 1172 1423 1493 1607 1 1173 1418 1492 1604 2 721 1385 1377 1436
Norway_008975.jpg,
Norway_008976.jpg,
Norway_008977.jpg,
Norway_008978.jpg,
Norway_008979.jpg,
Norway_008980.jpg,
Norway_008981.jpg,
Norway_008982.jpg,
Norway_008983.jpg,1 1251 1182 1479 1464 1 1421 1883 1569 2025
Norway_008984.jpg,
Norway_008985.jpg,
Norway_008986.jpg,
Norway_008987.jpg,
Norway_008988.jpg,1 812 1222 1309 2031 1 991 1219 1309 1519 1 1322 1448 1409 2027 1 2039 1789 2159 2035 1 748 1241 1005 1407 1 1618 1517 1698 1643 1 1480 1311 1598 2024 1 480 1458 762 1679 1 1408 1281 1455 1447 2 13 1604 568 1729 1 1637 1515 1828 1699 1 1407 1257 1452 1344 2 1098 1133 1414 1200
Norway_008989.jpg,
Norway_008990.jpg,1 1541 1335 1715 2019 2 796 1249 1574 1331
Norway_008991.jpg,
Norway_008992.jpg,
Norway_008993.jpg,
Norway_008994.jpg,1 1292 1209 1844 2025
Norway_008995.jpg,
Norway_008996.jpg,
Norway_008997.jpg,
Norway_008998.jpg,
Norway_008999.jpg,
Norway_009000.jpg,1 366 1386 559 1466 1 1400 1576 1502 1933 1 1563 1339 1652 1525 1 845 1552 932 1633 1 244 1565 812 2031 1 840 1380 1028 1537 1 1027 1253 1219 1370 1 1526 1885 1762 2024 1 1410 1175 1533 1582 2 1459 1533 1911 1574 2 0 1542 857 1607 1 443 1559 810 1893 1 1259 1204 1343 1267 1 269 1826 430 2025 2 1524 1884 1758 2022
Norway_009001.jpg,
Norway_009002.jpg,
Norway_009003.jpg,
Norway_009004.jpg,1 1452 1642 1505 1782 1 1160 1395 1395 1778 1 1661 1605 1903 2035 1 57 1555 423 1846 1 1026 1695 1127 2037 1 1569 1790 1643 2035 2 396 1560 733 1666 2 502 1335 1480 1533 2 43 1804 999 1951 1 1467 1188 1623 1660 1 1310 1226 1383 1345 1 1661 1639 1725 1836
Norway_009005.jpg,
Norway_009006.jpg,2 0 1727 2104 1869
Norway_009007.jpg,
Norway_009008.jpg,
Norway_009009.jpg,
Norway_009010.jpg,1 219 1689 611 2035 1 191 1340 575 1532 1 631 1298 700 1366 1 0 1347 771 1894 1 869 1293 985 1428
Norway_009011.jpg,1 0 1647 401 2015
Norway_009012.jpg,
Norway_009013.jpg,
Norway_009014.jpg,2 186 1342 1724 1519 3 456 1483 979 2022
Norway_009015.jpg,
Norway_009016.jpg,
Norway_009017.jpg,
Norway_009018.jpg,
Norway_009019.jpg,
Norway_009020.jpg,
Norway_009021.jpg,1 650 1472 1011 1836 3 1454 1180 1852 2036 2 1903 1916 2258 2034 1 1060 1307 1161 1408
Norway_009022.jpg,
Norway_009023.jpg,
Norway_009024.jpg,
Norway_009025.jpg,1 221 1481 866 1888 1 882 1521 1064 1616 1 1681 1327 1732 1433 1 639 1319 993 1460 1 5 1572 499 1779 3 1568 1179 1692 1312 3 1574 1197 1670 1312
Norway_009026.jpg,
Norway_009027.jpg,
Norway_009028.jpg,
Norway_009029.jpg,
Norway_009030.jpg,
Norway_009031.jpg,1 1433 1410 1630 2038 2 670 1366 1763 1461
Norway_009032.jpg,
Norway_009033.jpg,
Norway_009034.jpg,
Norway_009035.jpg,1 1 1668 228 2016 1 0 1441 514 1974 1 0 1433 523 1714
Norway_009036.jpg,
Norway_009037.jpg,
Norway_009038.jpg,
Norway_009039.jpg,
Norway_009040.jpg,
Norway_009041.jpg,
Norway_009042.jpg,
Norway_009043.jpg,
Norway_009044.jpg,
Norway_009045.jpg,1 1573 1384 1713 1781 1 377 1600 593 1745 2 704 1726 1852 1790
Norway_009046.jpg,
Norway_009047.jpg,
Norway_009048.jpg,
Norway_009049.jpg,
Norway_009050.jpg,1 1721 1279 2519 2025 1 528 1294 1133 1690 1 288 1289 1131 2018 1 274 1830 482 2027 1 1299 1151 1400 1225
Norway_009051.jpg,
Norway_009052.jpg,
Norway_009053.jpg,
Norway_009054.jpg,
Norway_009055.jpg,
Norway_009056.jpg,
Norway_009057.jpg,
Norway_009058.jpg,
Norway_009059.jpg,1 0 1511 658 2013 1 778 1348 1012 1484 1 991 1180 1474 2024 1 1583 1456 1720 1711 1 996 1710 1179 2035
Norway_009060.jpg,1 1498 1184 1715 2033 1 0 1482 370 1709
Norway_009061.jpg,
Norway_009062.jpg,1 1419 1198 2221 2026
Norway_009063.jpg,
Norway_009064.jpg,
Norway_009065.jpg,1 153 1569 534 1732 2 0 1845 350 1933 2 515 1529 1239 1585 1 648 1286 1006 1457
Norway_009066.jpg,
Norway_009067.jpg,
Norway_009068.jpg,
Norway_009069.jpg,
Norway_009070.jpg,
Norway_009071.jpg,
Norway_009072.jpg,
Norway_009073.jpg,
Norway_009074.jpg,4 1214 1795 1315 1847
Norway_009075.jpg,
Norway_009076.jpg,
Norway_009077.jpg,
Norway_009078.jpg,
Norway_009079.jpg,
Norway_009080.jpg,1 0 1240 644 1644
Norway_009081.jpg,
Norway_009082.jpg,
Norway_009083.jpg,2 686 1458 1769 1596 2 244 1455 1770 1607
Norway_009084.jpg,
Norway_009085.jpg,
Norway_009086.jpg,
Norway_009087.jpg,
Norway_009088.jpg,
Norway_009089.jpg,
Norway_009090.jpg,
Norway_009091.jpg,1 1326 1319 1367 1382 1 1945 1777 2010 1867
Norway_009092.jpg,
Norway_009093.jpg,
Norway_009094.jpg,
Norway_009095.jpg,
Norway_009096.jpg,
Norway_009097.jpg,
Norway_009098.jpg,
Norway_009099.jpg,1 1852 1490 2387 2030 1 1662 1345 1759 1475
Norway_009100.jpg,
Norway_009101.jpg,
Norway_009102.jpg,
Norway_009103.jpg,
Norway_009104.jpg,1 490 1371 1142 2027 1 1262 1175 1390 1263 1 1169 1291 1245 1347 1 1228 1324 1264 1380
Norway_009105.jpg,1 0 1717 381 2027 1 1985 1638 2306 2024 1 1011 1304 1158 1437 1 831 1247 998 1324 1 1060 1205 1173 1263 2 322 1471 1397 1541 2 1555 1438 1790 1475
Norway_009106.jpg,
Norway_009107.jpg,2 923 1486 2162 1818 1 1829 1795 1980 2037 1 1684 1585 1808 1755
Norway_009108.jpg,
Norway_009109.jpg,
Norway_009110.jpg,1 524 1379 676 1452
Norway_009111.jpg,1 619 1835 806 2033 1 1421 1731 1544 2029 1 0 1336 859 1829 1 1459 1144 1556 1398 3 1455 1137 1557 1394
Norway_009112.jpg,
Norway_009113.jpg,
Norway_009114.jpg,
Norway_009115.jpg,
Norway_009116.jpg,
Norway_009117.jpg,
Norway_009118.jpg,
Norway_009119.jpg,1 1100 1280 1274 1567 1 1141 1532 1278 2035
Norway_009120.jpg,
Norway_009121.jpg,1 319 1299 868 2014
Norway_009122.jpg,
Norway_009123.jpg,
Norway_009124.jpg,
Norway_009125.jpg,2 1865 1833 2257 1906
Norway_009126.jpg,1 1548 1510 1701 1989
Norway_009127.jpg,2 52 1682 1790 1759
Norway_009128.jpg,
Norway_009129.jpg,
Norway_009130.jpg,
Norway_009131.jpg,
Norway_009132.jpg,
Norway_009133.jpg,
Norway_009134.jpg,
Norway_009135.jpg,1 1418 1362 1483 1440 1 1093 1199 1197 1386 1 1109 1292 1206 1398 1 1094 1202 1189 1327
Norway_009136.jpg,
Norway_009137.jpg,
Norway_009138.jpg,
Norway_009139.jpg,
Norway_009140.jpg,
Norway_009141.jpg,1 1460 1273 2165 2028
Norway_009142.jpg,
Norway_009143.jpg,1 626 1289 799 1435
Norway_009144.jpg,2 828 1470 2003 1556
Norway_009145.jpg,
Norway_009146.jpg,
Norway_009147.jpg,
Norway_009148.jpg,2 1453 1641 1790 1692 1 1421 1259 1510 1627 1 1181 1303 1220 1386
Norway_009149.jpg,2 629 1542 2129 1784
Norway_009150.jpg,
Norway_009151.jpg,1 892 1535 1518 2033 1 0 1371 801 1832
Norway_009152.jpg,1 1705 1663 1888 2036 1 1539 1303 1820 1666
Norway_009153.jpg,
Norway_009154.jpg,
Norway_009155.jpg,
Norway_009156.jpg,
Norway_009157.jpg,
Norway_009158.jpg,4 668 1745 860 1833
Norway_009159.jpg,
Norway_009160.jpg,
Norway_009161.jpg,
Norway_009162.jpg,
Norway_009163.jpg,
Norway_009164.jpg,
Norway_009165.jpg,1 1601 1419 1746 1695
Norway_009166.jpg,4 3668 278 3932 412
Norway_009167.jpg,
Norway_009168.jpg,1 594 1174 1198 1681 2 0 1716 1965 1965
Norway_009169.jpg,1 0 1353 707 1849
Norway_009170.jpg,1 1828 1825 1976 2034 1 1618 1433 1695 1605 1 1651 1726 1716 1808
Norway_009171.jpg,
Norway_009172.jpg,1 1402 1773 1530 2030
Norway_009173.jpg,
Norway_009174.jpg,
Norway_009175.jpg,1 2039 1772 2188 2027 3 1371 1344 1705 2000 1 559 1399 704 1476 1 2044 1698 2222 1910 1 923 1528 1202 1968 1 1908 1893 2040 2030 1 1300 1376 1389 1540 1 2042 1722 2217 2007
Norway_009176.jpg,
Norway_009177.jpg,
Norway_009178.jpg,
Norway_009179.jpg,2 1421 1487 1764 1569 2 159 1465 1771 1539
Norway_009180.jpg,2 15 1676 1901 1952 2 1121 1812 1875 1939 2 7 1667 813 1934
Norway_009181.jpg,1 673 1576 934 1795 1 574 1482 770 1626 1 900 1880 977 2031 1 746 1305 958 1451 1 993 1178 1232 1294 1 220 1483 600 1643 1 1734 1627 1961 2029 1 1050 1312 1222 1452 2 770 1415 1243 1500 1 0 1729 274 2013
Norway_009182.jpg,
Norway_009183.jpg,
Norway_009184.jpg,
Norway_009185.jpg,
Norway_009186.jpg,1 0 1430 635 1763
Norway_009187.jpg,1 1427 1602 1552 2037
Norway_009188.jpg,1 0 1055 987 1640
Norway_009189.jpg,1 72 1511 781 2027
Norway_009190.jpg,
Norway_009191.jpg,
Norway_009192.jpg,1 1561 1387 1948 2033 1 511 1199 1072 1480 1 1590 1211 1670 1324
Norway_009193.jpg,
Norway_009194.jpg,2 0 1707 2029 1865 1 1878 1934 1920 2033
Norway_009195.jpg,
Norway_009196.jpg,
Norway_009197.jpg,4 500 1787 763 2030
Norway_009198.jpg,
Norway_009199.jpg,1 462 1549 921 2028 1 1692 1575 1783 1755 1 463 1723 755 2029
Norway_009200.jpg,
Norway_009201.jpg,1 819 1215 1263 1888 1 1013 1115 1130 1239 1 73 1237 964 1663
Norway_009202.jpg,
Norway_009203.jpg,
Norway_009204.jpg,
Norway_009205.jpg,
Norway_009206.jpg,
Norway_009207.jpg,1 943 1542 1165 2033 1 588 1479 796 1617
Norway_009208.jpg,1 467 1706 667 1855 1 492 1846 674 2035 1 1286 1470 1401 2031 1 1679 1453 1947 1958 2 14 1496 1368 1728 1 1550 1813 1769 2005 1 1191 1917 1260 2036 1 1091 1220 1336 1416 1 1 1557 341 1917 1 1373 1188 1496 1372 1 0 1561 345 1802 2 651 1314 1107 1381 2 269 1637 1012 1745
Norway_009209.jpg,
Norway_009210.jpg,
Norway_009211.jpg,
Norway_009212.jpg,
Norway_009213.jpg,
Norway_009214.jpg,
Norway_009215.jpg,1 0 1381 909 1850
Norway_009216.jpg,
Norway_009217.jpg,
Norway_009218.jpg,
Norway_009219.jpg,
Norway_009220.jpg,
Norway_009221.jpg,
Norway_009222.jpg,
Norway_009223.jpg,
Norway_009224.jpg,1 1760 1392 2028 1694
Norway_009225.jpg,
Norway_009226.jpg,
Norway_009227.jpg,
Norway_009228.jpg,
Norway_009229.jpg,
Norway_009230.jpg,
Norway_009231.jpg,
Norway_009232.jpg,1 286 1679 739 2033 1 0 1358 842 1766 1 1372 1352 1577 1658 1 1751 1766 1848 2033 1 1629 1625 1702 1821 1 857 1315 1184 1716 1 919 1306 1195 1529 1 855 1541 995 1716
Norway_009233.jpg,
Norway_009234.jpg,1 1366 1232 1467 1371
Norway_009235.jpg,1 0 1275 474 1629
Norway_009236.jpg,
Norway_009237.jpg,1 245 1176 1308 2029
Norway_009238.jpg,1 895 1215 989 1264
Norway_009239.jpg,1 612 1569 998 2018
Norway_009240.jpg,
Norway_009241.jpg,1 1502 1437 1972 2021
Norway_009242.jpg,
Norway_009243.jpg,2 549 1430 1722 1497
Norway_009244.jpg,
Norway_009245.jpg,
Norway_009246.jpg,1 1437 1367 1557 2039 1 1617 1774 1741 2039 1 1431 1056 1467 1105
Norway_009247.jpg,1 63 1621 444 2030 1 859 1571 1015 2039 1 1627 1371 1731 1499 1 1254 1375 1388 1516
Norway_009248.jpg,2 942 1905 2105 2011 1 0 1588 179 1735 1 0 1587 182 1801
Norway_009249.jpg,1 314 1373 970 1919 1 487 1823 663 2034 1 1608 1391 1720 1551
Norway_009250.jpg,
Norway_009251.jpg,
Norway_009252.jpg,
Norway_009253.jpg,1 1308 1280 1651 1716 1 1432 1687 1536 1938 1 473 1210 597 1274 1 1540 1578 1657 1707
Norway_009254.jpg,2 0 1496 602 1605 1 6 1191 707 1525
Norway_009255.jpg,
Norway_009256.jpg,1 1358 1172 2102 2025
Norway_009257.jpg,
Norway_009258.jpg,
Norway_009259.jpg,
Norway_009260.jpg,1 689 1584 983 1896 1 1673 1533 1732 1706
Norway_009261.jpg,
Norway_009262.jpg,2 711 1424 1259 1530 2 715 1427 1173 1507
Norway_009263.jpg,
Norway_009264.jpg,
Norway_009265.jpg,
Norway_009266.jpg,
Norway_009267.jpg,1 1275 1439 1754 2033 1 410 1700 827 2033 1 0 1748 373 1998 1 277 1459 1101 2006 1 1189 1255 1639 1439
Norway_009268.jpg,1 1012 1905 1099 2036
Norway_009269.jpg,1 1426 1295 1936 2019 1 1426 1292 1593 1568
Norway_009270.jpg,
Norway_009271.jpg,
Norway_009272.jpg,
Norway_009273.jpg,
Norway_009274.jpg,
Norway_009275.jpg,
Norway_009276.jpg,
Norway_009277.jpg,
Norway_009278.jpg,
Norway_009279.jpg,3 1000 1481 1155 1656
Norway_009280.jpg,
Norway_009281.jpg,
Norway_009282.jpg,
Norway_009283.jpg,
Norway_009284.jpg,1 1547 1658 1693 2037 1 1191 1844 1309 2036 1 1579 1549 1634 1675 1 1520 1414 1576 1574 1 1504 1272 1564 1387 1 6 1406 567 1755 1 1595 1252 1784 1544 1 1465 1364 1500 1429 1 1439 1194 1489 1253 1 887 1240 996 1309 1 887 1192 1137 1300
Norway_009285.jpg,2 0 1638 1848 1743
Norway_009286.jpg,
Norway_009287.jpg,1 239 1788 449 2027 2 1038 1850 1277 1891 2 499 1514 774 1551
Norway_009288.jpg,
Norway_009289.jpg,
Norway_009290.jpg,
Norway_009291.jpg,
Norway_009292.jpg,3 1398 1389 2109 2038 1 470 1412 635 1508 3 152 1602 499 1751 3 1226 1120 1683 1358
Norway_009293.jpg,
Norway_009294.jpg,
Norway_009295.jpg,
Norway_009296.jpg,1 1583 1466 1999 2025
Norway_009297.jpg,
Norway_009298.jpg,
Norway_009299.jpg,
Norway_009300.jpg,
Norway_009301.jpg,
Norway_009302.jpg,1 1398 1282 1873 2006 1 1535 1400 1877 2008
Norway_009303.jpg,
Norway_009304.jpg,
Norway_009305.jpg,
Norway_009306.jpg,
Norway_009307.jpg,
Norway_009308.jpg,
Norway_009309.jpg,1 1342 1583 1531 1802 1 1109 1776 1259 1956 1 1612 1508 1654 1612 1 1471 1360 1585 1489 1 232 1695 440 1789
Norway_009310.jpg,
Norway_009311.jpg,1 21 1488 578 1772 2 477 1461 1455 1610
Norway_009312.jpg,
Norway_009313.jpg,1 1287 1275 1365 1470
Norway_009314.jpg,
Norway_009315.jpg,1 1486 1196 1550 1258
Norway_009316.jpg,
Norway_009317.jpg,
Norway_009318.jpg,1 156 1270 501 1422 1 242 1270 500 1405
Norway_009319.jpg,1 1564 1256 1648 1495
Norway_009320.jpg,1 70 1376 791 1817
Norway_009321.jpg,
Norway_009322.jpg,
Norway_009323.jpg,1 1746 1685 1927 2033 1 473 1690 799 2030 1 1627 1744 1736 2033 1 1548 1267 1617 1421 1 994 1459 1171 1651 1 635 1583 750 1704 1 475 1462 996 2027
Norway_009324.jpg,
Norway_009325.jpg,
Norway_009326.jpg,
Norway_009327.jpg,
Norway_009328.jpg,
Norway_009329.jpg,
Norway_009330.jpg,1 1559 1259 1620 1403
Norway_009331.jpg,1 133 1497 479 1678 2 1085 1709 2018 1756
Norway_009332.jpg,
Norway_009333.jpg,
Norway_009334.jpg,
Norway_009335.jpg,
Norway_009336.jpg,
Norway_009337.jpg,
Norway_009338.jpg,
Norway_009339.jpg,
Norway_009340.jpg,1 545 1190 1385 2024 1 744 1794 898 2030 1 746 1824 854 2029 1 546 1749 823 2033
Norway_009341.jpg,
Norway_009342.jpg,
Norway_009343.jpg,
Norway_009344.jpg,
Norway_009345.jpg,
Norway_009346.jpg,2 729 1424 1763 1480
Norway_009347.jpg,
Norway_009348.jpg,
Norway_009349.jpg,
Norway_009350.jpg,1 1351 1460 1419 1590 1 1429 1314 1521 1453 1 1425 1314 1483 1411 1 1412 1196 1448 1242
Norway_009351.jpg,
Norway_009352.jpg,
Norway_009353.jpg,1 1661 1667 1779 2028
Norway_009354.jpg,
Norway_009355.jpg,
Norway_009356.jpg,1 1431 1213 2128 2016 3 1435 1222 2130 2022
Norway_009357.jpg,
Norway_009358.jpg,1 925 1933 1057 2032 3 1227 1291 1717 2029 1 1547 1608 1685 2036 1 330 1400 719 1618 1 0 1449 340 1657 1 171 1395 723 1676 3 1232 1306 1500 1670
Norway_009359.jpg,
Norway_009360.jpg,
Norway_009361.jpg,1 1178 1850 1263 2036
Norway_009362.jpg,1 253 1253 544 1409
Norway_009363.jpg,2 169 1585 829 1700
Norway_009364.jpg,
Norway_009365.jpg,
Norway_009366.jpg,
Norway_009367.jpg,
Norway_009368.jpg,
Norway_009369.jpg,1 955 1613 1172 2035 1 1443 1372 1561 1686 1 532 1252 1129 1601 1 522 1324 967 1611
Norway_009370.jpg,
Norway_009371.jpg,
Norway_009372.jpg,1 1573 1297 1860 2026
Norway_009373.jpg,1 1648 1872 1710 2035 1 1505 1480 1573 1859 1 1474 1189 1551 1377
Norway_009374.jpg,1 1536 1434 1758 2031 1 1436 1106 1595 1425
Norway_009375.jpg,
Norway_009376.jpg,2 1489 1336 1630 1376 1 1287 1088 1448 1221
Norway_009377.jpg,
Norway_009378.jpg,1 2 1287 648 1602 2 0 1959 535 2032
Norway_009379.jpg,
Norway_009380.jpg,1 580 1868 625 1954 1 742 1633 846 1710 3 354 1675 642 1804 1 652 1952 684 2025
Norway_009381.jpg,
Norway_009382.jpg,
Norway_009383.jpg,1 1405 1368 1549 2039 1 1481 1234 1559 1378
Norway_009384.jpg,
Norway_009385.jpg,
Norway_009386.jpg,
Norway_009387.jpg,
Norway_009388.jpg,
Norway_009389.jpg,
Norway_009390.jpg,
Norway_009391.jpg,
Norway_009392.jpg,
Norway_009393.jpg,
Norway_009394.jpg,
Norway_009395.jpg,
Norway_009396.jpg,
Norway_009397.jpg,
Norway_009398.jpg,
Norway_009399.jpg,
Norway_009400.jpg,
Norway_009401.jpg,1 822 1426 957 1607 1 1641 1656 1699 1770
Norway_009402.jpg,
Norway_009403.jpg,
Norway_009404.jpg,
Norway_009405.jpg,
Norway_009406.jpg,
Norway_009407.jpg,1 315 1423 537 1526
Norway_009408.jpg,1 266 1429 1088 2029 1 593 1428 1091 1903
Norway_009409.jpg,
Norway_009410.jpg,1 1921 1744 2139 2027
Norway_009411.jpg,1 11 1450 505 1713 1 1034 1799 1160 2034 1 175 1749 549 2031 1 1568 1553 1727 1806 1 1518 1751 1633 2035 1 1466 1173 1519 1268 1 1591 1419 1639 1488 1 1525 1538 1731 2035 1 1416 1302 1454 1358
Norway_009412.jpg,1 1512 1274 1629 1540
Norway_009413.jpg,
Norway_009414.jpg,
Norway_009415.jpg,
Norway_009416.jpg,
Norway_009417.jpg,1 217 1859 386 2013 1 726 1555 823 1646
Norway_009418.jpg,
Norway_009419.jpg,
Norway_009420.jpg,1 1306 1498 1571 2032 1 529 1302 809 1459
Norway_009421.jpg,
Norway_009422.jpg,1 1541 1216 2099 2018
Norway_009423.jpg,1 1447 1260 1484 1315
Norway_009424.jpg,1 636 1656 899 2032 1 929 1436 1139 1723 1 406 1735 650 1965 1 1993 1772 2145 2028 1 1332 1664 1412 2036 1 1809 1493 2019 1665 1 361 1493 524 1612 1 1152 1570 1191 1658 1 521 1623 594 1733 1 3 1421 441 1654
Norway_009425.jpg,3 1407 1398 1745 1799 1 1892 1737 2091 2035 3 1445 1155 1554 1373 2 1199 1482 1462 1523
Norway_009426.jpg,1 1631 1768 1736 2035
Norway_009427.jpg,
Norway_009428.jpg,
Norway_009429.jpg,
Norway_009430.jpg,
Norway_009431.jpg,
Norway_009432.jpg,
Norway_009433.jpg,1 1521 1314 1602 1498
Norway_009434.jpg,1 1593 1748 1711 2034 1 1623 1223 1759 1568
Norway_009435.jpg,1 0 1602 360 1971 1 0 1603 357 1864
Norway_009436.jpg,
Norway_009437.jpg,
Norway_009438.jpg,1 1487 1774 1567 1957
Norway_009439.jpg,1 1063 1709 1189 2035 1 586 1670 833 1967 1 1299 1373 1447 2024 1 940 1362 1074 1551 1 1135 1096 1204 1249 1 1189 1116 1364 1453
Norway_009440.jpg,
Norway_009441.jpg,1 0 1111 682 1524 1 0 1171 556 1498
Norway_009442.jpg,1 1125 1733 1238 2032 1 1012 1356 1212 1618
Norway_009443.jpg,2 0 1851 2346 1958 1 70 1562 204 1630
Norway_009444.jpg,
Norway_009445.jpg,
Norway_009446.jpg,
Norway_009447.jpg,1 1644 1268 1789 1456 1 1731 1512 1791 1620
Norway_009448.jpg,
Norway_009449.jpg,1 0 1723 318 2021
Norway_009450.jpg,
Norway_009451.jpg,
Norway_009452.jpg,
Norway_009453.jpg,
Norway_009454.jpg,
Norway_009455.jpg,1 1563 1637 1700 2029 1 5 1373 482 1578 1 1469 1208 1613 1531 1 1487 1288 1614 1528
Norway_009456.jpg,1 969 1416 1138 2016
Norway_009457.jpg,
Norway_009458.jpg,
Norway_009459.jpg,1 1713 1562 2089 2026
Norway_009460.jpg,1 1884 1594 2081 1833
Norway_009461.jpg,
Norway_009462.jpg,
Norway_009463.jpg,
Norway_009464.jpg,4 1396 1687 1598 1869
Norway_009465.jpg,1 432 1452 1009 2022 2 1089 1891 1567 2028 1 1328 1321 1379 1449 3 1553 1721 1724 2038 1 1497 1102 1551 1153
Norway_009466.jpg,
Norway_009467.jpg,
Norway_009468.jpg,
Norway_009469.jpg,
Norway_009470.jpg,
Norway_009471.jpg,3 1411 1475 1589 1669 1 1263 1745 1466 2024 1 0 1666 324 2011 1 394 1349 984 1802 1 994 1289 1158 1463 1 12 1355 993 1803 1 1289 1419 1334 1493
Norway_009472.jpg,3 1453 1263 1625 1617
Norway_009473.jpg,1 2120 1651 2507 2032 1 1 1146 1038 1737 1 1991 1566 2075 1655
Norway_009474.jpg,1 1764 1884 1845 2034 1 1556 1304 1761 1629
Norway_009475.jpg,
Norway_009476.jpg,
Norway_009477.jpg,
Norway_009478.jpg,
Norway_009479.jpg,
Norway_009480.jpg,
Norway_009481.jpg,1 1426 1204 1561 1433
Norway_009482.jpg,
Norway_009483.jpg,
Norway_009484.jpg,1 1512 1191 1668 1460 1 1655 1917 1721 2034 1 871 1480 989 1587 1 312 1470 1003 2031
Norway_009485.jpg,
Norway_009486.jpg,3 1557 1554 1887 2033
Norway_009487.jpg,
Norway_009488.jpg,
Norway_009489.jpg,
Norway_009490.jpg,
Norway_009491.jpg,
Norway_009492.jpg,1 193 1419 729 1733 1 792 1280 1013 1430
Norway_009493.jpg,
Norway_009494.jpg,1 5 1286 784 1666 3 1321 1254 1786 2030 1 1520 1470 1776 2023
Norway_009495.jpg,1 1381 1135 2025 2021
Norway_009496.jpg,
Norway_009497.jpg,
Norway_009498.jpg,
Norway_009499.jpg,
Norway_009500.jpg,
Norway_009501.jpg,1 241 1399 980 2024
Norway_009502.jpg,
Norway_009503.jpg,
Norway_009504.jpg,
Norway_009505.jpg,
Norway_009506.jpg,3 500 1605 954 1973 3 1283 1331 1752 2024 2 1043 1743 1411 1794 2 639 1550 1364 1617 2 0 1955 475 2018
Norway_009507.jpg,
Norway_009508.jpg,1 1466 1407 1566 1556 2 16 1781 694 1853 1 665 1680 864 1907 1 1009 1312 1176 1494 1 1229 1229 1278 1305
Norway_009509.jpg,1 1542 1279 1614 1467 1 1495 1623 1628 2036 1 1459 1427 1525 1571
Norway_009510.jpg,
Norway_009511.jpg,1 986 1307 1233 1473 3 1553 1233 1692 1462 3 1554 1242 1694 1395 2 994 1463 1382 1507
Norway_009512.jpg,
Norway_009513.jpg,1 1844 1564 2010 1767 2 1797 1960 1996 2034 1 1935 1778 2019 1966
Norway_009514.jpg,
Norway_009515.jpg,1 600 1403 815 1566 1 1046 1673 1497 2023 1 418 1547 947 2026
Norway_009516.jpg,
Norway_009517.jpg,
Norway_009518.jpg,
Norway_009519.jpg,
Norway_009520.jpg,
Norway_009521.jpg,
Norway_009522.jpg,
Norway_009523.jpg,1 1545 1303 1609 1413
Norway_009524.jpg,
Norway_009525.jpg,
Norway_009526.jpg,
Norway_009527.jpg,
Norway_009528.jpg,1 1391 1312 1629 1991 1 1440 1921 1507 2036
Norway_009529.jpg,3 1461 1245 1806 2028 1 578 1296 896 1435 1 1491 1538 1643 2035 1 1862 1792 2040 2035 1 1710 1682 1806 2027 2 1267 1485 1502 1542 2 1261 1398 1526 1446
Norway_009530.jpg,1 1456 1157 1530 1383 1 1442 1702 1674 2036 3 1443 1701 1678 2037
Norway_009531.jpg,
Norway_009532.jpg,3 1582 1501 1752 1730 3 1576 1268 1730 1387
Norway_009533.jpg,
Norway_009534.jpg,
Norway_009535.jpg,
Norway_009536.jpg,
Norway_009537.jpg,
Norway_009538.jpg,
Norway_009539.jpg,1 1847 1689 2027 2026 1 1497 1762 1578 2023
Norway_009540.jpg,
Norway_009541.jpg,2 0 1536 1835 1617
Norway_009542.jpg,1 1542 1252 1932 2027
Norway_009543.jpg,
Norway_009544.jpg,
Norway_009545.jpg,
Norway_009546.jpg,
Norway_009547.jpg,1 769 1428 922 1545 1 17 1551 588 1992 1 1181 1641 1282 2037 2 1221 1878 1408 1919 2 750 1542 1744 1693 2 1300 1536 1707 1583 1 1047 1252 1106 1297 1 218 1301 676 1487 2 943 1579 1750 1695 2 667 1630 923 1667 1 223 1553 588 1841 2 561 1385 1660 1436
Norway_009548.jpg,1 1480 1200 1660 1569 1 1365 1416 1587 2033 1 1321 1236 1385 1308
Norway_009549.jpg,1 500 1551 663 1676
Norway_009550.jpg,
Norway_009551.jpg,
Norway_009552.jpg,1 0 1415 335 1601
Norway_009553.jpg,
Norway_009554.jpg,
Norway_009555.jpg,
Norway_009556.jpg,
Norway_009557.jpg,
Norway_009558.jpg,
Norway_009559.jpg,
Norway_009560.jpg,
Norway_009561.jpg,1 1763 1714 1871 2038 1 1618 1413 1730 1686 1 1042 1537 1209 1716 1 1304 1322 1497 1509 1 1464 1267 1490 1326 1 1597 1303 1655 1380 1 1071 1335 1230 1534 1 1553 1233 1653 1379 1 1581 1264 1650 1378
Norway_009562.jpg,
Norway_009563.jpg,
Norway_009564.jpg,
Norway_009565.jpg,
Norway_009566.jpg,1 1557 1213 2011 2028
Norway_009567.jpg,1 1290 1108 1484 1227 1 898 1131 1288 1309 2 0 1560 2126 1661 1 2365 1799 2673 2023
Norway_009568.jpg,3 1497 1252 2243 2035
Norway_009569.jpg,
Norway_009570.jpg,
Norway_009571.jpg,
Norway_009572.jpg,
Norway_009573.jpg,
Norway_009574.jpg,1 415 1368 1177 2020
Norway_009575.jpg,1 1728 1424 2212 1931 1 655 1192 970 1365
Norway_009576.jpg,1 839 1714 1035 2028 1 1438 1204 1633 1376
Norway_009577.jpg,
Norway_009578.jpg,
Norway_009579.jpg,1 779 1448 1053 1729
Norway_009580.jpg,
Norway_009581.jpg,
Norway_009582.jpg,
Norway_009583.jpg,
Norway_009584.jpg,1 1315 1460 1389 1771 1 1536 1486 1623 1660 1 1595 1825 1664 2031 1 472 1611 754 1860 1 473 1302 1103 1848 1 1443 1319 1507 1509 1 1534 1706 1585 1826 1 218 1910 411 2037
Norway_009585.jpg,1 458 1247 934 1476 1 0 1247 935 1715
Norway_009586.jpg,1 1482 1450 1900 2008
Norway_009587.jpg,
Norway_009588.jpg,
Norway_009589.jpg,1 1563 1268 1638 1454
Norway_009590.jpg,
Norway_009591.jpg,
Norway_009592.jpg,
Norway_009593.jpg,4 1414 1854 1606 2009 1 1043 1354 1083 1435
Norway_009594.jpg,
Norway_009595.jpg,
Norway_009596.jpg,1 1827 1274 1904 1555 1 0 1696 528 2028
Norway_009597.jpg,
Norway_009598.jpg,1 742 1642 1012 2032 1 0 1166 1075 1889 1 1109 1254 1235 1590 2 0 1904 360 2031 2 438 1593 1449 1687 1 1206 1145 1301 1262
Norway_009599.jpg,
Norway_009600.jpg,
Norway_009601.jpg,
Norway_009602.jpg,
Norway_009603.jpg,
Norway_009604.jpg,1 1622 1210 1687 1331 1 1620 1135 1720 1331
Norway_009605.jpg,
Norway_009606.jpg,
Norway_009607.jpg,1 575 1628 880 1966 1 1563 1718 1714 2036 1 1418 1099 1632 1419 1 1112 1359 1207 1505
Norway_009608.jpg,
Norway_009609.jpg,
Norway_009610.jpg,
Norway_009611.jpg,
Norway_009612.jpg,
Norway_009613.jpg,
Norway_009614.jpg,
Norway_009615.jpg,1 928 1382 1246 2036 1 1357 1394 1482 2037 1 1720 1745 1824 2038 1 1264 1331 1325 1402 1 2037 1721 2276 2034 1 1465 1323 1518 1408 1 0 1428 449 1660 1 1347 1252 1407 1329 1 533 1313 903 1486 1 1495 1138 1536 1254 1 1526 1339 1659 2006 2 1285 1376 1446 1421 1 1527 1586 1655 2012 1 1364 1158 1409 1211 1 1309 1252 1407 1339
Norway_009616.jpg,
Norway_009617.jpg,
Norway_009618.jpg,
Norway_009619.jpg,
Norway_009620.jpg,
Norway_009621.jpg,
Norway_009622.jpg,
Norway_009623.jpg,
Norway_009624.jpg,2 1144 1829 1566 1925
Norway_009625.jpg,1 546 1840 658 1957 2 0 1714 515 1954 2 523 1569 752 1724 2 521 1572 1059 1890 1 141 1613 277 1711 2 1229 1613 1858 1972 1 1230 1607 1870 1986 2 757 1732 1056 1893 2 615 1985 967 2038 2 1229 1607 2070 1995
Norway_009626.jpg,
Norway_009627.jpg,
Norway_009628.jpg,1 2 1451 635 1916
Norway_009629.jpg,
Norway_009630.jpg,
Norway_009631.jpg,
Norway_009632.jpg,
Norway_009633.jpg,
Norway_009634.jpg,
Norway_009635.jpg,
Norway_009636.jpg,
Norway_009637.jpg,
Norway_009638.jpg,
Norway_009639.jpg,
Norway_009640.jpg,1 301 1879 427 2024
Norway_009641.jpg,1 1510 1159 1578 1386 1 597 1658 906 2030 1 512 1307 827 1462 1 888 1160 1153 1296 1 1244 1300 1315 1491
Norway_009642.jpg,1 544 1479 1068 2027
Norway_009643.jpg,
Norway_009644.jpg,1 1248 1184 1328 1284
Norway_009645.jpg,
Norway_009646.jpg,4 1694 1348 2127 1495
Norway_009647.jpg,
Norway_009648.jpg,
Norway_009649.jpg,
Norway_009650.jpg,1 1443 1417 1914 2021
Norway_009651.jpg,1 1360 1186 1407 1262
Norway_009652.jpg,2 85 1524 1799 1699 1 682 1391 1035 1554 2 14 1648 582 1761
Norway_009653.jpg,1 0 1259 880 1673
Norway_009654.jpg,
Norway_009655.jpg,
Norway_009656.jpg,
Norway_009657.jpg,
Norway_009658.jpg,
Norway_009659.jpg,
Norway_009660.jpg,1 963 1080 1579 1300 1 1766 1504 1893 1910
Norway_009661.jpg,1 1307 1815 1384 2029
Norway_009662.jpg,
Norway_009663.jpg,
Norway_009664.jpg,2 0 1587 1329 1709 4 377 1640 537 1707
Norway_009665.jpg,
Norway_009666.jpg,1 393 1806 613 2034 1 1567 1301 1643 1456 1 140 1335 618 1562 1 1410 1175 1485 1344 2 1806 1934 2209 2024 1 1395 1333 1479 2020 1 1563 1449 1651 1784 1 1399 1745 1474 2027 2 401 1942 1443 2030 1 1403 1344 1467 1722 1 1429 1190 1487 1346 1 1494 1144 1585 1289 1 1111 1271 1220 1375 1 1644 1646 1791 2035
Norway_009667.jpg,
Norway_009668.jpg,1 1655 1519 1753 1750
Norway_009669.jpg,
Norway_009670.jpg,1 1469 1268 1621 1601 1 1832 1489 2299 2010
Norway_009671.jpg,1 1200 1166 1257 1373
Norway_009672.jpg,
Norway_009673.jpg,2 445 1731 2180 1895
Norway_009674.jpg,
Norway_009675.jpg,
Norway_009676.jpg,
Norway_009677.jpg,
Norway_009678.jpg,2 15 1876 2161 2043 2 648 1943 2119 2037
Norway_009679.jpg,
Norway_009680.jpg,
Norway_009681.jpg,
Norway_009682.jpg,
Norway_009683.jpg,
Norway_009684.jpg,1 980 1326 1162 1500 2 1068 1861 2136 1988 1 1236 1216 1410 1337 1 837 1329 1162 1648
Norway_009685.jpg,1 360 1238 589 1347 4 1402 1554 1491 1601
Norway_009686.jpg,
Norway_009687.jpg,
Norway_009688.jpg,1 2988 1419 3390 1830
Norway_009689.jpg,1 1089 1201 1237 1347 1 0 1687 277 2029
Norway_009690.jpg,
Norway_009691.jpg,
Norway_009692.jpg,
Norway_009693.jpg,
Norway_009694.jpg,
Norway_009695.jpg,2 478 1802 1025 2001
Norway_009696.jpg,
Norway_009697.jpg,1 1194 1491 1263 1731 1 1122 1374 1167 1434
Norway_009698.jpg,
Norway_009699.jpg,
Norway_009700.jpg,
Norway_009701.jpg,1 1422 1867 1511 2040 1 489 1589 751 2037 1 1140 1686 1200 1828 1 1489 1748 1532 1852
Norway_009702.jpg,
Norway_009703.jpg,
Norway_009704.jpg,
Norway_009705.jpg,1 1393 1264 1926 2027 2 13 1663 1637 1856
Norway_009706.jpg,
Norway_009707.jpg,
Norway_009708.jpg,
Norway_009709.jpg,
Norway_009710.jpg,
Norway_009711.jpg,
Norway_009712.jpg,1 1502 1467 1738 1846
Norway_009713.jpg,
Norway_009714.jpg,
Norway_009715.jpg,
Norway_009716.jpg,
Norway_009717.jpg,
Norway_009718.jpg,
Norway_009719.jpg,
Norway_009720.jpg,
Norway_009721.jpg,
Norway_009722.jpg,
Norway_009723.jpg,
Norway_009724.jpg,
Norway_009725.jpg,1 570 1426 992 2037 1 337 1949 447 2032 1 583 1432 815 1833 1 926 1235 1074 1313 1 707 1831 988 2034
Norway_009726.jpg,
Norway_009727.jpg,
Norway_009728.jpg,
Norway_009729.jpg,
Norway_009730.jpg,1 1418 1178 2043 2022 4 3840 1754 3996 1926
Norway_009731.jpg,
Norway_009732.jpg,1 330 1786 537 2034 2 18 1707 462 1764 2 1000 1523 1962 1584 1 1992 1556 2512 2030 1 961 1198 1241 1461 1 1488 1326 1551 1469 1 0 1766 93 1906 1 0 1764 94 1981 1 1600 1160 2504 2029
Norway_009733.jpg,
Norway_009734.jpg,
Norway_009735.jpg,4 850 1355 951 1414
Norway_009736.jpg,
Norway_009737.jpg,1 1643 1582 1789 2035 1 858 1406 1298 2030 1 723 1358 1075 1668 1 0 1657 543 1987 1 1333 1366 1378 1438 1 456 1312 1027 1563 1 1256 1254 1361 1348 1 72 1562 393 1748
Norway_009738.jpg,1 1554 1398 1683 1744
Norway_009739.jpg,
Norway_009740.jpg,
Norway_009741.jpg,1 0 1271 832 1723
Norway_009742.jpg,
Norway_009743.jpg,
Norway_009744.jpg,
Norway_009745.jpg,1 1282 1374 1405 1637
Norway_009746.jpg,1 1143 1412 1272 1830
Norway_009747.jpg,1 1404 1309 1458 1421 1 1007 1204 1160 1286 1 370 1298 918 1519 1 0 1593 128 1716 1 0 1594 129 1771 1 370 1385 670 1516
Norway_009748.jpg,
Norway_009749.jpg,
Norway_009750.jpg,
Norway_009751.jpg,
Norway_009752.jpg,1 2158 1763 2438 2031 1 1579 1171 2101 1671
Norway_009753.jpg,
Norway_009754.jpg,1 1271 1157 1827 2026 1 1445 1421 1825 2025
Norway_009755.jpg,3 336 1530 992 2031 2 0 1770 490 1847
Norway_009756.jpg,
Norway_009757.jpg,1 305 1783 589 2032 1 1114 1479 1270 1726 1 641 1518 900 1740 1 0 1792 143 1970 1 646 1445 966 1736
Norway_009758.jpg,
Norway_009759.jpg,
Norway_009760.jpg,
Norway_009761.jpg,
Norway_009762.jpg,
Norway_009763.jpg,
Norway_009764.jpg,
Norway_009765.jpg,
Norway_009766.jpg,
Norway_009767.jpg,
Norway_009768.jpg,
Norway_009769.jpg,1 1015 1298 1152 1439
Norway_009770.jpg,
Norway_009771.jpg,
Norway_009772.jpg,1 0 1526 483 1807
Norway_009773.jpg,1 1692 1381 1762 1522 1 1607 1182 1763 1523
Norway_009774.jpg,
Norway_009775.jpg,2 1151 1659 1644 1731 1 1622 1510 1718 1888 1 1879 1878 1977 2035 1 1699 1269 1822 1435 2 1421 1457 1578 1536 2 769 1899 1278 1975 1 1417 1461 1513 1567 1 1693 1271 1761 1441 1 847 1219 1182 1426 1 1693 1329 1724 1441 1 591 1398 1066 1770 2 797 1901 1278 2005 1 1548 1264 1593 1435 2 1425 1554 1627 1596 2 1422 1530 1620 1588 1 1550 1139 1633 1436 1 1772 1460 1856 1680
Norway_009776.jpg,1 0 1618 375 2023 1 435 1377 632 1516 1 1367 1370 1508 2027 1 1220 1104 1281 1218 1 1666 1526 1918 2001 1 500 1284 949 1609 1 488 1206 1032 1610
Norway_009777.jpg,
Norway_009778.jpg,1 1031 1397 1206 1701 1 804 1718 944 2034 1 100 1870 279 2033 1 540 1467 942 1719 1 115 1574 592 1865 1 887 1234 1145 1448 1 1210 1225 1392 1370 2 87 1821 644 1883 1 779 1348 880 1453 3 1387 1126 1557 1279 1 1234 1137 1317 1226 1 0 1384 631 1663
Norway_009779.jpg,
Norway_009780.jpg,
Norway_009781.jpg,
Norway_009782.jpg,
Norway_009783.jpg,1 238 1521 881 2030 1 240 1267 1229 2028
Norway_009784.jpg,
Norway_009785.jpg,
Norway_009786.jpg,
Norway_009787.jpg,1 743 1327 1184 1663 1 882 1677 1130 2026 1 1458 1277 1546 1607 1 1089 1302 1331 1558 1 0 1564 464 1947 1 0 1572 452 1846 1 1639 1313 1681 1382 1 1353 1226 1412 1296 1 922 1229 1142 1320
Norway_009788.jpg,1 1005 1639 1242 2030 1 910 1373 1174 1599
Norway_009789.jpg,
Norway_009790.jpg,
Norway_009791.jpg,
Norway_009792.jpg,
Norway_009793.jpg,
Norway_009794.jpg,
Norway_009795.jpg,2 279 1490 1232 1583 1 1373 1360 1419 1438
Norway_009796.jpg,
Norway_009797.jpg,
Norway_009798.jpg,
Norway_009799.jpg,
Norway_009800.jpg,1 1068 1186 1396 2033 1 203 1268 933 1557 1 435 1260 925 1565 1 0 1580 279 2004 1 0 1581 274 1873 1 455 1453 629 1561
Norway_009801.jpg,2 498 1548 1822 1795 1 1492 1894 1574 2033 1 1403 1726 1479 1982 1 1494 1387 1623 1733 1 1427 1191 1538 1457
Norway_009802.jpg,
Norway_009803.jpg,
Norway_009804.jpg,
Norway_009805.jpg,
Norway_009806.jpg,
Norway_009807.jpg,
Norway_009808.jpg,
Norway_009809.jpg,
Norway_009810.jpg,1 25 1336 1371 1805 1 1322 1260 1494 2026 2 30 1334 1375 1803
Norway_009811.jpg,
Norway_009812.jpg,1 616 1172 1074 1480
Norway_009813.jpg,
Norway_009814.jpg,
Norway_009815.jpg,
Norway_009816.jpg,
Norway_009817.jpg,2 415 1386 1678 1599
Norway_009818.jpg,1 1501 1240 2105 2025 1 1686 1515 2099 2024
Norway_009819.jpg,
Norway_009820.jpg,
Norway_009821.jpg,
Norway_009822.jpg,
Norway_009823.jpg,2 1339 1751 1707 2012 1 735 1178 956 1291
Norway_009824.jpg,1 859 1429 1133 1620 1 623 1678 879 1887 2 4 1649 867 1739 2 28 1646 2061 1764
Norway_009825.jpg,
Norway_009826.jpg,1 1538 1703 1663 1867
Norway_009827.jpg,
Norway_009828.jpg,
Norway_009829.jpg,1 1619 1494 1763 2030 1 1516 1204 1601 1515
Norway_009830.jpg,
Norway_009831.jpg,
Norway_009832.jpg,
Norway_009833.jpg,
Norway_009834.jpg,
Norway_009835.jpg,
Norway_009836.jpg,
Norway_009837.jpg,
Norway_009838.jpg,
Norway_009839.jpg,
Norway_009840.jpg,
Norway_009841.jpg,
Norway_009842.jpg,1 1545 1317 1653 1445 1 1574 1797 1765 1975 1 1674 1432 1765 1637 1 0 1305 835 1749 1 0 1403 583 1722
Norway_009843.jpg,
Norway_009844.jpg,
Norway_009845.jpg,
Norway_009846.jpg,
Norway_009847.jpg,
Norway_009848.jpg,
Norway_009849.jpg,4 2518 1265 2698 1346
Norway_009850.jpg,1 2 1381 635 1713
Norway_009851.jpg,1 1722 1540 1862 2029 1 1636 1380 1698 1554 1 1553 1163 1612 1287
Norway_009852.jpg,
Norway_009853.jpg,
Norway_009854.jpg,1 1301 1143 1930 2010
Norway_009855.jpg,
Norway_009856.jpg,
Norway_009857.jpg,2 1057 1783 1476 1882 1 872 1423 1140 1652 2 1544 1355 1698 1423 4 1317 1417 1429 1538
Norway_009858.jpg,
Norway_009859.jpg,
Norway_009860.jpg,
Norway_009861.jpg,
Norway_009862.jpg,
Norway_009863.jpg,
Norway_009864.jpg,4 2342 1496 2516 1588
Norway_009865.jpg,
Norway_009866.jpg,
Norway_009867.jpg,
Norway_009868.jpg,
Norway_009869.jpg,1 738 1541 878 1651 1 976 1094 1437 1446
Norway_009870.jpg,
Norway_009871.jpg,
Norway_009872.jpg,
Norway_009873.jpg,1 1408 1246 1604 1644
Norway_009874.jpg,
Norway_009875.jpg,
Norway_009876.jpg,1 711 1250 1093 1466 1 1414 1600 1559 2036 1 1747 1927 1834 2035 1 1447 1161 1514 1376 1 1 1508 517 1784 1 1367 1463 1418 1561
Norway_009877.jpg,
Norway_009878.jpg,1 1230 1828 1381 2030 1 1226 1833 1338 2032 2 1363 1523 1542 1606 1 1049 1512 1295 2035
Norway_009879.jpg,1 0 1170 1161 2022 1 1204 1212 1297 1337 1 674 1181 985 1335
Norway_009880.jpg,1 0 1301 927 2011
Norway_009881.jpg,
Norway_009882.jpg,
Norway_009883.jpg,1 918 1136 1304 1557 1 1580 1563 1730 2033 1 0 1554 799 1942 1 1521 1275 1734 2031 1 1501 1195 1636 1544
Norway_009884.jpg,1 0 1253 917 1714
Norway_009885.jpg,
Norway_009886.jpg,
Norway_009887.jpg,3 1637 1437 1926 1832 1 1346 1284 1523 1465 1 1865 1224 1908 1307
Norway_009888.jpg,
Norway_009889.jpg,
Norway_009890.jpg,3 1348 1290 1864 2016 3 1265 1143 1438 1389 1 1617 1279 1675 1407
Norway_009891.jpg,
Norway_009892.jpg,1 1453 1669 1695 2017
Norway_009893.jpg,
Norway_009894.jpg,
Norway_009895.jpg,1 384 1302 1134 2014 1 1067 1763 1222 2035 1 1190 1452 1234 1521 1 1174 1269 1423 2037
Norway_009896.jpg,
Norway_009897.jpg,1 93 1361 729 1679 1 0 1362 732 1853
Norway_009898.jpg,
Norway_009899.jpg,
Norway_009900.jpg,
Norway_009901.jpg,
Norway_009902.jpg,
Norway_009903.jpg,2 1429 1672 2119 1938 2 1009 1669 2120 2032
Norway_009904.jpg,
Norway_009905.jpg,1 13 1437 848 2001 1 786 1268 1069 1433 1 56 1769 409 2027 1 1222 1294 1367 1448
Norway_009906.jpg,2 81 1644 998 1694
Norway_009907.jpg,1 783 1607 1092 1922 1 1617 1202 1887 1536 1 1842 1556 1939 1742 1 1227 1234 1368 1384 1 1086 1304 1165 1374 1 0 1537 174 1658 2 645 1572 1045 1656 2 1163 1526 1879 1575 4 1043 1464 1177 1598
Norway_009908.jpg,1 218 1541 805 2026 1 1517 1318 1758 2029
Norway_009909.jpg,
Norway_009910.jpg,
Norway_009911.jpg,1 1 1321 873 1995
Norway_009912.jpg,
Norway_009913.jpg,3 1451 1590 2089 2037 4 1831 1399 2011 1486 1 1498 1308 1555 1423 2 888 1413 1780 1466 2 800 1557 1903 1614
Norway_009914.jpg,
Norway_009915.jpg,
Norway_009916.jpg,2 802 1527 1193 1589
Norway_009917.jpg,1 1570 1850 1663 2033 1 421 1468 998 2029 1 1006 1226 1226 1444 1 767 1457 995 1684 1 1508 1298 1572 1363 1 1599 1369 1634 1418 1 1233 1110 1359 1216
Norway_009918.jpg,
Norway_009919.jpg,1 1383 1404 1701 2018
Norway_009920.jpg,
Norway_009921.jpg,
Norway_009922.jpg,
Norway_009923.jpg,
Norway_009924.jpg,
Norway_009925.jpg,1 1265 1501 1330 1676 1 1285 1203 1352 1281
Norway_009926.jpg,
Norway_009927.jpg,
Norway_009928.jpg,
Norway_009929.jpg,
Norway_009930.jpg,1 790 1323 968 1456 1 437 1217 921 1455 1 791 1229 1084 1453 1 434 1278 814 1454
Norway_009931.jpg,1 1337 1201 1628 1594
Norway_009932.jpg,1 791 1527 961 1725 2 245 1487 1870 1570 1 581 1399 692 1498 1 0 1517 433 1946
Norway_009933.jpg,
Norway_009934.jpg,
Norway_009935.jpg,
Norway_009936.jpg,
Norway_009937.jpg,
Norway_009938.jpg,
Norway_009939.jpg,
Norway_009940.jpg,
Norway_009941.jpg,1 0 1483 614 2024 1 1406 1672 1613 2035 1 1886 1649 2075 2035 1 631 1210 1156 1569 1 1643 1314 1927 1602 1 1372 1211 1522 1590 2 1579 1847 1938 1905
Norway_009942.jpg,1 1671 1619 1870 2030 1 1727 1891 1787 2031
Norway_009943.jpg,
Norway_009944.jpg,
Norway_009945.jpg,
Norway_009946.jpg,1 7 1233 972 1993
Norway_009947.jpg,
Norway_009948.jpg,
Norway_009949.jpg,
Norway_009950.jpg,3 1543 1458 1707 1632 1 1516 1184 1595 1358
Norway_009951.jpg,
Norway_009952.jpg,
Norway_009953.jpg,1 1 1257 786 1707 1 417 1638 785 2030 2 5 1584 1804 1681
Norway_009954.jpg,
Norway_009955.jpg,
Norway_009956.jpg,
Norway_009957.jpg,
Norway_009958.jpg,2 0 1792 2166 1902 1 1509 1206 1565 1315
Norway_009959.jpg,
Norway_009960.jpg,1 1058 1259 1335 1493 2 237 1472 1707 1556
Norway_009961.jpg,
Norway_009962.jpg,1 0 1513 535 1760 1 0 1514 536 1865
Norway_009963.jpg,3 736 1417 1272 2016 1 38 1359 900 1811
Norway_009964.jpg,
Norway_009965.jpg,
Norway_009966.jpg,1 1269 1453 1460 2027 2 762 1734 1314 1805
Norway_009967.jpg,
Norway_009968.jpg,
Norway_009969.jpg,
Norway_009970.jpg,
Norway_009971.jpg,
Norway_009972.jpg,
Norway_009973.jpg,
Norway_009974.jpg,
Norway_009975.jpg,
Norway_009976.jpg,
Norway_009977.jpg,
Norway_009978.jpg,
Norway_009979.jpg,
Norway_009980.jpg,1 1681 1857 1812 2039 1 1407 1460 1442 1538 1 1647 1964 1687 2039 3 1415 1279 1509 1386
Norway_009981.jpg,1 1342 1180 1951 2019
Norway_009982.jpg,
Norway_009983.jpg,
Norway_009984.jpg,1 0 1206 1156 1973
Norway_009985.jpg,
Norway_009986.jpg,
Norway_009987.jpg,
Norway_009988.jpg,
Norway_009989.jpg,
Norway_009990.jpg,
Norway_009991.jpg,
Norway_009992.jpg,
Norway_009993.jpg,
Norway_009994.jpg,1 1054 1455 1515 2027 1 0 1337 886 1899 1 1346 1294 1406 1363
Norway_009995.jpg,
Norway_009996.jpg,
Norway_009997.jpg,
Norway_009998.jpg,
Norway_009999.jpg,
Norway_010000.jpg,
Norway_010001.jpg,
Norway_010002.jpg,
Norway_010003.jpg,1 1907 1512 2115 1728
Norway_010004.jpg,
Norway_010005.jpg,
Norway_010006.jpg,
Norway_010007.jpg,1 4 1249 1090 2029 1 1097 1299 1278 1570 1 301 1252 893 1522
Norway_010008.jpg,
Norway_010009.jpg,
Norway_010010.jpg,
Norway_010011.jpg,
Norway_010012.jpg,
Norway_010013.jpg,1 2377 1839 2566 2032 1 1079 1457 1455 2029 1 1232 1212 1293 1292 1 1474 1307 1533 1470 1 1085 1297 1537 2028
Norway_010014.jpg,
Norway_010015.jpg,
Norway_010016.jpg,
Norway_010017.jpg,
Norway_010018.jpg,
Norway_010019.jpg,1 1342 1194 1880 2022
Norway_010020.jpg,
Norway_010021.jpg,
Norway_010022.jpg,
Norway_010023.jpg,
Norway_010024.jpg,
Norway_010025.jpg,
Norway_010026.jpg,
Norway_010027.jpg,
Norway_010028.jpg,1 629 1132 966 1340 1 629 1187 890 1341
Norway_010029.jpg,
Norway_010030.jpg,
Norway_010031.jpg,1 383 1358 741 1646
Norway_010032.jpg,
Norway_010033.jpg,
Norway_010034.jpg,
Norway_010035.jpg,
Norway_010036.jpg,
Norway_010037.jpg,1 1420 1678 1487 1810 1 1420 1609 1509 1812
Norway_010038.jpg,1 1388 1186 1905 2013
Norway_010039.jpg,1 1365 1586 1426 1771 1 739 1277 850 1381 1 1492 1722 1575 2037 1 1285 1394 1336 1586 1 978 1123 1050 1286
Norway_010040.jpg,1 1790 1614 2268 2034
Norway_010041.jpg,
Norway_010042.jpg,
Norway_010043.jpg,
Norway_010044.jpg,
Norway_010045.jpg,1 1599 1512 1743 2034 1 1312 1555 1393 1840 1 30 1298 1237 1843 1 1324 1421 1479 1532 1 1325 1365 1479 1536 1 1525 1297 1593 1402 1 1266 1203 1500 1370 1 0 1670 353 2014 1 63 1663 344 1795
Norway_010046.jpg,
Norway_010047.jpg,
Norway_010048.jpg,
Norway_010049.jpg,
Norway_010050.jpg,
Norway_010051.jpg,1 1531 1231 1989 2026
Norway_010052.jpg,
Norway_010053.jpg,
Norway_010054.jpg,
Norway_010055.jpg,
Norway_010056.jpg,
Norway_010057.jpg,
Norway_010058.jpg,1 1550 1256 1767 1601
Norway_010059.jpg,1 1489 1362 1659 2018
Norway_010060.jpg,2 0 1661 1791 1770
Norway_010061.jpg,4 571 1825 741 2005 4 760 1866 873 1942
Norway_010062.jpg,1 1643 1395 1799 1878 2 0 1863 518 1972 1 1631 1254 1710 1382 2 1 1960 495 2044 1 590 1223 1254 1839 2 805 1840 1747 1930 3 437 1704 887 2029 1 807 1224 1252 1652 1 707 1225 1252 1739
Norway_010063.jpg,
Norway_010064.jpg,
Norway_010065.jpg,
Norway_010066.jpg,
Norway_010067.jpg,
Norway_010068.jpg,
Norway_010069.jpg,
Norway_010070.jpg,1 901 1370 1234 2030 1 0 1532 616 1957 1 621 1295 950 1504
Norway_010071.jpg,
Norway_010072.jpg,1 74 1798 422 2036 1 462 1561 783 1816 1 1392 1667 1521 1799 1 1536 1358 1621 1912 1 1302 1866 1358 2036 1 1218 1186 1330 1264 1 1457 1923 1499 2026
Norway_010073.jpg,1 3 1495 356 1681 1 795 1070 1279 1298 1 788 1146 1146 1298 1 0 1490 356 1785
Norway_010074.jpg,
Norway_010075.jpg,
Norway_010076.jpg,
Norway_010077.jpg,
Norway_010078.jpg,
Norway_010079.jpg,
Norway_010080.jpg,
Norway_010081.jpg,
Norway_010082.jpg,1 572 1466 823 1643 1 569 1714 725 1848
Norway_010083.jpg,
Norway_010084.jpg,
Norway_010085.jpg,
Norway_010086.jpg,
Norway_010087.jpg,1 1349 1191 1874 2025 1 1436 1332 1871 2025
Norway_010088.jpg,1 1550 1127 1619 1265
Norway_010089.jpg,
Norway_010090.jpg,1 1167 1478 1262 1671 1 825 1293 1001 1415
Norway_010091.jpg,
Norway_010092.jpg,
Norway_010093.jpg,
Norway_010094.jpg,
Norway_010095.jpg,
Norway_010096.jpg,
Norway_010097.jpg,
Norway_010098.jpg,
Norway_010099.jpg,2 1087 1518 1727 1660
Norway_010100.jpg,
Norway_010101.jpg,
Norway_010102.jpg,
Norway_010103.jpg,3 1529 1387 1797 1622 2 1170 1800 1982 2025 3 1 1348 748 1747
Norway_010104.jpg,
Norway_010105.jpg,
Norway_010106.jpg,
Norway_010107.jpg,
Norway_010108.jpg,1 1740 1502 2084 2029
Norway_010109.jpg,
Norway_010110.jpg,1 283 1524 831 2011
Norway_010111.jpg,
Norway_010112.jpg,
Norway_010113.jpg,
Norway_010114.jpg,1 532 1325 617 1401
Norway_010115.jpg,1 630 1261 906 1399 1 1792 1674 1985 2038 1 1642 1381 1777 1634
Norway_010116.jpg,
Norway_010117.jpg,1 3866 1293 4021 1675
Norway_010118.jpg,1 582 1691 694 2030 1 2415 1670 2632 2025
Norway_010119.jpg,
Norway_010120.jpg,
Norway_010121.jpg,1 517 1244 984 1542 1 1296 1190 1384 1277
Norway_010122.jpg,
Norway_010123.jpg,3 1264 1466 1789 2019
Norway_010124.jpg,1 1367 1244 1433 1307
Norway_010125.jpg,1 682 1226 1285 1783 1 678 1450 1057 1783
Norway_010126.jpg,
Norway_010127.jpg,
Norway_010128.jpg,1 1289 1767 1379 2038 3 1301 1291 1886 2037 4 1411 1453 1481 1527
Norway_010129.jpg,
Norway_010130.jpg,1 1417 1311 1636 1603
Norway_010131.jpg,
Norway_010132.jpg,
Norway_010133.jpg,
Norway_010134.jpg,
Norway_010135.jpg,
Norway_010136.jpg,3 53 1477 816 2017 1 64 1506 595 1913 1 1555 1589 1700 1951 3 1327 1503 1755 1950 1 1329 1490 1510 1655 1 1334 1493 1722 1949 1 61 1485 816 1928
Norway_010137.jpg,4 2756 1777 3155 2033
Norway_010138.jpg,1 284 1428 521 1533
Norway_010139.jpg,1 1663 1699 1795 2033 1 1039 1155 1353 1424 1 186 1399 724 1665 1 835 1226 926 1278 3 1519 1096 1697 1412 2 1292 1486 1904 1535
Norway_010140.jpg,
Norway_010141.jpg,
Norway_010142.jpg,
Norway_010143.jpg,
Norway_010144.jpg,1 1455 1181 1608 1603 1 307 1801 619 2031 1 962 1216 1169 1312
Norway_010145.jpg,
Norway_010146.jpg,
Norway_010147.jpg,1 567 1264 857 1424
Norway_010148.jpg,1 14 1610 743 2021
Norway_010149.jpg,
Norway_010150.jpg,
Norway_010151.jpg,
Norway_010152.jpg,
Norway_010153.jpg,1 1635 1455 1846 2035
Norway_010154.jpg,
Norway_010155.jpg,
Norway_010156.jpg,
Norway_010157.jpg,1 1 1502 434 1732 1 1547 1202 1600 1310
Norway_010158.jpg,1 779 1899 927 2035 1 1679 1754 1767 2041 1 965 1432 1203 1591 3 1514 1405 1620 1621 1 1542 1869 1588 1961 1 1503 1730 1538 1825 1 1523 1865 1588 2001
Norway_010159.jpg,
Norway_010160.jpg,
Norway_010161.jpg,
Norway_010162.jpg,
Norway_010163.jpg,
Norway_010164.jpg,
Norway_010165.jpg,1 983 1341 1126 2030 1 984 1658 1110 2030
Norway_010166.jpg,
Norway_010167.jpg,
Norway_010168.jpg,
Norway_010169.jpg,
Norway_010170.jpg,
Norway_010171.jpg,1 1751 1757 1938 2038 2 0 1562 1555 1634
Norway_010172.jpg,
Norway_010173.jpg,
Norway_010174.jpg,
Norway_010175.jpg,
Norway_010176.jpg,1 433 1518 849 1880 1 4 1688 315 2033 1 1408 1254 1620 1958 1 1198 1870 1373 1988 1 1490 1709 1593 2032
Norway_010177.jpg,1 0 1515 635 2012 1 1077 1480 1183 1842 1 616 1742 911 2037 1 768 1747 911 1937 1 1500 1222 1569 1428 1 579 1563 671 1656
Norway_010178.jpg,1 1201 1265 1380 1448
Norway_010179.jpg,
Norway_010180.jpg,
Norway_010181.jpg,
Norway_010182.jpg,1 1 1122 817 1504
Norway_010183.jpg,1 0 1480 323 1786 1 0 1481 319 1686
Norway_010184.jpg,
Norway_010185.jpg,
Norway_010186.jpg,1 1935 1932 1999 2035
Norway_010187.jpg,
Norway_010188.jpg,
Norway_010189.jpg,
Norway_010190.jpg,
Norway_010191.jpg,
Norway_010192.jpg,1 1583 1346 1678 1493 2 0 1500 1838 1581 1 1276 1129 1354 1195 1 1462 1087 1516 1149
Norway_010193.jpg,
Norway_010194.jpg,1 1254 1431 1452 2041 2 1330 1643 1789 1758 1 431 1356 584 1433
Norway_010195.jpg,
Norway_010196.jpg,
Norway_010197.jpg,
Norway_010198.jpg,
Norway_010199.jpg,
Norway_010200.jpg,
