United_States_004805.jpg,2 288 493 375 513
United_States_004806.jpg,3 73 379 394 588 2 387 536 569 578 2 473 584 639 627
United_States_004807.jpg,3 195 480 353 639 1 75 483 292 633
United_States_004808.jpg,1 370 477 398 536 1 364 477 402 590
United_States_004809.jpg,1 297 444 345 502 2 331 561 454 586 1 309 503 350 639 1 82 490 272 639
United_States_004810.jpg,2 230 450 352 471 1 374 491 436 558
United_States_004811.jpg,1 221 378 266 454
United_States_004812.jpg,1 434 535 542 637
United_States_004813.jpg,2 149 534 368 580 1 371 525 533 639
United_States_004814.jpg,1 96 424 166 565 1 282 407 376 546 2 37 511 111 526
United_States_004815.jpg,1 232 512 276 635
United_States_004816.jpg,1 145 420 237 569 1 458 509 571 640
United_States_004817.jpg,1 306 402 455 599 1 329 387 407 465 2 446 566 547 604 1 39 469 137 620 2 133 521 336 575 1 37 400 197 618
United_States_004818.jpg,
United_States_004819.jpg,1 470 575 525 640
United_States_004820.jpg,2 157 452 497 492 1 434 386 510 498
United_States_004821.jpg,1 147 360 180 455 1 382 526 478 640 1 201 364 217 401 1 125 464 177 640 1 296 593 333 640
United_States_004822.jpg,3 398 464 592 639 2 151 453 263 473 1 521 423 639 493 2 143 477 260 494 2 102 478 261 496 3 521 424 640 493
United_States_004823.jpg,1 304 439 334 566 1 306 392 328 446
United_States_004824.jpg,1 143 522 243 639
United_States_004825.jpg,1 90 451 153 585 1 171 382 204 456 2 161 505 245 535
United_States_004826.jpg,1 115 422 183 640 2 528 578 640 626 2 153 559 538 640
United_States_004827.jpg,2 103 454 251 489 2 105 455 223 485
United_States_004828.jpg,1 117 479 158 584 2 188 448 261 474 2 385 433 453 458
United_States_004829.jpg,2 0 506 263 549
United_States_004830.jpg,1 201 430 314 562 1 122 425 318 638
United_States_004831.jpg,1 158 441 179 494
United_States_004832.jpg,1 441 516 565 639 1 286 389 398 640
United_States_004833.jpg,1 273 434 319 640
United_States_004834.jpg,1 363 483 404 542 1 216 570 262 640 1 191 572 263 640
United_States_004835.jpg,1 211 451 262 541 1 213 450 290 639
United_States_004836.jpg,2 258 457 494 493 1 236 373 267 635 1 237 374 266 554 1 61 414 200 636 3 64 415 200 636
United_States_004837.jpg,3 51 426 196 620 1 264 480 281 518 2 441 424 566 459 1 362 489 473 599
United_States_004838.jpg,2 57 499 168 529
United_States_004839.jpg,2 383 495 534 560 2 0 563 137 592 1 428 453 486 513 2 2 443 184 474 1 400 398 435 424 2 380 491 584 560
United_States_004840.jpg,1 292 435 351 559
United_States_004841.jpg,2 41 510 449 622 1 231 412 271 540
United_States_004842.jpg,1 102 481 196 638
United_States_004843.jpg,1 142 379 279 570
United_States_004844.jpg,1 421 448 637 615
United_States_004845.jpg,1 360 468 433 579 2 174 464 353 501
United_States_004846.jpg,3 52 428 347 627 1 477 559 564 639 1 316 399 452 536 1 432 411 595 463 1 329 404 560 639 1 433 411 595 485 1 533 455 549 485
United_States_004847.jpg,1 39 433 238 605
United_States_004848.jpg,1 168 442 184 484 2 490 559 640 638 1 292 477 343 555 2 26 564 75 586 1 384 526 448 610 1 131 416 158 454 1 381 526 464 631
United_States_004849.jpg,1 372 422 560 640
United_States_004850.jpg,2 448 568 556 584
United_States_004851.jpg,1 185 463 241 560 1 169 463 241 640
United_States_004852.jpg,1 361 561 421 640
United_States_004853.jpg,1 208 388 277 549 2 141 536 483 635 2 315 455 415 476 1 370 416 575 634 1 0 426 65 518
United_States_004854.jpg,1 112 573 145 640 2 0 436 203 458
United_States_004855.jpg,1 327 432 489 638 2 98 466 208 483 1 120 523 157 580
United_States_004856.jpg,1 162 420 214 494 1 409 387 609 619 2 1 547 149 582 1 139 503 197 579 1 0 433 110 544 1 461 454 610 621
United_States_004857.jpg,2 14 411 210 443
United_States_004858.jpg,1 0 469 87 614 2 501 458 632 551 1 0 392 137 612
United_States_004859.jpg,2 93 470 337 518 1 274 425 310 477
United_States_004860.jpg,2 185 452 349 483 1 324 399 547 639
United_States_004861.jpg,1 307 444 344 636 2 168 422 512 458 2 216 429 509 457 1 350 381 405 536
United_States_004862.jpg,1 119 441 192 577 1 305 433 361 562
United_States_004863.jpg,1 85 410 167 524 1 117 510 188 639 2 366 612 505 639
United_States_004864.jpg,2 499 513 595 543 1 409 407 577 635 1 334 548 369 640 1 407 401 450 480
United_States_004865.jpg,2 217 432 315 461
United_States_004866.jpg,2 185 463 292 503 2 76 472 178 497 2 353 424 482 458
United_States_004867.jpg,
United_States_004868.jpg,1 232 605 264 639 1 305 540 421 639
United_States_004869.jpg,1 60 415 170 631 2 0 496 119 518 1 429 459 504 504
United_States_004870.jpg,2 190 571 544 623 1 338 444 384 549
United_States_004871.jpg,3 175 386 445 639 1 0 500 186 610
United_States_004872.jpg,1 0 406 179 547
United_States_004873.jpg,1 411 566 466 624
United_States_004874.jpg,1 344 413 461 545 1 154 513 215 612 2 0 440 219 464
United_States_004875.jpg,1 308 410 390 561 1 179 435 232 576 1 171 428 189 456 2 80 526 180 546 2 381 530 479 551 1 377 377 637 541 1 508 448 640 539
United_States_004876.jpg,1 373 432 512 638 1 0 473 147 613 1 0 543 56 619
United_States_004877.jpg,1 57 517 162 639 2 345 474 476 497 1 444 509 536 631 1 212 408 282 555 1 349 376 413 463
United_States_004878.jpg,1 381 449 574 636 1 136 437 188 557 1 270 401 304 540 1 339 417 574 636
United_States_004879.jpg,1 288 514 350 571
United_States_004880.jpg,1 204 481 233 640 2 0 564 129 586
United_States_004881.jpg,4 242 504 262 537 2 113 428 251 446 4 253 464 274 481
United_States_004882.jpg,1 59 501 121 580 1 99 434 139 482 1 240 361 255 397 1 190 406 225 546
United_States_004883.jpg,2 0 472 357 561 2 0 476 357 598
United_States_004884.jpg,3 283 380 637 639 1 143 361 179 640 1 325 472 532 639
United_States_004885.jpg,2 434 523 560 583
United_States_004886.jpg,1 235 533 286 639
United_States_004887.jpg,1 362 425 414 493 1 369 498 409 568 1 314 412 359 503
United_States_004888.jpg,1 309 462 424 640 1 0 447 102 606 2 0 485 50 504
United_States_004889.jpg,3 0 363 529 639 2 340 439 546 461
United_States_004890.jpg,1 404 437 478 544 1 221 444 238 477 1 404 435 568 639
United_States_004891.jpg,1 447 433 639 581
United_States_004892.jpg,
United_States_004893.jpg,1 340 495 393 634 1 414 596 495 640 1 413 596 470 640
United_States_004894.jpg,1 0 400 98 524
United_States_004895.jpg,
United_States_004896.jpg,1 392 407 492 546 2 514 498 575 511 1 392 407 552 637
United_States_004897.jpg,2 79 446 509 532 1 419 386 640 582 2 69 494 314 532 2 105 456 226 477
United_States_004898.jpg,1 198 453 240 604 2 433 587 481 637 2 367 587 434 624 2 367 601 432 624
United_States_004899.jpg,1 347 446 538 638 3 153 426 541 639 3 152 423 424 639
United_States_004900.jpg,1 369 520 389 577 1 462 509 586 640
United_States_004901.jpg,1 55 453 130 639 1 134 375 161 427
United_States_004902.jpg,1 192 389 254 500 1 111 549 171 639 3 270 413 336 542
United_States_004903.jpg,1 86 504 243 640
United_States_004904.jpg,3 313 393 504 639 2 84 432 234 450
United_States_004905.jpg,3 272 459 369 640 2 177 462 306 480
United_States_004906.jpg,2 251 532 380 562
United_States_004907.jpg,1 174 463 201 543 1 483 478 629 594
United_States_004908.jpg,1 47 533 116 624 2 337 458 567 550 1 317 540 379 639 1 246 380 313 539 1 505 495 639 577
United_States_004909.jpg,1 412 469 451 535 1 489 535 561 639
United_States_004910.jpg,3 1 371 632 639
United_States_004911.jpg,1 456 466 594 634 1 66 453 198 624 1 388 395 404 425 1 227 363 294 454 2 70 436 456 468 2 71 436 344 467 2 0 544 108 573 1 343 460 363 532
United_States_004912.jpg,1 64 549 146 620 3 201 490 255 639
United_States_004913.jpg,3 389 414 618 493 2 457 525 638 550 2 86 495 359 530 2 85 496 223 515
United_States_004914.jpg,1 364 405 388 478 1 297 386 326 478 2 298 503 496 543 1 374 535 424 640
United_States_004915.jpg,3 299 403 561 635 2 0 550 199 583 2 555 511 639 534
United_States_004916.jpg,1 145 455 203 560 1 93 453 203 638
United_States_004917.jpg,1 432 449 560 637 2 2 504 453 549 1 198 542 248 639 1 247 420 280 523
United_States_004918.jpg,1 411 488 557 638 1 325 395 558 638 2 128 477 393 550 2 133 531 238 549
United_States_004919.jpg,1 481 576 537 627
United_States_004920.jpg,1 158 377 284 638 1 330 415 388 635 1 415 466 559 639
United_States_004921.jpg,3 5 384 212 620
United_States_004922.jpg,1 112 406 174 553 1 63 590 103 639 2 200 471 569 561 1 360 514 429 597
United_States_004923.jpg,1 463 574 538 640 2 487 591 582 610
United_States_004924.jpg,1 231 550 262 639
United_States_004925.jpg,1 239 410 274 479 2 101 489 242 513 2 543 583 639 631
United_States_004926.jpg,1 396 430 595 626 1 523 487 639 584
United_States_004927.jpg,4 349 562 376 581
United_States_004928.jpg,1 397 403 496 639
United_States_004929.jpg,1 84 430 129 549
United_States_004930.jpg,2 437 490 527 524 1 265 435 329 540 2 510 505 575 528
United_States_004931.jpg,1 383 465 563 639 1 320 381 367 437 1 437 414 551 478 1 69 477 178 639 1 187 393 227 474 1 70 402 224 638
United_States_004932.jpg,1 245 389 473 638 1 167 457 200 594 3 12 443 113 495
United_States_004933.jpg,1 0 523 133 619 3 207 497 277 639
United_States_004934.jpg,1 200 406 253 504 2 0 507 109 530
United_States_004935.jpg,1 0 548 48 623 2 128 409 211 425 1 74 389 144 519 1 0 396 141 623
United_States_004936.jpg,1 0 363 109 595
United_States_004937.jpg,1 180 393 260 558 2 0 581 117 607 1 0 390 136 475 1 369 461 457 559 1 362 543 416 639
United_States_004938.jpg,2 93 473 328 505 1 325 449 341 482 2 91 483 242 504
United_States_004939.jpg,1 55 391 151 640 2 113 415 333 447
United_States_004940.jpg,1 22 398 194 622 2 0 463 136 493
United_States_004941.jpg,1 365 479 452 634 2 0 547 222 571 4 235 547 257 563
United_States_004942.jpg,3 44 410 326 620
United_States_004943.jpg,2 280 539 401 558 1 197 538 282 640
United_States_004944.jpg,2 313 482 476 523 2 7 574 141 598 1 255 372 336 639 2 325 429 431 450 2 576 491 640 519 2 25 439 262 487 1 255 371 320 544 2 28 448 230 489
United_States_004945.jpg,1 474 543 591 639 1 233 396 264 640 2 148 440 357 466 1 356 490 375 524
United_States_004946.jpg,1 156 410 289 638 1 544 446 639 524
United_States_004947.jpg,1 327 437 478 577
United_States_004948.jpg,1 236 424 270 500 2 5 526 182 559 1 315 412 370 538 1 231 532 265 640
United_States_004949.jpg,2 0 501 461 592
United_States_004950.jpg,
United_States_004951.jpg,1 198 431 386 639 1 122 375 152 430 2 210 519 271 537
United_States_004952.jpg,2 118 575 378 638 1 315 391 471 638 1 464 402 502 434 1 233 454 258 546 1 0 488 103 607 2 349 425 484 442
United_States_004953.jpg,1 0 468 79 618 2 466 599 639 640 2 0 440 215 476 2 0 413 364 475 1 213 456 297 639 1 184 353 221 419
United_States_004954.jpg,3 10 390 421 623 1 203 447 241 640
United_States_004955.jpg,3 95 359 608 638
United_States_004956.jpg,2 297 586 432 620 1 221 365 249 508 2 0 475 217 506
United_States_004957.jpg,2 1 444 546 599 1 119 582 161 639
United_States_004958.jpg,2 0 467 187 503 1 415 551 557 639
United_States_004959.jpg,1 394 534 457 639 1 394 533 487 640
United_States_004960.jpg,1 447 465 593 621 2 0 459 465 517 2 6 544 133 567 1 253 405 268 435 1 130 465 178 564 2 0 451 463 537 2 53 429 194 449
United_States_004961.jpg,1 0 416 100 609 3 349 429 640 628 1 224 381 340 478 2 96 444 197 463 1 347 427 639 627 1 224 382 301 470 2 235 477 403 540
United_States_004962.jpg,1 65 379 190 638 1 223 388 334 640
United_States_004963.jpg,1 346 403 471 638 1 163 458 229 544 1 59 531 142 639 1 59 460 230 637 2 372 431 496 451
United_States_004964.jpg,1 418 500 557 638 1 196 402 238 512 2 289 484 474 530 1 0 418 134 595
United_States_004965.jpg,1 204 374 278 640 2 60 449 228 471 1 170 473 229 632 1 200 473 231 547 2 29 580 223 613 2 284 469 399 519 1 389 515 464 627
United_States_004966.jpg,2 336 478 504 526
United_States_004967.jpg,1 106 532 148 633
United_States_004968.jpg,1 40 442 125 618
United_States_004969.jpg,3 93 394 359 639 2 268 491 497 536 2 291 577 401 604 2 360 492 498 532
United_States_004970.jpg,1 32 432 192 599 1 60 410 153 462
United_States_004971.jpg,1 330 444 357 552 1 334 442 355 499
United_States_004972.jpg,1 0 510 124 613
United_States_004973.jpg,1 130 468 228 585 1 137 396 221 468 2 58 440 639 478 1 0 443 80 508 1 0 487 75 575
United_States_004974.jpg,1 158 396 213 524 1 33 389 131 440 2 0 429 181 451
United_States_004975.jpg,1 93 415 234 634
United_States_004976.jpg,3 144 399 276 555
United_States_004977.jpg,1 0 536 109 613 2 280 540 373 582 1 283 535 373 582 1 243 492 306 639 2 279 558 371 582
United_States_004978.jpg,1 258 560 291 639 1 40 414 173 604 1 124 415 174 581
United_States_004979.jpg,1 24 449 85 509 1 118 392 149 426
United_States_004980.jpg,1 0 428 152 556 2 286 446 423 467 2 60 491 212 516 1 161 419 253 638 1 0 428 104 514 1 195 417 253 560
United_States_004981.jpg,2 0 512 223 549 1 284 511 301 546
United_States_004982.jpg,1 340 406 404 535 1 233 442 276 534 1 431 399 640 581 2 105 424 261 449 2 0 506 242 542 2 104 425 228 443 1 340 410 471 638
United_States_004983.jpg,1 196 422 289 640 1 287 354 307 400
United_States_004984.jpg,3 397 443 638 624 2 0 415 47 436
United_States_004985.jpg,1 323 427 384 537 2 516 419 640 440
United_States_004986.jpg,1 294 373 639 581 1 204 451 229 560 2 215 450 299 473 1 123 506 166 640
United_States_004987.jpg,1 389 526 443 639
United_States_004988.jpg,1 384 488 538 637 1 357 449 537 638
United_States_004989.jpg,4 353 430 389 446
United_States_004990.jpg,2 0 574 171 601
United_States_004991.jpg,1 83 517 161 582
United_States_004992.jpg,4 534 510 581 530 1 298 557 339 639
United_States_004993.jpg,1 85 495 115 593 2 0 463 115 487
United_States_004994.jpg,3 0 436 94 616 1 0 446 93 615
United_States_004995.jpg,1 411 455 482 556
United_States_004996.jpg,1 251 393 315 561 1 18 446 163 613
United_States_004997.jpg,1 45 422 95 518 1 149 472 182 595 2 171 569 511 639
United_States_004998.jpg,2 255 545 433 564
United_States_004999.jpg,2 5 537 233 574
United_States_005000.jpg,1 110 523 157 607 3 0 472 100 622 1 236 390 316 540 1 231 390 380 638
United_States_005001.jpg,2 86 521 350 551 1 308 461 350 535
United_States_005002.jpg,2 394 438 601 489 1 34 510 125 605
United_States_005003.jpg,1 40 471 139 620
United_States_005004.jpg,1 214 492 283 545 2 415 522 639 559 1 356 403 478 530
United_States_005005.jpg,2 150 447 367 483 2 216 397 340 414 2 93 507 585 608 2 93 526 418 610 2 414 506 581 536
United_States_005006.jpg,1 389 419 639 571
United_States_005007.jpg,2 226 486 335 524 2 239 422 357 447
United_States_005008.jpg,1 399 453 457 564 1 373 380 391 412
United_States_005009.jpg,1 57 410 198 638 1 228 398 263 640 2 25 442 566 486 1 311 400 479 629 2 239 441 563 474 2 7 462 243 487
United_States_005010.jpg,3 315 410 577 639 1 70 378 197 639
United_States_005011.jpg,1 113 408 250 638 1 339 487 401 640 2 1 472 196 494 2 238 438 507 464 2 231 436 630 467 1 0 500 107 621 2 362 438 510 462
United_States_005012.jpg,1 342 500 423 578 2 0 424 282 465 1 0 449 134 617
United_States_005013.jpg,1 22 505 228 621 1 310 391 344 515 2 0 565 55 600
United_States_005014.jpg,1 22 490 142 622
United_States_005015.jpg,2 496 589 586 633 1 547 461 640 521 1 546 459 640 548
United_States_005016.jpg,1 227 472 278 564
United_States_005017.jpg,1 339 453 516 637 2 312 413 447 439
United_States_005018.jpg,1 343 378 393 448 1 223 414 261 482 1 314 436 378 640
United_States_005019.jpg,1 263 385 395 638 1 33 554 99 609 1 113 417 187 534 2 59 477 129 491
United_States_005020.jpg,1 251 498 271 564
United_States_005021.jpg,1 338 450 430 640 1 338 450 402 639 2 385 593 464 611
United_States_005022.jpg,1 309 441 403 630 1 64 435 194 612 1 223 401 248 493 2 503 598 625 621
United_States_005023.jpg,1 245 383 285 541 1 150 410 180 455
United_States_005024.jpg,1 176 480 205 566 1 390 411 433 449 1 284 415 332 555 1 486 445 563 487 2 2 547 173 592 2 315 487 365 500 2 288 398 491 421 1 282 407 367 634 2 187 397 491 424
United_States_005025.jpg,1 113 410 255 637 2 340 525 438 545 1 309 422 350 626 3 488 0 639 147
United_States_005026.jpg,1 0 398 134 537 2 0 554 144 586 1 243 446 266 509
United_States_005027.jpg,1 56 452 195 639 2 452 531 640 564 1 382 432 473 638
United_States_005028.jpg,1 424 414 473 468 1 188 396 331 638 2 550 596 640 620
United_States_005029.jpg,1 140 398 244 559
United_States_005030.jpg,1 45 382 215 611
United_States_005031.jpg,2 139 499 439 550 2 0 495 443 550 1 403 512 498 621
United_States_005032.jpg,1 310 376 350 639
United_States_005033.jpg,2 133 477 320 507 3 306 426 492 623
United_States_005034.jpg,1 110 388 200 597 2 0 499 103 528 1 319 534 374 640 2 151 526 248 555
United_States_005035.jpg,1 267 430 339 555 2 337 515 532 556
United_States_005036.jpg,1 62 400 195 555 4 143 484 172 505
United_States_005037.jpg,1 291 444 341 640 2 0 568 103 598 3 89 518 217 604
United_States_005038.jpg,1 211 394 255 551 1 299 422 418 637 1 0 472 44 605
United_States_005039.jpg,
United_States_005040.jpg,2 241 465 518 508 1 132 426 222 640 1 269 509 297 639 1 352 436 388 475
United_States_005041.jpg,1 380 397 451 463 2 1 496 292 532 2 176 509 291 530
United_States_005042.jpg,1 96 431 199 546 1 361 427 426 548 2 16 556 111 577 2 424 524 546 548 1 64 569 107 618
United_States_005043.jpg,1 340 403 417 637 1 464 407 640 524 1 149 556 227 640 1 236 402 283 508 2 471 582 582 604
United_States_005044.jpg,1 141 443 207 639 1 170 443 206 580 2 437 488 585 534
United_States_005045.jpg,1 104 432 234 638 1 0 500 105 615 1 320 411 395 546 2 0 478 214 505
United_States_005046.jpg,1 521 583 592 639
United_States_005047.jpg,1 66 503 128 560 2 198 474 639 522 1 146 400 241 485 2 416 419 580 439 1 377 367 526 634 2 10 480 153 502 2 5 477 201 504 1 443 499 490 581
United_States_005048.jpg,1 408 412 561 639
United_States_005049.jpg,2 0 416 250 450
United_States_005050.jpg,1 366 515 388 568 1 211 550 264 639
United_States_005051.jpg,1 126 393 247 639 2 208 476 445 509 2 84 533 172 550 1 0 420 104 546
United_States_005052.jpg,3 81 415 356 640
United_States_005053.jpg,1 193 359 221 416 1 0 423 134 605
United_States_005054.jpg,1 222 500 242 555 1 210 370 233 443 1 210 373 252 556
United_States_005055.jpg,2 42 466 255 497 2 203 431 373 464 1 0 409 141 598
United_States_005056.jpg,1 238 489 299 640
United_States_005057.jpg,1 68 566 135 640 1 450 569 520 631 1 406 562 524 629 1 303 513 375 608
United_States_005058.jpg,1 72 524 130 640
United_States_005059.jpg,1 108 420 172 581 1 290 403 360 640 1 335 416 450 634 2 0 572 225 608 1 213 466 234 507 2 229 551 319 570
United_States_005060.jpg,2 361 491 566 550 1 96 378 221 639 1 270 507 301 609 2 0 467 179 496 1 403 403 639 534 3 91 402 303 637 2 0 472 156 494
United_States_005061.jpg,2 247 518 329 536 2 158 568 401 598 1 320 485 338 542
United_States_005062.jpg,1 247 389 283 517 3 334 414 555 637
United_States_005063.jpg,1 226 396 274 558 1 0 450 99 563 3 299 400 381 550
United_States_005064.jpg,4 119 568 151 587
United_States_005065.jpg,1 442 454 621 620 2 1 522 210 554 1 445 454 526 529 2 418 519 515 542
United_States_005066.jpg,2 0 441 142 466
United_States_005067.jpg,1 194 459 235 556
United_States_005068.jpg,2 415 484 638 569 2 1 546 184 580
United_States_005069.jpg,1 327 411 400 495 2 305 460 552 538 1 512 474 638 560 1 291 495 339 640 1 405 408 480 458 1 512 474 639 599
United_States_005070.jpg,2 176 438 288 462 2 106 437 294 472
United_States_005071.jpg,1 453 549 514 640 1 184 503 321 639
United_States_005072.jpg,2 0 504 125 525 2 33 504 124 522
United_States_005073.jpg,1 63 479 126 604 1 187 540 214 639
United_States_005074.jpg,2 2 471 248 515 2 1 448 97 467
United_States_005075.jpg,2 222 597 319 620
United_States_005076.jpg,1 168 415 198 504 1 114 576 198 639 2 0 459 523 565 1 254 484 367 575 2 0 450 71 470 2 0 478 285 553
United_States_005077.jpg,1 34 537 71 590 1 66 436 182 597 1 332 482 385 553 1 68 475 172 598
United_States_005078.jpg,1 0 388 152 608 3 225 424 476 640
United_States_005079.jpg,1 370 436 541 554
United_States_005080.jpg,2 264 456 439 510 2 1 506 433 562 2 1 520 406 560
United_States_005081.jpg,1 155 451 191 553 2 0 497 155 525 2 9 499 155 520
United_States_005082.jpg,3 3 373 195 626 2 0 419 102 441
United_States_005083.jpg,1 331 402 592 638 1 538 519 639 618 1 271 385 308 419
United_States_005084.jpg,1 481 541 501 591
United_States_005085.jpg,2 0 448 96 468 1 30 480 106 617 2 0 448 236 470
United_States_005086.jpg,
United_States_005087.jpg,1 430 476 537 556 1 312 431 389 547 1 413 550 483 640
United_States_005088.jpg,2 420 563 509 600 2 467 548 629 617
United_States_005089.jpg,1 401 465 523 598
United_States_005090.jpg,1 370 395 423 441 1 442 467 505 552 2 471 555 512 582 1 234 459 342 545 1 276 503 343 545 2 233 459 344 545
United_States_005091.jpg,1 336 418 568 640 1 458 438 639 551 2 527 590 577 619 2 148 474 228 491
United_States_005092.jpg,1 357 425 522 639 1 235 418 266 564 1 42 511 132 615 1 326 406 342 431 2 415 465 639 499 1 329 369 371 427
United_States_005093.jpg,1 122 508 186 640 1 242 462 261 509 1 261 510 333 640 1 334 511 448 639
United_States_005094.jpg,1 174 390 268 553 1 318 544 425 639
United_States_005095.jpg,1 155 454 212 559 2 446 507 639 542 2 0 520 158 545
United_States_005096.jpg,2 434 537 596 578 1 155 401 260 639
United_States_005097.jpg,4 338 563 373 597 1 297 405 335 437
United_States_005098.jpg,2 64 554 218 602
United_States_005099.jpg,2 129 458 622 519 1 335 548 371 640
United_States_005100.jpg,3 2 415 299 630 1 390 464 430 524 1 408 396 640 607
United_States_005101.jpg,2 258 440 471 465
United_States_005102.jpg,1 525 548 640 618 1 446 495 510 536 2 94 536 386 568 2 91 536 151 553 2 193 544 390 569
United_States_005103.jpg,2 317 547 374 562
United_States_005104.jpg,1 146 460 221 565 1 376 466 446 570
United_States_005105.jpg,1 122 465 248 569 2 494 497 636 519 1 456 478 529 597 1 188 381 311 459 1 189 404 284 459 1 444 453 529 595
United_States_005106.jpg,1 164 478 240 596 1 345 524 457 640 3 345 524 464 640
United_States_005107.jpg,2 89 485 466 514
United_States_005108.jpg,1 211 360 245 484 1 240 498 256 535
United_States_005109.jpg,2 435 532 564 571 2 425 527 601 574
United_States_005110.jpg,1 151 468 213 640 2 318 462 461 495 3 283 488 411 640 2 26 464 154 482
United_States_005111.jpg,1 142 431 240 640
United_States_005112.jpg,1 373 478 449 562 2 2 520 122 547 2 494 506 539 539
United_States_005113.jpg,1 118 450 181 563 3 541 489 639 617 1 68 449 182 623 3 462 456 640 611
United_States_005114.jpg,2 113 508 393 554
United_States_005115.jpg,1 229 531 263 584 1 27 574 147 619
United_States_005116.jpg,1 404 412 509 639 1 312 420 346 552
United_States_005117.jpg,1 368 359 638 544 1 272 407 308 566
United_States_005118.jpg,3 343 463 639 615 1 0 432 66 531 3 342 470 504 594 1 0 433 65 605
United_States_005119.jpg,2 269 459 342 475
United_States_005120.jpg,1 418 458 476 565 1 486 548 517 587
United_States_005121.jpg,1 290 392 359 640 2 126 512 215 531 3 487 511 626 640
United_States_005122.jpg,1 153 480 181 640 1 217 457 392 640
United_States_005123.jpg,1 195 438 377 639
United_States_005124.jpg,1 383 406 430 453 2 0 493 206 523 1 497 410 639 539 2 407 463 548 484 1 338 409 392 545 1 338 414 462 638 1 244 415 279 481
United_States_005125.jpg,3 0 349 357 639 2 343 476 395 492
United_States_005126.jpg,1 191 447 246 561 1 323 391 371 550 1 441 460 572 630 1 438 458 534 568
United_States_005127.jpg,3 0 469 251 630 2 234 538 364 561
United_States_005128.jpg,
United_States_005129.jpg,1 341 465 440 610 2 39 564 186 589 2 416 515 518 547
United_States_005130.jpg,2 0 462 98 481 1 149 543 193 639
United_States_005131.jpg,1 131 521 156 582 3 289 403 638 638 1 430 434 639 572
United_States_005132.jpg,1 345 417 512 639 2 90 525 205 552
United_States_005133.jpg,1 277 455 329 556 1 162 425 202 471 1 279 451 338 639 1 450 525 474 593
United_States_005134.jpg,1 115 470 214 639 1 171 472 213 556
United_States_005135.jpg,1 413 415 639 575
United_States_005136.jpg,1 414 397 477 567
United_States_005137.jpg,1 212 411 261 639
United_States_005138.jpg,2 271 435 458 517 1 277 542 369 588 2 418 390 562 419
United_States_005139.jpg,1 220 395 286 541 1 324 424 390 546
United_States_005140.jpg,1 137 505 177 640
United_States_005141.jpg,1 338 551 433 640
United_States_005142.jpg,1 59 416 175 639 2 244 571 420 624
United_States_005143.jpg,1 0 486 76 607 1 62 444 198 638
United_States_005144.jpg,2 445 564 564 589 1 181 554 234 639 1 311 571 372 639
United_States_005145.jpg,2 83 585 194 606 1 244 524 280 639 1 339 501 418 640
United_States_005146.jpg,3 295 398 484 638 1 104 476 173 580 1 104 429 204 579
United_States_005147.jpg,1 255 418 284 547 1 446 516 550 638
United_States_005148.jpg,1 268 395 351 552 1 188 431 247 559 1 220 377 238 406
United_States_005149.jpg,1 237 445 283 555 2 113 468 249 488 1 235 442 350 638
United_States_005150.jpg,
United_States_005151.jpg,2 206 549 356 572 2 0 572 175 598 1 144 576 187 640 1 385 534 474 640
United_States_005152.jpg,1 194 400 243 528
United_States_005153.jpg,2 96 440 226 461
United_States_005154.jpg,1 0 483 152 627 1 203 365 318 639 1 355 369 379 420 1 0 468 69 520 2 519 585 640 619 3 472 390 640 535 2 0 432 276 465 2 283 460 460 486
United_States_005155.jpg,1 56 506 102 581 1 291 468 360 640 1 129 589 155 640 1 112 435 149 478 1 106 434 149 490
United_States_005156.jpg,3 126 499 232 567 2 0 496 148 519
United_States_005157.jpg,1 0 487 102 618 1 435 433 505 496
United_States_005158.jpg,3 0 467 381 577 3 0 448 382 628 1 0 364 172 488 1 134 418 174 486 3 0 410 383 591
United_States_005159.jpg,1 200 407 265 563 2 356 458 439 476 1 342 475 373 555
United_States_005160.jpg,2 375 573 549 596
United_States_005161.jpg,1 0 477 88 625 2 476 471 614 539 1 226 555 286 640
United_States_005162.jpg,1 583 473 640 522 1 411 398 529 488
United_States_005163.jpg,3 104 472 247 629
United_States_005164.jpg,2 116 561 403 639 1 381 567 482 639
United_States_005165.jpg,1 158 411 226 508
United_States_005166.jpg,1 421 429 637 620 3 88 384 272 639 1 56 385 188 467 2 116 447 208 464 1 351 489 372 551 1 350 476 407 639 2 349 472 409 491
United_States_005167.jpg,1 270 515 324 640 1 334 517 466 639
United_States_005168.jpg,2 103 547 287 596
United_States_005169.jpg,2 92 470 347 541 2 89 444 372 542
United_States_005170.jpg,1 236 480 308 640 1 351 474 381 578
United_States_005171.jpg,1 360 381 561 638 1 96 434 166 524 1 286 339 306 417 1 403 359 639 512 2 302 408 367 423 1 281 430 302 515 2 77 418 249 447
United_States_005172.jpg,2 528 598 640 623 2 0 498 251 531 2 271 501 596 529 1 254 410 291 518 2 0 487 614 538 1 242 401 293 555 2 0 500 383 531
United_States_005173.jpg,1 287 479 317 545 1 177 375 201 423 2 96 405 184 421
United_States_005174.jpg,1 345 499 414 639
United_States_005175.jpg,1 0 438 92 520 2 1 510 192 541 2 5 497 293 542 1 0 438 90 600
United_States_005176.jpg,3 367 501 460 640
United_States_005177.jpg,1 359 399 611 514 1 220 378 394 592 1 220 380 431 632 1 0 482 43 609 4 585 504 624 531 2 423 530 589 609
United_States_005178.jpg,1 483 488 605 628 1 14 473 145 619 1 236 472 263 515 2 168 431 289 449 2 369 477 630 503
United_States_005179.jpg,1 444 484 556 639 2 247 445 451 479 1 443 485 479 527 2 466 491 636 516
United_States_005180.jpg,1 331 408 458 580 1 560 419 640 472 2 131 524 229 545 1 214 449 262 555 1 228 449 263 529 1 561 419 640 495
United_States_005181.jpg,1 291 436 339 536 1 199 526 254 640
United_States_005182.jpg,1 153 388 252 638 1 292 382 331 510
United_States_005183.jpg,2 311 448 493 474
United_States_005184.jpg,1 455 449 639 561 2 0 453 229 488 3 309 427 615 639 3 264 435 372 640 1 337 434 605 639 1 263 436 368 640
United_States_005185.jpg,2 182 448 381 472 2 6 444 124 463
United_States_005186.jpg,1 255 406 364 566 2 372 452 468 474
United_States_005187.jpg,1 178 485 265 640 1 0 443 100 588
United_States_005188.jpg,1 46 486 115 616 1 174 367 209 638 2 95 446 276 477 2 0 447 276 494
United_States_005189.jpg,1 114 424 198 563 2 479 509 639 542 2 1 430 182 452
United_States_005190.jpg,
United_States_005191.jpg,2 0 571 106 597 3 129 378 330 640 3 132 371 331 539 2 53 466 142 487 1 0 455 59 571 1 0 456 58 621
United_States_005192.jpg,1 0 398 196 590 2 511 600 640 631 2 422 440 556 461 2 476 592 640 631 2 411 436 569 463
United_States_005193.jpg,1 335 396 488 640 1 117 477 185 604 1 0 524 71 615 2 437 463 577 485 1 358 387 440 484 1 188 451 288 639 1 395 428 441 486 3 189 452 289 640
United_States_005194.jpg,1 365 506 447 635
United_States_005195.jpg,1 332 451 422 559 2 469 581 565 605 1 306 381 382 455 1 120 447 152 497 1 499 427 564 462
United_States_005196.jpg,1 211 442 259 627 2 304 484 390 526 1 531 489 639 558 1 529 488 639 589
United_States_005197.jpg,
United_States_005198.jpg,1 76 524 135 616 1 229 490 259 640 1 87 494 115 532 1 226 396 246 462
United_States_005199.jpg,1 355 500 453 640
United_States_005200.jpg,1 89 412 229 638 2 347 523 521 549 2 326 566 562 595 2 207 466 305 483 1 303 449 357 544
United_States_005201.jpg,2 86 466 249 503 2 206 527 258 541 1 0 412 117 599 1 0 412 116 539
United_States_005202.jpg,2 235 563 572 639 1 289 472 312 530 1 269 548 288 590
United_States_005203.jpg,2 168 518 333 537
United_States_005204.jpg,1 24 504 147 622 3 346 413 551 640 1 0 437 123 522 1 381 380 408 409 2 0 524 96 549
United_States_005205.jpg,1 229 592 254 640 1 259 522 380 639
United_States_005206.jpg,4 471 441 499 465 3 369 402 408 454 4 499 527 556 577
United_States_005207.jpg,1 277 430 297 483 1 227 390 248 438
United_States_005208.jpg,1 437 530 578 639 2 227 581 404 626 2 496 560 548 591 2 133 590 239 623
United_States_005209.jpg,1 218 378 293 536 2 404 489 639 529 1 336 375 433 637
United_States_005210.jpg,1 424 512 585 639 2 168 576 264 597 1 259 494 285 570
United_States_005211.jpg,1 223 394 312 639
United_States_005212.jpg,1 164 433 228 563
United_States_005213.jpg,1 36 419 154 524 1 318 411 361 530 1 317 413 458 638 1 375 531 460 640
United_States_005214.jpg,1 335 427 570 639 1 21 425 136 620 1 108 569 137 637 1 396 422 637 579 2 247 590 385 616 2 450 525 534 547
United_States_005215.jpg,1 399 486 545 639
United_States_005216.jpg,1 227 433 253 476 1 423 383 484 413
United_States_005217.jpg,1 367 410 600 622
United_States_005218.jpg,1 25 384 240 615 2 175 476 341 508 2 339 532 477 589 1 101 538 134 592 1 20 465 171 619 2 239 521 480 587
United_States_005219.jpg,1 118 413 231 601 1 273 464 291 492 2 59 570 288 620
United_States_005220.jpg,1 338 471 387 556 1 361 405 630 621 2 108 479 246 521 1 1 442 143 602 1 336 466 441 638 2 271 453 410 481 1 162 427 187 468 1 1 404 171 606
United_States_005221.jpg,1 389 439 447 569 2 294 592 444 616 2 301 522 405 546
United_States_005222.jpg,1 159 366 200 474
United_States_005223.jpg,3 327 375 578 639 1 540 411 639 472 2 117 542 196 562 2 400 399 629 422
United_States_005224.jpg,2 0 476 390 515 2 430 539 590 571 2 428 523 640 572
United_States_005225.jpg,3 228 465 410 640 3 155 380 404 638 2 0 468 161 506
United_States_005226.jpg,1 120 399 341 611 1 0 403 265 563 4 527 156 608 213 1 262 442 375 639 2 313 575 481 639 2 178 540 318 568 1 1 393 344 616
United_States_005227.jpg,1 459 524 496 580 1 459 524 539 605 2 393 598 529 618 2 353 598 534 620 1 510 572 537 606
United_States_005228.jpg,1 136 399 252 589 3 294 421 631 639 1 0 409 130 512 3 292 499 637 638
United_States_005229.jpg,
United_States_005230.jpg,2 59 578 287 638 3 59 532 438 639 2 58 537 438 638
United_States_005231.jpg,1 45 563 94 623 1 267 465 308 506 1 112 543 142 640
United_States_005232.jpg,2 557 541 639 591 1 267 524 321 640
United_States_005233.jpg,1 340 545 435 640 1 136 571 199 639
United_States_005234.jpg,1 417 443 545 639
United_States_005235.jpg,1 380 442 409 479 1 63 562 173 640 1 295 552 346 636
United_States_005236.jpg,1 424 380 463 553
United_States_005237.jpg,2 356 454 511 475 1 321 412 378 575 1 322 413 424 639 2 157 452 288 468
United_States_005238.jpg,1 394 466 459 569
United_States_005239.jpg,1 63 476 140 610 2 0 446 287 474 2 0 593 110 618 2 159 448 283 473 1 294 425 407 573 2 0 451 115 474 2 0 542 85 564
United_States_005240.jpg,1 336 408 496 639 1 493 424 560 465 1 40 521 86 582 1 316 421 334 470
United_States_005241.jpg,2 332 493 523 522 2 38 443 220 466 1 298 403 348 638
United_States_005242.jpg,2 88 548 274 639
United_States_005243.jpg,1 139 428 191 525 1 71 477 140 591
United_States_005244.jpg,1 371 409 599 628 1 210 472 237 573
United_States_005245.jpg,2 200 437 463 484 2 175 385 421 425
United_States_005246.jpg,1 376 367 423 480 1 368 367 387 471
United_States_005247.jpg,1 142 452 169 507 1 293 393 387 472 1 496 583 572 639
United_States_005248.jpg,1 61 482 185 595 2 412 519 494 534 3 373 499 434 585
United_States_005249.jpg,1 396 499 461 640 1 475 449 638 607
United_States_005250.jpg,1 0 451 146 615 1 257 439 284 510
United_States_005251.jpg,1 290 392 371 497 1 33 549 86 599 3 124 387 218 639
United_States_005252.jpg,1 262 389 284 458 1 240 379 258 482 2 344 482 477 507 3 220 507 343 639
United_States_005253.jpg,1 388 397 486 490
United_States_005254.jpg,1 91 424 192 632 1 128 424 191 569
United_States_005255.jpg,1 250 470 272 537
United_States_005256.jpg,2 411 540 605 574
United_States_005257.jpg,2 294 499 513 528
United_States_005258.jpg,1 242 428 295 640 2 0 533 129 561 1 144 387 169 415
United_States_005259.jpg,1 424 397 640 619 1 251 394 268 440
United_States_005260.jpg,1 217 449 258 532 2 127 526 218 545 1 497 459 639 601 2 158 395 436 460
United_States_005261.jpg,1 0 513 97 619 1 435 419 497 466 1 60 448 129 494 1 158 504 212 605 1 260 445 405 521
United_States_005262.jpg,2 425 573 618 593
United_States_005263.jpg,1 114 408 171 495 1 435 434 638 576 2 436 582 639 616 1 0 490 51 602
United_States_005264.jpg,1 300 452 339 542 1 0 479 47 607 2 0 405 505 483
United_States_005265.jpg,1 331 446 546 628 3 178 538 310 640
United_States_005266.jpg,1 279 460 350 640
United_States_005267.jpg,2 77 461 355 514
United_States_005268.jpg,3 0 379 204 628 3 301 473 445 556 1 151 533 204 640 2 156 438 337 470 1 501 420 640 517 1 364 552 428 640
United_States_005269.jpg,2 0 466 139 488 1 150 386 195 474
United_States_005270.jpg,
United_States_005271.jpg,3 0 398 346 639 1 357 405 556 630 1 456 421 631 524 3 0 398 562 639
United_States_005272.jpg,1 0 455 174 580
United_States_005273.jpg,2 90 428 380 456 2 265 450 617 495
United_States_005274.jpg,1 58 539 169 622 1 189 384 228 450 2 0 574 79 602
United_States_005275.jpg,2 378 501 575 548 2 263 500 578 580 2 267 557 407 579
United_States_005276.jpg,2 381 515 505 541 2 360 448 475 467
United_States_005277.jpg,2 52 575 174 613 3 255 371 638 575 2 22 574 173 620
United_States_005278.jpg,1 290 495 404 591 1 184 536 204 608 1 76 520 142 639 2 230 517 315 536 2 0 543 118 565
United_States_005279.jpg,1 513 499 634 625
United_States_005280.jpg,1 132 430 226 554 1 395 441 546 639 1 251 380 280 423
United_States_005281.jpg,1 82 435 173 639
United_States_005282.jpg,1 400 401 595 635
United_States_005283.jpg,
United_States_005284.jpg,1 65 474 160 639 2 1 476 515 554 1 0 471 76 551 2 559 573 640 619
United_States_005285.jpg,1 304 454 389 572 1 32 470 149 586 1 221 467 277 639
United_States_005286.jpg,1 255 392 291 535 1 264 542 292 640 2 142 517 254 556
United_States_005287.jpg,2 267 467 638 545
United_States_005288.jpg,1 45 409 224 624 1 271 411 383 639 2 189 461 311 479
United_States_005289.jpg,3 449 493 543 640 3 0 391 356 620
United_States_005290.jpg,1 454 474 537 538 1 197 382 226 546 1 365 432 398 479 1 198 384 225 490
United_States_005291.jpg,1 69 389 205 638
United_States_005292.jpg,2 7 476 235 543
United_States_005293.jpg,1 482 503 635 621 1 352 475 407 562
United_States_005294.jpg,3 162 399 351 555
United_States_005295.jpg,1 511 390 599 433 2 114 574 430 608 3 0 451 124 625 2 22 570 500 614
United_States_005296.jpg,1 255 421 296 552 1 434 382 492 421 2 481 422 598 439 3 343 404 458 638 2 184 552 318 575 2 537 458 639 478 1 543 471 640 543
United_States_005297.jpg,1 372 470 431 564 2 441 560 591 586 1 367 462 447 579
United_States_005298.jpg,
United_States_005299.jpg,1 196 390 264 483 2 72 451 407 486 1 0 420 114 502 2 199 451 407 485
United_States_005300.jpg,1 268 571 305 639 2 55 443 186 463
United_States_005301.jpg,1 364 467 451 553
United_States_005302.jpg,1 316 437 428 583
United_States_005303.jpg,2 44 529 274 620 1 22 438 82 612 1 424 507 554 639 1 230 452 256 534 2 110 393 286 419
United_States_005304.jpg,1 192 478 248 640
United_States_005305.jpg,1 0 458 100 583 1 277 447 333 635 1 76 405 193 574 2 0 560 149 595 1 278 451 307 537
United_States_005306.jpg,3 315 389 468 561 1 445 393 639 498 3 0 409 170 615 2 121 519 202 535 3 138 391 196 432 1 445 394 555 450
United_States_005307.jpg,1 414 423 639 555 1 222 393 288 525 3 0 438 78 607 1 0 436 77 610 2 265 412 350 434
United_States_005308.jpg,2 0 463 222 492 1 215 383 240 551
United_States_005309.jpg,1 143 416 230 640 1 201 416 231 539 3 128 526 230 639
United_States_005310.jpg,1 478 382 590 519 1 475 465 577 623
United_States_005311.jpg,1 220 453 244 554 2 277 500 503 559 1 123 387 181 439 3 279 500 510 568
United_States_005312.jpg,3 0 415 357 634
United_States_005313.jpg,1 442 401 633 627 1 86 485 218 635 2 22 472 211 499 2 530 493 640 513 2 18 470 291 502
United_States_005314.jpg,1 382 465 417 547
United_States_005315.jpg,1 106 452 216 610 1 395 441 484 568 2 240 443 396 467 1 439 437 584 491 2 184 441 397 470 2 399 396 499 412 2 440 437 587 491
United_States_005316.jpg,1 0 427 152 574
United_States_005317.jpg,1 0 355 246 524 1 140 352 300 639
United_States_005318.jpg,1 130 490 215 640
United_States_005319.jpg,1 182 403 274 557 1 113 398 275 637
United_States_005320.jpg,2 413 520 608 549 1 354 437 406 550
United_States_005321.jpg,2 144 435 342 467 1 240 405 273 640 2 60 558 251 628
United_States_005322.jpg,2 0 483 551 539 2 320 482 557 532
United_States_005323.jpg,2 0 551 206 595 1 449 469 604 617 1 369 464 404 548 1 201 451 244 558 1 517 432 640 504 1 171 449 245 636
United_States_005324.jpg,1 204 432 269 564 1 403 456 534 637 1 355 396 535 636 1 137 431 271 636
United_States_005325.jpg,1 45 545 114 623
United_States_005326.jpg,1 394 385 496 440 1 314 434 366 532 1 516 459 640 557
United_States_005327.jpg,4 123 519 157 548
United_States_005328.jpg,2 291 500 527 554 1 258 363 307 554 2 285 462 449 505 2 0 548 237 583 1 452 539 543 639 1 127 556 182 639 2 0 515 529 584
United_States_005329.jpg,1 362 417 381 462 2 315 493 462 517 2 273 402 409 425 2 59 592 110 621
United_States_005330.jpg,3 352 481 457 640 1 351 481 455 639
United_States_005331.jpg,1 1 503 98 620 3 248 423 442 639
United_States_005332.jpg,1 398 514 467 598 1 105 387 209 556 1 302 413 381 570 2 109 534 364 584
United_States_005333.jpg,1 60 454 183 623
United_States_005334.jpg,2 300 408 578 448 1 58 415 152 473
United_States_005335.jpg,1 358 486 497 640 1 0 391 127 605 1 367 462 411 493 2 0 423 399 479
United_States_005336.jpg,1 349 408 591 639 1 466 448 611 528 2 0 553 121 580 1 283 370 304 411
United_States_005337.jpg,1 363 507 417 594 1 383 551 417 594
United_States_005338.jpg,3 178 393 354 639 1 83 381 151 526 1 0 378 150 618
United_States_005339.jpg,1 386 546 497 639 2 254 539 398 565 2 10 449 241 476
United_States_005340.jpg,1 530 507 639 620 1 190 416 221 503 2 335 508 457 535 1 0 528 64 613 1 80 407 132 550
United_States_005341.jpg,1 349 440 530 635 3 347 440 528 634 2 366 443 526 466
United_States_005342.jpg,1 177 425 207 552
United_States_005343.jpg,1 376 471 493 640 1 246 520 297 640
United_States_005344.jpg,2 17 463 193 487 2 1 455 214 487 2 0 445 555 487
United_States_005345.jpg,3 0 404 235 539
United_States_005346.jpg,1 140 435 164 479 1 232 404 246 434
United_States_005347.jpg,1 342 413 555 639 1 208 391 252 568 2 0 572 145 600 1 303 400 326 434 2 32 485 181 505
United_States_005348.jpg,2 55 564 203 612 2 81 437 400 559 1 78 433 402 557
United_States_005349.jpg,1 0 376 221 560
United_States_005350.jpg,1 148 393 227 570
United_States_005351.jpg,1 122 421 242 639
United_States_005352.jpg,1 411 437 467 483 1 421 510 520 639 1 202 400 242 496
United_States_005353.jpg,1 345 454 410 582 2 156 571 639 640 1 66 547 127 638
United_States_005354.jpg,2 0 428 334 497
United_States_005355.jpg,1 35 400 126 545
United_States_005356.jpg,1 222 477 262 640 1 305 486 327 535
United_States_005357.jpg,1 55 493 89 544 1 87 519 120 558 2 0 433 475 508 1 147 362 212 639 1 185 363 212 469 1 51 517 120 618 1 54 446 86 494 1 146 487 191 640 1 267 462 286 510
United_States_005358.jpg,1 43 445 130 607 2 270 444 406 480 2 0 511 89 533
United_States_005359.jpg,1 274 512 306 556 1 128 409 151 522 1 272 471 319 515
United_States_005360.jpg,1 251 512 307 578
United_States_005361.jpg,3 0 406 241 629 1 401 404 639 610 2 529 493 640 517 1 348 438 371 471
United_States_005362.jpg,2 325 516 482 571 2 580 600 640 623 2 485 406 640 438
United_States_005363.jpg,1 105 401 221 639 1 374 440 543 639 1 223 541 295 639 3 385 443 548 639
United_States_005364.jpg,1 21 443 118 622
United_States_005365.jpg,1 405 487 509 620 2 294 494 390 533
United_States_005366.jpg,
United_States_005367.jpg,3 0 369 252 590 1 273 539 330 639
United_States_005368.jpg,1 73 434 161 640 1 270 470 290 522 2 169 450 365 487 2 0 483 127 507
United_States_005369.jpg,1 406 453 588 632
United_States_005370.jpg,1 400 466 639 614 1 212 414 280 496 1 215 420 374 610 1 321 516 374 614
United_States_005371.jpg,1 176 513 224 550 1 307 452 341 537 1 267 506 340 543
United_States_005372.jpg,1 206 499 228 530 1 289 525 329 640 1 128 576 190 640
United_States_005373.jpg,2 113 457 214 480 1 156 377 189 469 1 493 438 639 516
United_States_005374.jpg,1 390 434 591 637 1 53 403 206 638 2 343 489 445 512
United_States_005375.jpg,3 2 385 372 639
United_States_005376.jpg,1 53 514 110 584 1 0 451 93 551 1 214 483 254 640
United_States_005377.jpg,1 320 403 550 639 2 0 465 81 483
United_States_005378.jpg,1 267 390 314 454 1 341 484 423 580 1 240 457 264 518 2 0 479 357 563 2 414 534 522 582 1 61 537 120 631 1 341 482 513 639
United_States_005379.jpg,1 317 427 492 639 1 235 421 277 557 1 101 463 151 551
United_States_005380.jpg,2 484 547 629 609 2 410 545 505 599 2 92 500 145 519
United_States_005381.jpg,3 322 406 526 639
United_States_005382.jpg,1 297 561 343 639 1 440 591 549 640
United_States_005383.jpg,1 77 524 128 558 1 333 461 351 509 2 0 592 77 609
United_States_005384.jpg,1 88 380 170 488 2 342 513 428 536 2 0 543 116 596
United_States_005385.jpg,1 91 417 235 638 2 96 406 236 429
United_States_005386.jpg,1 325 520 385 609 1 179 512 196 557 1 381 518 473 581 2 190 553 265 570 1 249 508 303 640
United_States_005387.jpg,2 527 516 637 543 1 272 516 302 639 2 96 504 270 532 2 63 556 100 570 2 97 509 202 530
United_States_005388.jpg,1 174 454 208 575 1 411 455 578 595
United_States_005389.jpg,1 0 423 149 615 1 0 378 143 490
United_States_005390.jpg,1 15 457 82 524 2 264 493 315 506 4 52 457 81 485
United_States_005391.jpg,1 0 381 180 621 1 372 470 541 629
United_States_005392.jpg,1 169 439 199 483 1 110 494 206 639 2 195 413 387 432
United_States_005393.jpg,1 263 374 301 450 2 130 467 280 488 1 0 442 107 534
United_States_005394.jpg,1 151 376 199 583 2 232 443 287 457 1 241 394 355 552
United_States_005395.jpg,1 395 395 421 466 1 459 469 561 589 2 192 494 519 565 2 229 461 333 481 2 526 521 640 545
United_States_005396.jpg,3 0 475 241 628
United_States_005397.jpg,1 307 404 396 639
United_States_005398.jpg,
United_States_005399.jpg,2 60 429 440 452 1 80 556 152 632 2 473 441 640 462
United_States_005400.jpg,1 13 406 184 622 1 2 511 89 623 1 226 392 261 551
United_States_005401.jpg,3 543 556 609 625
United_States_005402.jpg,2 130 552 378 638 1 28 509 112 619 3 25 495 122 620
United_States_005403.jpg,2 483 578 640 627 1 382 590 414 640
United_States_005404.jpg,1 107 451 129 500 1 108 397 148 504
United_States_005405.jpg,2 403 570 514 594 2 1 558 200 588 1 444 486 528 572
United_States_005406.jpg,2 101 435 487 525 2 313 436 486 489 2 125 501 238 522
United_States_005407.jpg,1 248 398 366 630 1 84 510 130 604 1 346 418 551 636 1 249 397 321 551
United_States_005408.jpg,2 57 555 267 628 2 0 486 146 510 1 0 406 98 498
United_States_005409.jpg,1 318 387 405 483 1 301 450 393 640 1 133 376 240 634
United_States_005410.jpg,2 0 503 224 549
United_States_005411.jpg,1 41 554 76 622 3 92 452 250 639
United_States_005412.jpg,
United_States_005413.jpg,1 176 496 214 590 1 59 487 140 640
United_States_005414.jpg,1 424 474 465 547 1 296 485 322 536 1 51 437 170 617 1 342 425 399 487
United_States_005415.jpg,1 22 458 108 519 2 284 589 445 621
United_States_005416.jpg,2 227 590 326 608 1 321 485 336 512
United_States_005417.jpg,2 158 488 382 530 2 8 483 383 531
United_States_005418.jpg,1 224 392 253 504
United_States_005419.jpg,3 329 411 572 639 1 251 442 304 639 1 106 405 232 638 2 0 477 124 501 2 0 530 149 568 3 20 368 239 638
United_States_005420.jpg,1 117 438 203 567 1 225 377 275 549 1 0 389 141 473 1 358 407 435 505 1 113 559 165 639 2 178 470 234 482 1 355 405 505 557 1 91 559 166 639
United_States_005421.jpg,2 360 614 550 639
United_States_005422.jpg,3 268 425 482 640 1 85 418 150 597
United_States_005423.jpg,1 360 502 408 587
United_States_005424.jpg,2 255 586 388 629
United_States_005425.jpg,1 382 571 424 639 1 382 570 443 639
United_States_005426.jpg,1 15 441 165 621 1 211 394 240 463 1 294 419 310 459 2 506 593 575 640 2 468 593 576 640
United_States_005427.jpg,1 74 455 198 589 2 213 572 385 606 3 72 453 197 590 2 241 423 313 436
United_States_005428.jpg,3 0 414 296 560
United_States_005429.jpg,1 208 386 240 468 2 4 490 285 521 1 270 382 321 639 1 269 377 300 495
United_States_005430.jpg,2 0 492 601 590 1 255 547 285 640
United_States_005431.jpg,1 84 439 203 579 4 200 498 252 523
United_States_005432.jpg,3 20 400 480 640
United_States_005433.jpg,1 46 461 124 618
United_States_005434.jpg,1 458 425 535 498 1 532 423 639 479 1 529 422 639 505
United_States_005435.jpg,1 345 429 379 475 1 309 401 379 474 2 301 458 558 486 1 120 469 182 592
United_States_005436.jpg,1 463 452 612 533 1 7 382 178 620 1 210 371 242 640 2 0 554 225 584
United_States_005437.jpg,1 116 582 162 639 3 109 484 270 639 1 360 527 399 640 1 354 499 400 640
United_States_005438.jpg,3 10 413 192 638 1 231 398 292 639 1 342 436 377 470 1 345 435 407 556
United_States_005439.jpg,1 45 571 88 622 2 0 490 92 518 1 395 379 452 426 1 456 526 494 579 1 501 441 639 545 1 502 441 639 598
United_States_005440.jpg,2 379 470 558 498 2 375 467 605 497
United_States_005441.jpg,1 50 477 111 546
United_States_005442.jpg,
United_States_005443.jpg,1 476 480 620 627 1 362 472 391 566 1 462 384 622 475 2 54 507 187 526 2 285 434 622 489
United_States_005444.jpg,2 0 486 120 510
United_States_005445.jpg,1 370 516 432 616 1 267 479 329 640 3 367 500 629 639 1 439 489 638 639 1 442 519 580 639 1 118 572 203 639
United_States_005446.jpg,1 297 397 421 569 2 301 541 587 604 2 236 455 352 489 1 190 439 214 532 2 551 571 640 596 1 0 498 52 576 1 275 491 324 639 2 0 540 180 604 1 113 563 178 640 1 0 499 51 609
United_States_005447.jpg,2 144 410 255 425 2 490 556 640 586 1 309 461 361 639 1 556 505 639 615 1 309 462 349 552 2 334 501 443 526 1 473 395 638 479
United_States_005448.jpg,1 270 505 295 551 1 386 506 594 639 1 319 531 444 640
United_States_005449.jpg,2 394 510 606 563 1 339 463 394 559
United_States_005450.jpg,1 197 531 285 640
United_States_005451.jpg,1 191 379 238 540 1 19 485 92 564
United_States_005452.jpg,1 384 506 522 639 2 22 446 313 515 2 539 549 615 608 1 333 395 481 492 1 492 504 615 560 2 56 574 236 622 1 250 411 283 456 3 274 390 523 639
United_States_005453.jpg,1 348 484 467 639 1 228 463 261 554 2 263 495 361 512
United_States_005454.jpg,2 0 470 595 530 1 25 439 97 503 1 263 533 297 639
United_States_005455.jpg,1 160 405 246 639 1 283 423 344 537 3 333 397 640 630 1 342 388 639 630
United_States_005456.jpg,2 288 445 435 467
United_States_005457.jpg,2 128 487 456 552 1 329 563 359 640
United_States_005458.jpg,1 308 436 410 640
United_States_005459.jpg,1 320 395 566 536
United_States_005460.jpg,3 89 413 265 637 1 346 458 404 639 2 6 446 229 467
United_States_005461.jpg,1 1 438 124 533
United_States_005462.jpg,1 53 489 143 622 1 327 548 382 639
United_States_005463.jpg,2 0 433 295 487
United_States_005464.jpg,1 460 511 593 623 1 326 396 374 437 1 424 474 592 622
United_States_005465.jpg,2 438 440 639 463 2 129 540 207 558
United_States_005466.jpg,4 77 483 112 506 4 78 441 146 472
United_States_005467.jpg,1 299 418 359 639 2 299 394 444 416
United_States_005468.jpg,1 12 413 125 534 2 0 530 102 576
United_States_005469.jpg,1 121 375 182 470 1 218 353 261 447 2 47 457 476 607 1 295 529 371 640 1 330 372 566 484 1 212 440 241 564
United_States_005470.jpg,1 60 390 206 639 2 146 470 311 515
United_States_005471.jpg,1 482 527 517 608 1 461 459 514 518 2 393 427 543 444
United_States_005472.jpg,1 124 482 155 581
United_States_005473.jpg,1 384 451 432 499
United_States_005474.jpg,1 0 412 170 604 1 24 413 169 549
United_States_005475.jpg,1 0 537 57 622 1 285 424 373 612
United_States_005476.jpg,1 325 491 387 639 1 161 549 194 640 1 277 374 305 437 2 52 464 270 523 2 11 440 443 542
United_States_005477.jpg,1 11 395 89 620
United_States_005478.jpg,1 184 378 255 465 1 314 412 327 439
United_States_005479.jpg,2 18 447 372 479 2 453 467 612 486
United_States_005480.jpg,1 365 427 447 505
United_States_005481.jpg,2 292 569 442 620
United_States_005482.jpg,1 99 426 183 575 2 0 509 102 533
United_States_005483.jpg,2 241 480 359 502 2 281 411 400 430 1 390 409 540 638 2 333 443 527 468
United_States_005484.jpg,1 432 435 489 546 1 431 430 580 625
United_States_005485.jpg,1 304 458 376 597 2 0 517 302 571 2 186 520 302 549 2 0 542 190 573
United_States_005486.jpg,1 131 478 164 547 1 196 369 220 463 1 272 541 341 640 2 354 490 487 544
United_States_005487.jpg,1 323 417 516 640 2 483 543 640 617 1 99 431 174 526 2 285 521 397 547 1 64 529 132 639 1 164 527 224 640
United_States_005488.jpg,1 326 380 395 543 2 10 490 141 513 2 509 460 639 485 1 322 562 405 640 1 448 428 636 575 2 499 567 616 601
United_States_005489.jpg,2 323 462 473 494 1 252 368 434 639 4 77 532 110 556
United_States_005490.jpg,2 191 403 333 435 2 550 516 639 620 1 550 515 640 620
United_States_005491.jpg,1 117 389 257 526 2 0 567 138 594
United_States_005492.jpg,3 38 438 201 623 2 136 526 374 583 1 451 438 512 480 1 276 430 310 498 1 348 467 476 639 2 452 449 638 500 2 499 450 639 479
United_States_005493.jpg,3 167 479 350 640 1 380 562 443 639
United_States_005494.jpg,1 372 409 497 530 1 184 397 258 640 2 359 526 506 565 2 0 469 217 499 1 580 471 639 562 1 556 588 592 624
United_States_005495.jpg,3 0 360 388 640 2 351 461 454 477 2 345 424 424 438
United_States_005496.jpg,1 73 474 137 571 1 324 411 469 639
United_States_005497.jpg,2 457 474 561 498 1 460 420 529 467 2 107 469 272 496 1 563 440 640 498 2 559 427 639 444
United_States_005498.jpg,1 240 385 265 440 1 100 492 162 577
United_States_005499.jpg,1 52 478 77 511 1 115 407 140 473 1 103 512 125 571
United_States_005500.jpg,1 21 526 145 620
United_States_005501.jpg,1 314 387 416 639 1 129 385 256 639 1 268 442 295 515 1 387 412 591 639 2 93 401 241 424
United_States_005502.jpg,1 156 424 207 542
United_States_005503.jpg,1 329 430 375 485 1 302 479 333 518 2 455 496 582 524 1 0 385 121 466
United_States_005504.jpg,1 353 481 373 536
United_States_005505.jpg,1 354 491 452 640 1 497 505 638 624 2 0 461 454 520 2 1 485 354 521
United_States_005506.jpg,1 287 431 475 640 3 16 420 139 624
United_States_005507.jpg,1 373 481 595 636 1 185 581 208 640
United_States_005508.jpg,2 145 454 377 479
United_States_005509.jpg,2 101 501 318 540
United_States_005510.jpg,2 0 504 128 530 2 385 502 503 521
United_States_005511.jpg,2 243 422 363 441 2 490 531 544 546 1 355 499 391 586
United_States_005512.jpg,1 325 366 348 419 3 223 423 313 640 1 577 476 639 562 1 371 490 449 640
United_States_005513.jpg,1 62 436 189 621 2 264 525 450 552 3 225 399 362 468 1 403 496 424 547 1 397 494 526 639
United_States_005514.jpg,1 81 469 207 629 2 175 588 301 616
United_States_005515.jpg,1 207 432 234 524 1 381 488 460 605 2 31 508 292 540 2 39 508 215 530 2 34 509 374 542
United_States_005516.jpg,1 193 509 251 640 1 194 467 259 640
United_States_005517.jpg,1 79 486 134 601 1 365 495 422 578 2 0 426 363 502 1 66 484 134 619 1 363 494 463 621
United_States_005518.jpg,1 236 507 263 611 1 157 530 180 584
United_States_005519.jpg,3 373 500 454 640
United_States_005520.jpg,2 123 427 407 457 3 446 444 636 624 1 0 519 46 614
United_States_005521.jpg,3 363 400 638 618 1 125 432 153 513 1 38 525 85 625 2 0 493 234 533
United_States_005522.jpg,1 123 494 166 567 1 236 409 264 639 2 12 466 201 486 1 242 411 264 543
United_States_005523.jpg,1 329 414 556 638
United_States_005524.jpg,
United_States_005525.jpg,1 185 382 269 550 1 504 519 543 564 1 522 442 639 537
United_States_005526.jpg,1 29 378 168 449 1 191 430 256 545 1 0 457 79 524 2 377 528 498 553 4 321 418 341 440 1 311 384 359 543 1 130 425 259 638 2 341 426 435 442
United_States_005527.jpg,1 492 547 572 637 2 438 433 631 464 2 495 515 639 553 1 288 422 313 561 2 0 478 298 510 2 116 479 293 505 2 167 439 301 457
United_States_005528.jpg,1 23 517 97 609 1 220 480 243 544 1 219 478 313 640
United_States_005529.jpg,2 243 534 378 557 1 124 521 232 639
United_States_005530.jpg,2 455 486 556 514
United_States_005531.jpg,
United_States_005532.jpg,1 218 482 292 639
United_States_005533.jpg,1 9 434 109 494
United_States_005534.jpg,1 307 502 352 553 1 331 396 571 639 1 472 500 547 565 1 160 425 205 523 2 0 543 128 580 1 361 375 436 420
United_States_005535.jpg,1 66 403 147 638 2 352 541 474 600 1 69 517 110 640 2 257 541 474 639
United_States_005536.jpg,1 280 410 588 639 2 280 413 613 636
United_States_005537.jpg,2 84 527 308 592 2 0 535 207 561
United_States_005538.jpg,2 189 493 547 537 1 149 428 200 493 1 329 478 354 521 1 406 516 504 637
United_States_005539.jpg,1 117 403 235 634
United_States_005540.jpg,1 279 457 318 622 2 112 442 475 468 2 348 445 457 462
United_States_005541.jpg,1 159 405 304 639
United_States_005542.jpg,1 212 490 277 640 1 314 507 351 640 1 0 497 132 596 2 349 611 456 639 1 85 474 230 627 1 314 506 370 640
United_States_005543.jpg,2 370 505 516 541 2 68 413 445 436 2 0 461 171 499 2 172 499 523 568 1 80 531 160 639 1 346 373 385 403 1 542 485 639 565 2 575 592 640 627 1 163 381 226 547 1 162 426 211 547 1 545 489 640 627
United_States_005544.jpg,1 136 435 178 579
United_States_005545.jpg,1 197 431 236 552 2 126 549 230 590 1 439 462 489 502
United_States_005546.jpg,3 28 383 393 627
United_States_005547.jpg,1 365 418 455 578 2 442 518 576 540 2 135 463 354 488 1 259 478 286 554 2 136 465 282 485
United_States_005548.jpg,1 225 383 270 640 2 79 434 232 455 1 142 399 172 458 1 225 380 256 551
United_States_005549.jpg,1 14 405 208 622
United_States_005550.jpg,1 225 378 289 557
United_States_005551.jpg,1 241 497 279 639
United_States_005552.jpg,1 116 427 164 554
United_States_005553.jpg,1 72 491 117 596
United_States_005554.jpg,2 290 456 544 526 2 58 565 205 589 2 146 452 254 468 1 241 405 300 549
United_States_005555.jpg,2 367 532 432 567 1 85 433 139 571
United_States_005556.jpg,2 287 469 509 558 1 328 536 390 610 1 196 388 296 638 2 482 477 580 507 2 5 456 137 476 1 196 386 261 561 2 0 587 99 620
United_States_005557.jpg,1 311 438 429 640 1 482 446 636 524 2 48 456 318 489 2 130 393 306 422 1 547 537 639 616
United_States_005558.jpg,2 240 419 366 441 1 143 413 166 493 2 1 471 242 515 2 383 490 483 521 1 117 512 141 592 2 0 406 166 434 1 376 511 405 590
United_States_005559.jpg,1 198 407 325 555 1 82 410 107 468
United_States_005560.jpg,1 104 428 161 577
United_States_005561.jpg,3 188 382 409 541
United_States_005562.jpg,3 186 402 320 566 2 2 549 195 578 1 384 435 469 639
United_States_005563.jpg,2 499 578 640 608 3 134 453 262 544 2 235 506 415 536
United_States_005564.jpg,1 168 435 222 639 1 342 397 572 638 1 384 453 572 638
United_States_005565.jpg,2 400 538 640 584
United_States_005566.jpg,1 384 402 573 617 2 319 444 420 463 2 13 466 274 496 3 385 402 580 623
United_States_005567.jpg,3 326 397 639 639
United_States_005568.jpg,1 47 423 162 623 2 160 434 273 453 2 0 412 153 432
United_States_005569.jpg,1 492 483 578 552 1 227 378 256 485
United_States_005570.jpg,1 75 410 158 584 1 228 458 261 544 1 220 409 261 544
United_States_005571.jpg,3 263 408 387 640 1 56 560 101 625 1 436 477 596 628
United_States_005572.jpg,2 428 522 639 571 1 405 415 528 526 4 63 380 99 402
United_States_005573.jpg,3 0 401 152 626 3 0 405 281 629
United_States_005574.jpg,1 76 445 181 639 1 203 408 243 453 1 243 465 294 639 1 0 408 147 599
United_States_005575.jpg,1 0 430 177 614 1 242 360 299 500 2 386 495 596 523
United_States_005576.jpg,3 503 518 640 625
United_States_005577.jpg,3 354 433 434 525 1 506 473 594 538
United_States_005578.jpg,1 115 382 172 639 2 0 402 280 443 1 137 425 169 559
United_States_005579.jpg,1 13 516 96 622 2 287 553 525 640
United_States_005580.jpg,1 11 520 87 619 1 178 410 228 617 3 174 407 230 618
United_States_005581.jpg,1 394 564 417 615 1 359 508 416 613 1 183 547 238 640 1 257 492 275 534
United_States_005582.jpg,1 59 457 195 631
United_States_005583.jpg,2 148 465 396 501
United_States_005584.jpg,1 86 552 165 639 1 286 482 329 640
United_States_005585.jpg,1 268 427 343 639 1 540 573 599 625
United_States_005586.jpg,1 404 537 576 640 1 247 553 294 639
United_States_005587.jpg,1 359 450 463 638 1 182 414 272 639 2 90 526 202 563 2 141 402 263 421
United_States_005588.jpg,3 312 437 504 639
United_States_005589.jpg,1 303 460 361 576
United_States_005590.jpg,1 238 399 271 639 2 323 426 542 446
United_States_005591.jpg,1 381 549 437 639 1 189 517 206 556
United_States_005592.jpg,1 272 413 354 540
United_States_005593.jpg,3 253 404 441 635 1 86 403 202 638 1 110 403 202 600 3 118 404 203 591
United_States_005594.jpg,1 21 546 109 621 1 77 416 142 498 1 254 487 343 640 1 255 489 291 558
United_States_005595.jpg,1 507 508 603 575
United_States_005596.jpg,2 17 599 524 639
United_States_005597.jpg,1 496 511 598 619 2 0 444 327 491 1 363 506 379 542 1 480 569 516 611 2 2 445 582 496 2 294 399 370 414
United_States_005598.jpg,1 217 548 256 640 2 2 528 222 578 2 250 506 337 522
United_States_005599.jpg,2 0 521 170 552 2 44 544 363 617 1 170 452 220 640 1 173 453 217 574 2 37 426 191 450 2 1 427 194 454
United_States_005600.jpg,2 0 561 99 593 1 279 387 522 637 1 279 388 490 586 4 463 569 490 592
United_States_005601.jpg,1 248 487 275 549 1 185 593 224 639
United_States_005602.jpg,3 229 391 503 639
United_States_005603.jpg,1 500 368 569 436
United_States_005604.jpg,1 374 499 420 571 1 136 485 208 637
United_States_005605.jpg,1 75 500 125 594 1 7 451 56 492 1 301 443 412 590 1 432 490 579 636 2 328 460 520 497
United_States_005606.jpg,3 0 403 181 610 2 302 465 413 486 4 43 416 71 433
United_States_005607.jpg,1 309 395 605 635 1 300 384 444 504
United_States_005608.jpg,3 4 387 464 639 2 6 513 183 577 2 0 457 178 494
United_States_005609.jpg,2 192 446 309 465
United_States_005610.jpg,1 288 424 313 505 1 134 387 186 439 1 5 392 129 470 1 111 401 222 638 1 304 548 336 639 2 10 460 192 485 1 69 479 116 528
United_States_005611.jpg,1 56 450 107 495 1 98 397 233 639 1 308 445 395 557 1 0 453 46 490
United_States_005612.jpg,1 44 515 88 608 2 1 447 203 487
United_States_005613.jpg,1 3 547 50 612
United_States_005614.jpg,1 14 483 188 615
United_States_005615.jpg,1 235 530 283 639 1 388 551 457 640 1 214 529 283 640
United_States_005616.jpg,1 108 465 133 571 1 0 568 25 617
United_States_005617.jpg,1 349 548 412 640 2 566 535 640 569 2 0 468 584 545 2 0 470 476 521
United_States_005618.jpg,1 40 510 114 620 1 204 518 250 640 1 40 552 78 621
United_States_005619.jpg,1 304 400 336 452
United_States_005620.jpg,2 89 589 179 639
United_States_005621.jpg,1 221 506 257 639
United_States_005622.jpg,1 148 450 255 639
United_States_005623.jpg,2 75 554 154 618 2 152 465 625 510 1 415 557 453 640 2 211 477 620 512
United_States_005624.jpg,1 58 494 155 638 1 1 420 122 514 2 0 505 101 527
United_States_005625.jpg,2 67 532 301 567 2 72 532 393 567
United_States_005626.jpg,2 420 482 542 579 1 419 482 541 579 2 121 545 390 639 1 371 365 639 494 2 436 439 491 459 1 365 366 538 443 2 52 466 167 506
United_States_005627.jpg,1 333 487 357 556
United_States_005628.jpg,1 119 491 181 640
United_States_005629.jpg,2 103 512 288 542 2 418 537 640 567
United_States_005630.jpg,1 241 496 263 588 2 176 499 256 520 3 16 411 191 638 1 17 401 188 632 1 149 398 185 475 1 190 451 208 486
United_States_005631.jpg,1 79 498 183 635 1 393 495 550 602 2 394 495 550 603 1 17 467 88 534
United_States_005632.jpg,3 346 378 433 446 3 270 374 441 448
United_States_005633.jpg,2 131 590 244 611 1 238 521 294 640 2 16 584 245 612 4 436 576 453 589
United_States_005634.jpg,2 207 532 331 563 1 174 406 226 638 2 128 532 333 586 1 154 404 228 638
United_States_005635.jpg,2 387 438 637 466
United_States_005636.jpg,1 239 406 306 640 2 248 391 363 408 2 246 392 503 413
United_States_005637.jpg,1 438 515 582 639 1 154 441 198 639 3 284 438 470 600
United_States_005638.jpg,2 15 460 179 480 2 12 460 243 482 4 285 467 321 488
United_States_005639.jpg,1 322 395 545 636 1 291 501 372 639 1 158 418 245 563
United_States_005640.jpg,2 57 436 387 496
United_States_005641.jpg,3 45 404 551 639 1 116 406 238 639 2 0 520 256 553
United_States_005642.jpg,3 94 378 639 639
United_States_005643.jpg,1 101 471 222 639 2 219 390 367 416
United_States_005644.jpg,2 385 600 583 635 3 96 407 403 638 1 100 411 333 627 2 150 473 218 514 2 125 614 300 640
United_States_005645.jpg,1 82 451 110 496 1 6 520 84 618 1 56 414 79 447
United_States_005646.jpg,1 210 485 238 557 2 325 618 383 637 2 466 594 628 621 1 302 552 332 638
United_States_005647.jpg,2 331 461 439 476 1 111 494 164 547 1 398 515 463 638
United_States_005648.jpg,
United_States_005649.jpg,2 238 537 399 559
United_States_005650.jpg,1 0 461 138 623 2 79 568 338 617 2 11 426 262 449
United_States_005651.jpg,1 304 387 338 495 3 417 418 638 620 2 165 427 428 451 1 302 389 338 538
United_States_005652.jpg,2 378 538 638 570
United_States_005653.jpg,2 507 520 640 582 1 251 475 314 640 1 398 393 637 515 3 4 383 319 580 1 212 363 312 639
United_States_005654.jpg,2 0 447 431 539 1 188 370 262 481
United_States_005655.jpg,1 439 398 640 517 2 369 513 540 556 1 399 416 475 468 3 1 408 294 638 1 399 413 534 522 3 6 392 540 639 3 318 394 375 504
United_States_005656.jpg,1 285 405 415 638 2 327 466 513 496 2 0 553 235 600 1 45 470 183 619 2 267 466 515 500
United_States_005657.jpg,1 306 371 335 446 1 248 435 299 640
United_States_005658.jpg,1 243 551 285 639 1 221 551 284 640 3 284 486 305 529
United_States_005659.jpg,1 322 433 512 638 1 91 530 153 639
United_States_005660.jpg,1 122 493 207 640 1 267 475 341 531
United_States_005661.jpg,1 86 430 143 599 1 236 426 306 548
United_States_005662.jpg,1 30 478 158 612 3 191 399 626 640 1 89 392 192 455
United_States_005663.jpg,2 18 460 292 498 1 93 480 121 518
United_States_005664.jpg,1 275 444 342 548 1 185 393 210 452 2 323 469 545 501
United_States_005665.jpg,1 424 478 626 620
United_States_005666.jpg,1 362 376 637 554 1 363 373 640 631 3 406 459 592 639 1 406 459 589 639 3 111 387 633 639 3 114 390 363 638
United_States_005667.jpg,2 0 476 283 557
United_States_005668.jpg,2 8 453 170 481 2 4 446 191 482
United_States_005669.jpg,1 358 382 398 419
United_States_005670.jpg,1 45 446 124 622
United_States_005671.jpg,1 82 533 108 576 1 130 389 215 544
United_States_005672.jpg,2 306 467 424 506 1 315 502 335 549
United_States_005673.jpg,1 143 420 206 593 2 0 484 320 557 1 182 597 207 640
United_States_005674.jpg,1 474 485 640 610 1 289 435 360 510 1 220 460 253 543 2 255 480 445 548 2 0 527 89 547 1 79 462 123 576
United_States_005675.jpg,1 1 510 108 591 1 64 561 146 639
United_States_005676.jpg,3 360 450 635 569 1 263 540 355 639 3 249 449 638 605
United_States_005677.jpg,1 464 516 592 638 1 170 478 275 639 1 358 522 415 639 2 406 609 547 634
United_States_005678.jpg,1 60 473 133 639 1 463 525 586 639
United_States_005679.jpg,3 1 387 286 637 1 418 411 639 596 1 345 404 458 554 2 476 431 625 459
United_States_005680.jpg,2 77 448 414 504
United_States_005681.jpg,1 179 383 249 573
United_States_005682.jpg,1 262 397 286 456
United_States_005683.jpg,2 21 482 509 562 1 490 444 574 496 1 215 404 256 542
United_States_005684.jpg,2 72 515 190 562
United_States_005685.jpg,1 296 484 339 640 1 294 430 312 476
United_States_005686.jpg,1 179 425 238 563 1 303 425 342 542 2 469 571 611 602 1 79 571 164 639 1 86 428 240 638 2 352 526 420 543 3 302 422 437 543 1 336 542 370 640
United_States_005687.jpg,1 290 393 348 508
United_States_005688.jpg,2 147 526 333 564 1 327 453 423 556 1 0 422 164 608 2 24 565 96 582
United_States_005689.jpg,1 225 434 262 534 1 303 407 524 639 2 87 390 324 425
United_States_005690.jpg,
United_States_005691.jpg,1 215 415 364 639 2 288 448 428 479
United_States_005692.jpg,1 53 511 130 618
United_States_005693.jpg,1 90 444 211 636
United_States_005694.jpg,1 477 459 639 571 2 213 462 485 562
United_States_005695.jpg,3 0 376 586 640 3 0 392 296 639 3 358 388 611 638
United_States_005696.jpg,2 156 527 637 603 1 201 463 243 567 2 8 505 201 530 2 296 529 637 573
United_States_005697.jpg,2 147 474 412 530 2 231 484 385 520
United_States_005698.jpg,1 366 542 451 640
United_States_005699.jpg,3 206 396 481 639
United_States_005700.jpg,1 185 456 221 556 2 8 505 426 569 1 0 398 150 544 2 6 533 354 568 1 0 398 148 620
United_States_005701.jpg,1 462 515 589 638 1 376 450 589 637 1 377 450 440 509 2 1 443 365 488
United_States_005702.jpg,1 0 408 153 602 1 413 453 564 566 2 376 540 605 631 2 376 561 558 631 1 97 414 210 637 1 94 475 195 637
United_States_005703.jpg,1 215 455 235 531 1 261 430 279 488 2 467 451 565 473 1 325 401 474 564 2 108 524 300 552
United_States_005704.jpg,1 327 492 346 548 1 233 469 304 640
United_States_005705.jpg,1 222 444 296 520
United_States_005706.jpg,1 290 439 477 639 2 344 425 466 454 1 566 567 640 624
United_States_005707.jpg,1 16 539 80 618 2 328 507 468 551 1 249 457 280 542
United_States_005708.jpg,1 148 388 205 480 1 274 514 294 577
United_States_005709.jpg,1 334 522 388 624 2 381 604 466 627 1 69 507 193 639
United_States_005710.jpg,1 517 544 574 637 1 200 568 256 630 1 403 439 525 640 1 297 433 332 528 2 273 503 430 535 1 1 395 185 537
United_States_005711.jpg,2 128 515 348 554
United_States_005712.jpg,3 287 487 470 640
United_States_005713.jpg,2 238 577 371 599 1 194 522 249 639 2 149 576 374 601 2 0 601 86 623 1 209 517 250 640 1 428 608 549 640
United_States_005714.jpg,
United_States_005715.jpg,1 1 496 154 618
United_States_005716.jpg,1 394 395 639 615 1 461 404 525 441 1 333 413 380 545 1 333 414 398 640
United_States_005717.jpg,1 152 481 265 640
United_States_005718.jpg,1 373 399 540 634 1 142 453 289 639 2 320 583 472 627 2 437 484 640 514 1 145 394 299 638 1 330 419 349 464
United_States_005719.jpg,1 431 441 638 622
United_States_005720.jpg,3 273 384 481 629 3 0 389 257 639 3 0 389 126 486 2 408 459 540 485 3 115 385 258 640
United_States_005721.jpg,1 359 536 423 640 1 359 532 405 639
United_States_005722.jpg,1 111 468 156 640
United_States_005723.jpg,1 455 494 543 639
United_States_005724.jpg,1 0 522 104 616 1 129 502 261 639 1 282 482 308 549 1 347 522 379 576
United_States_005725.jpg,1 204 413 313 639 1 328 370 346 428 2 72 460 220 481 2 496 473 639 504 3 347 398 568 639 1 375 391 513 639
United_States_005726.jpg,1 293 371 325 462 1 180 464 236 536 1 213 370 252 441 2 6 513 190 542
United_States_005727.jpg,1 65 506 136 599 2 0 469 97 491 2 124 394 407 421
United_States_005728.jpg,3 0 382 500 637
United_States_005729.jpg,1 432 500 595 622 2 298 499 436 543 1 111 377 178 631 1 297 424 351 507
United_States_005730.jpg,1 0 399 143 605
United_States_005731.jpg,1 11 479 194 617 4 404 532 426 546 3 212 484 267 526
United_States_005732.jpg,1 436 510 540 613 2 268 541 471 622 1 209 385 236 640 1 209 459 234 638
United_States_005733.jpg,1 423 553 483 629 1 246 507 311 640 1 218 509 311 640
United_States_005734.jpg,2 128 445 435 484
United_States_005735.jpg,1 440 466 579 619
United_States_005736.jpg,2 2 471 225 505 2 170 428 380 468
United_States_005737.jpg,2 80 505 220 535
United_States_005738.jpg,1 0 423 161 598 1 258 435 291 542 1 251 433 292 640
United_States_005739.jpg,2 113 478 290 525 1 248 429 426 634 2 0 475 293 522 2 0 487 91 513
United_States_005740.jpg,2 249 505 514 563 1 193 389 233 627 2 0 534 198 567
United_States_005741.jpg,3 1 379 638 638 2 0 448 91 467
United_States_005742.jpg,1 405 415 609 623 1 192 408 255 550
United_States_005743.jpg,1 94 403 169 523 2 257 449 328 465
United_States_005744.jpg,1 240 423 277 639 1 235 347 250 399 1 0 367 134 464 1 37 550 98 620
United_States_005745.jpg,1 310 440 464 640 1 173 426 216 504
United_States_005746.jpg,1 461 425 561 470 1 367 387 562 472
United_States_005747.jpg,3 177 382 524 638 2 510 554 638 578
United_States_005748.jpg,1 217 432 269 562 2 82 482 238 508 1 0 419 140 514
United_States_005749.jpg,2 177 433 314 470 1 128 380 397 639 1 543 440 639 615
United_States_005750.jpg,1 173 392 217 548 2 10 538 174 565 2 0 510 341 569
United_States_005751.jpg,3 0 384 420 640
United_States_005752.jpg,2 1 453 432 542 1 340 391 372 456 1 531 500 639 555
United_States_005753.jpg,2 272 484 422 527 1 180 346 205 398 1 0 386 126 530 1 247 482 289 601 1 164 410 179 436
United_States_005754.jpg,1 243 435 352 640
United_States_005755.jpg,1 387 555 428 640
United_States_005756.jpg,1 260 468 288 640 1 359 537 408 574 1 511 604 538 640
United_States_005757.jpg,2 231 410 396 446 2 387 504 431 529
United_States_005758.jpg,1 486 445 639 549 1 299 415 349 535 1 376 409 533 582 2 0 534 176 565 2 194 438 262 460 1 361 401 565 600
United_States_005759.jpg,1 200 376 282 639 1 465 423 636 550 1 304 422 395 637 1 400 515 560 638 1 396 378 635 549
United_States_005760.jpg,2 312 455 476 493
United_States_005761.jpg,1 280 399 341 575 2 4 522 183 593 2 543 535 600 602 1 190 502 238 576 2 380 411 640 433 2 303 562 507 597
United_States_005762.jpg,1 144 427 203 522 1 144 406 215 522
United_States_005763.jpg,1 404 440 467 553
United_States_005764.jpg,1 79 394 188 638 1 228 385 307 639 2 156 468 242 486
United_States_005765.jpg,1 222 392 299 545 3 219 390 301 545 2 0 484 49 505
United_States_005766.jpg,1 286 460 346 640 1 291 502 323 567
United_States_005767.jpg,2 207 551 422 604
United_States_005768.jpg,1 159 438 211 573 1 165 568 197 640
United_States_005769.jpg,1 108 471 163 584 2 3 442 281 485
United_States_005770.jpg,3 116 395 441 573 2 0 553 175 583 2 0 424 109 443
United_States_005771.jpg,1 367 428 431 552 1 161 466 213 588 2 195 495 264 510
United_States_005772.jpg,2 303 438 399 459
United_States_005773.jpg,2 366 544 432 572 1 366 544 432 573
United_States_005774.jpg,1 48 464 168 618 2 117 447 312 470
United_States_005775.jpg,3 411 519 583 640 1 294 531 326 604
United_States_005776.jpg,2 348 428 639 452 1 512 455 556 488
United_States_005777.jpg,1 52 421 153 620 1 212 433 243 530 1 262 463 295 633
United_States_005778.jpg,1 109 403 241 638 1 109 502 186 639
United_States_005779.jpg,2 118 494 392 545
United_States_005780.jpg,1 375 536 430 640
United_States_005781.jpg,1 0 439 69 605 1 0 438 69 552
United_States_005782.jpg,1 340 482 377 548 2 341 471 439 491 1 13 573 58 625 2 0 473 161 496
United_States_005783.jpg,2 447 534 639 568 1 352 385 395 552
United_States_005784.jpg,1 301 392 401 551 1 20 459 85 520 1 447 404 639 523 1 299 392 475 638
United_States_005785.jpg,1 287 407 426 639 1 423 452 638 622 1 230 455 260 640 1 507 529 639 624 1 417 449 487 504
United_States_005786.jpg,1 272 508 355 639
United_States_005787.jpg,1 384 499 545 640 1 490 522 579 583 1 611 599 637 625
United_States_005788.jpg,1 336 395 365 504 2 541 606 595 625 1 437 447 508 577 1 407 393 509 575
United_States_005789.jpg,3 39 423 297 638 2 272 543 430 579 2 0 576 94 603
United_States_005790.jpg,1 320 391 369 541 2 82 445 234 473 2 78 468 223 486 2 81 447 236 483
United_States_005791.jpg,1 251 417 282 565
United_States_005792.jpg,2 0 538 213 570 1 202 470 240 640
United_States_005793.jpg,2 540 492 639 513
United_States_005794.jpg,1 297 447 328 640 1 169 451 222 553 2 150 438 269 457 1 0 390 198 564 1 385 475 464 568 1 386 476 433 562
United_States_005795.jpg,1 141 420 162 502
United_States_005796.jpg,1 482 430 639 519 1 346 388 440 437 1 327 497 374 572
United_States_005797.jpg,1 238 412 261 483 2 0 470 395 520 1 125 419 166 499
United_States_005798.jpg,2 85 511 280 573
United_States_005799.jpg,2 255 562 432 605 1 183 486 275 640 4 429 555 455 571 2 139 580 213 595
United_States_005800.jpg,1 328 501 378 640 2 0 512 328 554 2 107 511 333 542
United_States_005801.jpg,2 74 507 355 560 1 0 393 200 638
United_States_005802.jpg,2 376 502 539 548 3 254 402 403 602 2 46 408 166 426 1 177 405 211 501
United_States_005803.jpg,2 237 483 395 518
United_States_005804.jpg,1 221 453 269 566 1 570 496 639 602 1 570 497 640 562
United_States_005805.jpg,1 462 438 531 514 1 360 547 482 640 1 362 402 417 488 1 303 455 435 553 1 591 556 640 624
United_States_005806.jpg,1 62 453 190 638
United_States_005807.jpg,1 398 527 480 605 1 524 554 594 596
United_States_005808.jpg,1 165 471 191 569 2 257 495 404 549 1 23 410 105 536
United_States_005809.jpg,2 0 483 377 568 1 0 451 61 552
United_States_005810.jpg,1 368 453 530 638
United_States_005811.jpg,2 422 547 577 572 2 4 542 163 574 2 264 457 470 483 2 222 449 472 484 2 187 441 476 485
United_States_005812.jpg,1 0 418 173 636 1 272 458 305 639 2 278 622 554 640 4 502 492 528 512
United_States_005813.jpg,1 279 407 390 547
United_States_005814.jpg,1 130 432 247 638
United_States_005815.jpg,2 509 577 611 600 2 360 523 457 555 2 0 561 183 592 3 186 528 297 568
United_States_005816.jpg,1 481 530 585 639
United_States_005817.jpg,1 191 401 225 574
United_States_005818.jpg,1 518 421 629 620
United_States_005819.jpg,1 368 476 390 533 1 470 485 611 622 1 182 394 276 640 2 52 446 249 470 2 3 444 251 473
United_States_005820.jpg,1 96 376 243 523 3 92 382 485 639 2 453 521 626 545 2 286 606 389 630
United_States_005821.jpg,1 225 505 257 639 1 273 491 317 630 1 322 494 424 640 3 216 495 511 640
United_States_005822.jpg,1 16 414 175 612 2 0 521 67 542
United_States_005823.jpg,2 0 514 172 560
United_States_005824.jpg,2 130 418 257 436 1 256 421 291 565 1 255 405 291 617 2 186 480 258 496 1 252 377 290 562
United_States_005825.jpg,1 188 370 226 461
United_States_005826.jpg,1 244 454 282 535 1 329 515 394 640
United_States_005827.jpg,1 265 418 295 499 1 218 493 238 555 1 473 427 638 556 1 0 382 191 480 2 158 485 268 505 1 489 493 578 622
United_States_005828.jpg,1 295 514 396 640
United_States_005829.jpg,1 211 443 243 516 1 427 433 610 613 1 50 534 169 593 1 306 419 329 476 1 211 412 262 515
United_States_005830.jpg,2 0 538 132 563 2 51 559 261 639 2 21 429 91 443
United_States_005831.jpg,1 397 501 532 638 1 253 382 276 437 2 108 476 477 515 1 2 417 166 560 2 12 455 228 480 2 0 534 150 561
United_States_005832.jpg,1 269 400 309 442
United_States_005833.jpg,1 386 432 471 621 1 229 385 317 639 1 0 393 191 537 2 72 458 265 483
United_States_005834.jpg,1 134 367 237 458 2 478 539 639 569
United_States_005835.jpg,1 408 459 527 639 2 173 575 296 602
United_States_005836.jpg,2 213 520 347 544
United_States_005837.jpg,2 186 435 348 464 1 237 450 287 639 2 0 503 91 535
United_States_005838.jpg,1 220 381 243 418 1 124 412 206 582 2 65 409 632 531 1 361 410 419 457
United_States_005839.jpg,1 62 501 165 637 1 242 404 261 495 1 257 473 305 640 2 355 474 463 495
United_States_005840.jpg,1 185 380 264 502 1 410 327 441 374 1 90 335 148 369 1 487 375 529 449 2 0 510 180 542
United_States_005841.jpg,1 278 399 307 486 1 99 405 175 487 1 160 447 211 592 1 9 479 79 559 1 129 446 210 639
United_States_005842.jpg,1 523 432 632 497 1 237 421 266 494 1 321 400 363 545
United_States_005843.jpg,1 45 508 118 590
United_States_005844.jpg,1 267 459 493 640 2 413 586 508 607
United_States_005845.jpg,1 290 386 357 505 3 203 539 595 638 3 200 489 592 639
United_States_005846.jpg,1 158 531 178 577 1 0 459 143 616 2 555 512 640 559
United_States_005847.jpg,1 199 393 233 640 2 0 447 124 474
United_States_005848.jpg,1 395 396 419 517 2 487 425 640 444 2 409 435 480 449 2 487 564 640 608 1 506 467 533 543 1 537 529 568 568 1 456 394 544 554 1 453 394 482 436 2 408 425 640 449
United_States_005849.jpg,1 266 447 338 639 1 6 515 81 598 1 144 500 178 586
United_States_005850.jpg,1 359 452 529 639
United_States_005851.jpg,1 299 392 354 482 1 353 419 552 639 2 62 587 136 609 2 386 443 461 461
United_States_005852.jpg,1 267 390 311 520
United_States_005853.jpg,2 154 448 340 512
United_States_005854.jpg,3 0 390 220 624 3 253 393 535 638 2 466 547 631 619
United_States_005855.jpg,1 65 412 209 627 3 296 470 412 566 2 139 528 231 553
United_States_005856.jpg,1 133 419 189 639 3 300 454 456 640 1 221 443 246 490 1 0 438 65 526
United_States_005857.jpg,3 365 438 566 639 2 12 520 427 569 1 365 437 563 639
United_States_005858.jpg,1 0 408 222 599 2 0 542 161 583 1 141 404 226 474
United_States_005859.jpg,1 463 490 640 611 1 226 475 303 640 1 551 538 639 617
United_States_005860.jpg,1 284 472 302 522
United_States_005861.jpg,1 287 400 389 559 1 224 452 256 604 1 213 550 253 604
United_States_005862.jpg,2 418 584 491 601 1 332 508 424 600 1 330 504 482 639 1 209 564 238 639
United_States_005863.jpg,2 0 492 224 518
United_States_005864.jpg,1 160 394 288 639 2 203 434 324 475
United_States_005865.jpg,2 476 607 559 629 1 367 509 408 640
United_States_005866.jpg,2 183 453 546 478
United_States_005867.jpg,1 62 526 124 640 1 430 467 572 563 1 171 442 193 491 3 242 439 418 640 1 259 438 405 640
United_States_005868.jpg,1 0 457 49 602
United_States_005869.jpg,1 430 494 568 639
United_States_005870.jpg,1 419 506 533 625
United_States_005871.jpg,2 193 444 366 469 2 83 440 368 468 2 88 442 197 463 1 343 415 548 638
United_States_005872.jpg,1 412 454 534 575
United_States_005873.jpg,1 378 394 531 633 2 227 450 396 472 2 226 448 584 481 1 172 600 206 640
United_States_005874.jpg,3 250 408 361 524 1 112 504 175 592 2 360 487 478 508 1 366 507 407 573 2 334 422 428 438
United_States_005875.jpg,2 192 524 436 551
United_States_005876.jpg,1 96 484 170 640
United_States_005877.jpg,1 400 573 512 640 1 400 574 478 640
United_States_005878.jpg,1 306 462 356 623
United_States_005879.jpg,1 414 509 471 622 1 0 401 134 526
United_States_005880.jpg,1 411 433 553 619 2 320 533 400 566 2 442 468 637 503
United_States_005881.jpg,1 0 412 180 589
United_States_005882.jpg,1 0 465 56 534 1 0 467 55 605
United_States_005883.jpg,1 0 457 95 603 1 396 474 551 636
United_States_005884.jpg,1 377 393 576 638 1 516 399 640 459
United_States_005885.jpg,3 260 430 545 640 2 0 549 156 583
United_States_005886.jpg,3 340 519 440 640
United_States_005887.jpg,1 349 423 538 637 1 291 506 373 640 1 253 365 277 431 1 459 439 640 575
United_States_005888.jpg,1 234 500 301 640
United_States_005889.jpg,2 189 472 364 503 2 199 427 384 466 2 0 462 149 490
United_States_005890.jpg,1 54 499 186 637 1 0 499 118 574
United_States_005891.jpg,1 70 406 212 616 3 68 412 209 617
United_States_005892.jpg,1 232 473 304 640 1 207 389 229 441
United_States_005893.jpg,2 206 501 635 577 2 449 545 578 576
United_States_005894.jpg,1 129 441 215 639
United_States_005895.jpg,1 17 438 101 613
United_States_005896.jpg,1 182 461 230 640 1 101 392 134 473
United_States_005897.jpg,1 392 477 446 562 1 27 455 207 615 2 497 494 640 519
United_States_005898.jpg,2 183 439 536 464 2 0 430 533 468 2 0 435 193 456
United_States_005899.jpg,3 87 409 570 640 2 0 570 105 601
United_States_005900.jpg,1 415 419 639 616
United_States_005901.jpg,1 182 374 240 489 1 82 514 122 592 1 277 373 300 521
United_States_005902.jpg,1 87 528 163 601
United_States_005903.jpg,3 81 407 637 638
United_States_005904.jpg,1 0 478 125 613 2 88 423 277 446
United_States_005905.jpg,1 10 520 164 639 2 222 480 338 513 2 446 436 585 460 2 177 606 510 640 2 355 556 436 586
United_States_005906.jpg,1 465 549 519 639
United_States_005907.jpg,2 94 475 434 551 2 0 547 78 567 2 93 459 476 556 1 47 427 151 604
United_States_005908.jpg,1 21 502 104 621 2 0 557 55 584 1 50 415 165 504
United_States_005909.jpg,1 65 460 143 594 1 66 546 98 594
United_States_005910.jpg,1 108 368 199 559
United_States_005911.jpg,1 300 442 421 558 1 215 501 241 549 1 388 443 504 551 1 391 443 604 626 1 42 482 96 606
United_States_005912.jpg,1 76 457 105 502
United_States_005913.jpg,1 277 490 366 639 1 276 491 403 640 1 80 499 188 640
United_States_005914.jpg,2 0 477 427 508 2 1 469 468 511 2 1 464 590 511
United_States_005915.jpg,
United_States_005916.jpg,1 96 489 199 639 3 299 476 422 577
United_States_005917.jpg,1 145 431 237 639 3 131 398 532 639 3 262 404 526 639
United_States_005918.jpg,1 11 452 115 618 1 277 491 441 640 1 10 380 137 615 3 276 492 455 640 1 164 395 194 528
United_States_005919.jpg,1 67 486 151 639
United_States_005920.jpg,1 18 377 138 506 1 366 429 639 638
United_States_005921.jpg,2 197 422 428 474 3 1 431 207 638
United_States_005922.jpg,1 297 396 318 440 1 337 475 363 544
United_States_005923.jpg,1 63 385 250 606
United_States_005924.jpg,1 266 438 394 640 1 128 388 167 434 1 21 427 187 619 2 0 427 135 458 1 0 517 64 620
United_States_005925.jpg,3 0 414 511 637
United_States_005926.jpg,2 356 578 476 623 1 296 461 355 639 2 1 455 271 480
United_States_005927.jpg,1 35 451 78 501
United_States_005928.jpg,1 128 400 261 639 2 281 471 477 497
United_States_005929.jpg,2 24 532 129 554 3 277 410 636 593 2 44 415 287 456 1 363 415 632 579 2 552 492 621 516 1 276 413 637 598 1 281 407 413 579
United_States_005930.jpg,2 400 522 621 581 1 476 440 621 525
United_States_005931.jpg,1 327 501 360 573
United_States_005932.jpg,1 441 469 628 619 1 290 504 310 575 2 20 418 385 450 1 439 470 546 556 1 289 501 344 640
United_States_005933.jpg,
United_States_005934.jpg,2 15 561 253 618 1 230 444 262 639 1 348 490 403 569
United_States_005935.jpg,2 367 433 432 449 1 142 403 220 579
United_States_005936.jpg,1 335 502 455 625 1 251 496 298 640 1 453 563 483 594
United_States_005937.jpg,3 0 454 260 639 2 236 449 360 473
United_States_005938.jpg,1 358 563 436 640 1 355 561 464 640
United_States_005939.jpg,1 146 420 279 636
United_States_005940.jpg,1 281 392 338 485 1 384 441 525 620 1 149 486 214 640 1 303 393 338 482
United_States_005941.jpg,3 49 423 172 640 3 50 470 151 639
United_States_005942.jpg,2 0 507 140 559 1 585 585 633 625 1 95 417 183 481
United_States_005943.jpg,1 181 504 210 591
United_States_005944.jpg,1 261 384 372 639 2 0 576 338 635
United_States_005945.jpg,1 440 545 471 589 2 329 503 457 525
United_States_005946.jpg,2 0 488 245 548 1 149 423 254 509
United_States_005947.jpg,1 145 401 235 639 1 23 505 115 617 2 228 435 513 491 2 60 445 209 464 1 507 435 595 481 2 112 570 176 585
United_States_005948.jpg,1 223 375 272 640 2 253 498 385 526 2 115 427 233 445 2 46 496 384 566 2 0 531 77 550
United_States_005949.jpg,1 393 416 513 534 1 164 414 271 639 1 352 400 377 461 1 279 510 315 640 2 319 474 476 512 1 186 451 216 496
United_States_005950.jpg,1 320 441 343 553 1 361 417 394 559 2 175 415 365 437
United_States_005951.jpg,1 270 445 330 640 2 470 504 640 530
United_States_005952.jpg,2 346 428 607 453 2 353 432 503 452 2 50 490 211 508
United_States_005953.jpg,2 122 610 437 639
United_States_005954.jpg,2 176 436 312 454
United_States_005955.jpg,1 426 442 594 625 1 34 518 126 625
United_States_005956.jpg,1 320 428 402 640 1 122 551 197 639 1 371 418 504 576 1 219 462 250 542 1 121 462 255 638
United_States_005957.jpg,1 501 392 548 479 1 443 432 485 640 1 500 392 566 510 1 444 445 473 571
United_States_005958.jpg,1 330 448 395 639 1 314 391 328 426
United_States_005959.jpg,3 237 427 510 640 1 110 435 171 639 2 0 536 277 591 1 120 440 158 640
United_States_005960.jpg,2 83 464 437 506 1 235 382 252 438
United_States_005961.jpg,2 292 496 409 536 3 0 365 225 609 4 34 432 56 447
United_States_005962.jpg,1 269 363 304 471 3 375 451 624 638 1 0 385 174 591 2 0 440 91 460 1 399 452 615 638 3 326 393 619 639
United_States_005963.jpg,1 459 517 555 640
United_States_005964.jpg,2 46 563 216 598 2 99 569 215 599 1 416 395 462 496
United_States_005965.jpg,1 0 518 63 619 1 125 399 163 444 1 0 399 160 615
United_States_005966.jpg,1 489 543 593 638 2 81 479 213 502 1 400 393 500 500 1 363 397 430 577 1 194 415 284 639 1 431 383 503 443
United_States_005967.jpg,2 388 524 519 600
United_States_005968.jpg,1 73 472 166 638 2 0 442 98 463 1 360 434 521 629
United_States_005969.jpg,1 374 432 444 498 1 373 433 569 612
United_States_005970.jpg,2 377 473 619 540
United_States_005971.jpg,3 0 407 152 625 1 0 405 157 623 2 162 540 249 575 1 165 540 249 574
United_States_005972.jpg,2 327 517 639 586 2 328 572 524 639
United_States_005973.jpg,2 0 498 163 521 2 1 529 148 550 1 45 422 122 495 1 207 435 231 491
United_States_005974.jpg,3 147 462 339 591
United_States_005975.jpg,1 0 423 108 608
United_States_005976.jpg,3 92 424 548 639
United_States_005977.jpg,1 183 514 276 639
United_States_005978.jpg,2 453 589 632 620
United_States_005979.jpg,1 384 585 403 621 1 137 521 229 639
United_States_005980.jpg,2 372 526 458 585 1 0 416 104 604
United_States_005981.jpg,1 252 438 395 612
United_States_005982.jpg,2 0 483 388 525
United_States_005983.jpg,1 351 450 509 638 1 315 386 506 637 1 565 459 640 534 2 563 446 614 468
United_States_005984.jpg,1 116 534 144 607 2 0 534 145 564
United_States_005985.jpg,1 158 565 192 639
United_States_005986.jpg,1 88 411 194 638
United_States_005987.jpg,1 293 410 336 522 2 204 595 410 635 1 386 523 431 637
United_States_005988.jpg,1 310 439 394 640
United_States_005989.jpg,
United_States_005990.jpg,2 332 408 439 428 2 66 500 161 516
United_States_005991.jpg,2 457 568 592 624 2 285 598 418 640 1 298 428 387 592
United_States_005992.jpg,1 336 380 496 637 2 465 504 562 525 4 183 445 218 464 2 223 453 385 474
United_States_005993.jpg,1 256 388 380 639 2 343 487 518 543
United_States_005994.jpg,1 180 399 214 455 1 114 552 158 639 1 245 392 278 640 2 1 446 599 506 1 51 496 135 615 2 0 475 253 505 2 0 464 366 503
United_States_005995.jpg,1 395 543 614 640 1 202 581 228 640 1 303 477 379 528 1 142 525 163 564
United_States_005996.jpg,1 174 386 237 575
United_States_005997.jpg,
United_States_005998.jpg,1 293 433 409 639
United_States_005999.jpg,1 317 500 419 640
United_States_006000.jpg,2 39 582 164 614 1 407 435 460 530 2 250 472 638 576
United_States_006001.jpg,1 65 384 277 618 2 222 446 444 478 2 219 443 639 507 2 220 446 619 489
United_States_006002.jpg,1 45 426 80 502 2 218 464 344 506 3 101 383 176 639 2 501 470 567 499 1 408 486 448 515
United_States_006003.jpg,1 0 421 178 613 1 154 415 180 468 1 0 454 152 616
United_States_006004.jpg,1 240 409 289 460 1 416 414 639 534 3 0 420 108 622
