United_States_004805.jpg,2 0 439 116 461 2 290 494 379 514
United_States_004806.jpg,3 84 394 390 618 2 477 587 638 629 2 0 597 55 615
United_States_004807.jpg,3 210 504 335 639
United_States_004808.jpg,1 371 479 397 535 1 0 392 185 528
United_States_004809.jpg,1 299 444 346 501 1 311 504 347 639 1 89 491 272 638 2 333 562 452 584 1 536 564 591 625
United_States_004810.jpg,2 222 448 350 470 1 220 409 240 455
United_States_004811.jpg,1 191 382 267 478
United_States_004812.jpg,1 438 540 537 635
United_States_004813.jpg,2 154 533 369 581 1 374 518 517 639
United_States_004814.jpg,1 283 411 375 542 1 92 425 168 563 2 39 512 108 526
United_States_004815.jpg,
United_States_004816.jpg,1 145 420 238 568 1 457 508 564 640 1 100 380 171 420
United_States_004817.jpg,1 311 405 459 606 1 328 384 406 464 1 38 470 138 619 2 127 518 355 577 2 444 566 550 604 1 39 393 206 614
United_States_004818.jpg,2 180 565 308 608
United_States_004819.jpg,1 471 576 493 616
United_States_004820.jpg,2 162 455 489 489 1 439 397 512 503
United_States_004821.jpg,1 381 523 465 640 1 201 365 218 401 1 127 463 178 640 1 147 360 181 456 1 163 362 179 408
United_States_004822.jpg,2 142 478 261 495 2 152 453 262 474 3 287 352 339 399 3 400 481 582 638 1 518 429 639 508 1 400 476 580 636 2 187 400 252 416
United_States_004823.jpg,1 306 393 328 446 1 285 432 334 591
United_States_004824.jpg,1 150 520 244 640
United_States_004825.jpg,1 89 449 153 581 1 170 398 199 455 2 161 506 246 536
United_States_004826.jpg,2 416 559 535 604 1 119 426 185 638 2 547 580 640 622
United_States_004827.jpg,2 106 455 243 489
United_States_004828.jpg,2 385 433 457 459 1 119 478 159 582 2 182 449 264 473
United_States_004829.jpg,2 0 508 253 547 1 235 527 260 605
United_States_004830.jpg,1 203 440 305 563 1 118 440 304 638
United_States_004831.jpg,1 158 442 178 495
United_States_004832.jpg,1 442 516 560 640 1 285 393 397 640
United_States_004833.jpg,1 275 434 319 639 1 273 428 301 542
United_States_004834.jpg,1 364 486 404 542 1 233 570 262 639
United_States_004835.jpg,1 240 478 260 538 1 0 486 31 606
United_States_004836.jpg,2 260 459 499 494 1 63 416 203 636 1 237 379 266 640 3 85 417 201 595 3 67 416 202 636
United_States_004837.jpg,3 52 439 198 619 1 265 480 281 517 2 444 431 542 460 1 245 421 255 445 1 367 494 499 634 4 144 485 161 500
United_States_004838.jpg,2 52 500 170 528
United_States_004839.jpg,2 385 496 528 559 2 0 563 137 593 2 4 444 178 470
United_States_004840.jpg,1 292 439 350 557
United_States_004841.jpg,2 42 511 431 628 1 230 408 281 538
United_States_004842.jpg,1 106 476 196 638
United_States_004843.jpg,1 143 382 280 571
United_States_004844.jpg,1 411 445 623 603
United_States_004845.jpg,1 361 471 416 553 2 123 466 360 502 1 360 467 503 638
United_States_004846.jpg,1 535 457 549 484 3 35 415 387 637 1 305 391 457 541 3 30 460 293 636 1 476 559 563 640 1 349 426 556 639 1 437 418 609 459
United_States_004847.jpg,1 42 437 238 599 1 41 487 239 598 1 38 504 86 609
United_States_004848.jpg,1 388 526 447 610 1 168 442 184 483 2 494 568 637 637 1 293 479 343 556 2 28 564 75 585 2 25 564 95 586
United_States_004849.jpg,1 380 427 550 639 2 1 445 181 466
United_States_004850.jpg,2 453 569 554 584
United_States_004851.jpg,1 177 555 216 639 1 175 464 240 638 1 192 466 237 561
United_States_004852.jpg,1 364 562 410 640 1 363 562 448 639
United_States_004853.jpg,1 209 393 275 548 2 342 537 485 570 2 140 573 300 638 2 319 457 412 475 1 0 429 64 489 1 0 427 63 519 1 501 556 583 637 2 143 540 498 628
United_States_004854.jpg,1 112 575 145 639 2 0 436 195 456
United_States_004855.jpg,1 261 430 485 640 2 107 467 205 482 3 259 430 378 546 3 260 430 486 638
United_States_004856.jpg,1 406 386 610 622 1 163 417 216 499 2 32 551 151 582
United_States_004857.jpg,
United_States_004858.jpg,1 0 460 91 611 2 503 463 634 552 1 503 461 632 552
United_States_004859.jpg,2 89 472 317 519 1 274 425 310 478
United_States_004860.jpg,2 191 454 348 481 1 107 388 228 636 1 320 391 539 640
United_States_004861.jpg,1 305 450 347 638 2 172 423 504 459 2 199 434 501 458 1 349 376 400 528
United_States_004862.jpg,1 119 437 195 578
United_States_004863.jpg,1 86 413 167 519 2 374 613 503 639 1 117 513 188 639
United_States_004864.jpg,2 495 514 600 542 1 405 401 579 639 1 337 556 368 640 1 405 394 451 482
United_States_004865.jpg,2 219 437 305 461 2 121 469 510 613 2 513 461 585 493
United_States_004866.jpg,2 360 426 482 458 2 182 462 294 504 2 80 472 180 495
United_States_004867.jpg,
United_States_004868.jpg,1 303 531 432 640 1 231 605 263 640
United_States_004869.jpg,1 64 412 172 621 2 0 495 118 517
United_States_004870.jpg,2 519 571 605 602 2 186 574 529 621 1 354 481 383 549 2 280 421 402 437 1 346 466 383 549 2 479 429 563 445
United_States_004871.jpg,3 178 382 365 606 2 0 504 188 590
United_States_004872.jpg,1 0 405 186 547 1 328 414 435 637
United_States_004873.jpg,1 417 569 465 623
United_States_004874.jpg,1 340 408 457 544 1 159 510 217 615 2 0 441 218 463
United_States_004875.jpg,1 306 407 392 560 2 78 527 171 547 1 181 432 228 573 1 453 410 633 523
United_States_004876.jpg,1 363 427 507 637 1 0 544 54 618 1 0 456 204 611 1 421 433 628 622
United_States_004877.jpg,1 60 516 162 640 1 444 509 535 632 1 215 397 286 552 2 349 476 488 497
United_States_004878.jpg,1 272 407 304 538 1 135 438 186 556 1 385 453 570 635 1 135 387 205 554 1 386 455 536 575 1 336 394 519 580
United_States_004879.jpg,1 354 491 502 613 1 288 512 345 567
United_States_004880.jpg,1 199 470 235 639 2 0 566 115 586
United_States_004881.jpg,2 97 427 248 446
United_States_004882.jpg,1 57 501 121 580 1 99 435 139 482 3 237 363 271 409 1 169 404 228 638 3 224 362 270 414 1 24 500 122 622 3 240 363 263 402
United_States_004883.jpg,2 0 497 253 570 2 299 475 361 500
United_States_004884.jpg,1 143 363 177 550 3 317 447 639 640 1 331 476 571 638 1 283 382 410 474
United_States_004885.jpg,2 441 525 556 583
United_States_004886.jpg,1 236 538 284 639
United_States_004887.jpg,1 370 499 407 566 1 317 390 417 495 1 315 418 358 503
United_States_004888.jpg,1 316 474 415 640 1 0 448 98 597 2 0 486 43 501
United_States_004889.jpg,3 0 377 386 636 3 148 372 473 638 2 338 497 547 546 2 341 440 563 460 2 0 468 41 483 3 48 367 456 626
United_States_004890.jpg,1 221 446 237 478 1 395 425 480 548 1 395 425 563 640
United_States_004891.jpg,1 445 432 638 568
United_States_004892.jpg,
United_States_004893.jpg,1 343 500 392 630 1 414 596 458 639 1 413 596 476 639
United_States_004894.jpg,1 0 403 90 583
United_States_004895.jpg,4 127 482 162 513 1 159 393 194 465
United_States_004896.jpg,1 395 410 492 546 1 394 401 545 637 2 518 499 574 512
United_States_004897.jpg,2 82 495 310 532 2 76 445 519 532 2 106 457 222 478 2 278 452 510 490 1 397 397 638 553
United_States_004898.jpg,1 198 452 240 604 2 438 586 485 634
United_States_004899.jpg,1 353 445 530 638 3 201 431 425 640 3 193 429 537 640
United_States_004900.jpg,1 454 502 551 639 1 368 526 432 593
United_States_004901.jpg,1 59 454 131 629 1 134 387 155 429
United_States_004902.jpg,1 193 392 253 502 3 273 400 342 541 1 113 552 170 639
United_States_004903.jpg,1 133 485 259 639 2 401 614 490 635
United_States_004904.jpg,3 313 400 505 543
United_States_004905.jpg,3 285 437 368 639 2 175 463 307 479
United_States_004906.jpg,
United_States_004907.jpg,
United_States_004908.jpg,2 342 460 564 544 1 50 535 116 623 1 317 540 383 640 1 246 382 315 540 1 492 490 639 578
United_States_004909.jpg,1 492 541 551 639 1 412 469 449 529
United_States_004910.jpg,3 0 411 391 638 3 12 387 481 639 3 0 431 300 639 3 207 375 640 640
United_States_004911.jpg,1 455 462 594 632 1 389 396 403 425 1 435 389 638 522 1 68 454 198 618 2 234 448 346 466 2 81 438 221 460 2 0 543 110 574 1 229 376 279 457 2 67 439 352 471
United_States_004912.jpg,1 65 552 145 620 3 205 459 256 639
United_States_004913.jpg,3 389 417 622 493 2 461 525 638 551 2 80 494 219 516 2 74 492 370 531 2 461 527 593 546
United_States_004914.jpg,1 366 407 388 478 1 372 531 418 640 2 288 504 498 543 1 300 388 324 473 2 300 512 453 541
United_States_004915.jpg,3 302 398 440 556 1 482 524 576 605 2 555 512 639 535 3 297 402 499 631 1 467 564 534 640 2 0 550 195 581 2 0 536 199 581
United_States_004916.jpg,1 144 455 202 561
United_States_004917.jpg,1 434 474 563 639 1 247 423 279 522 2 1 504 411 547 1 199 545 248 639
United_States_004918.jpg,1 411 489 551 639 2 128 532 233 551 2 247 486 384 516
United_States_004919.jpg,1 493 582 533 624 1 143 522 165 566
United_States_004920.jpg,1 334 421 390 635 1 448 514 554 640 1 155 388 280 636 1 376 414 552 640
United_States_004921.jpg,3 0 402 207 617 1 328 485 364 563
United_States_004922.jpg,1 113 408 173 550 1 363 516 432 603 1 63 590 101 639 2 326 474 499 533
United_States_004923.jpg,2 488 592 581 609 1 461 570 522 639
United_States_004924.jpg,
United_States_004925.jpg,1 240 414 272 479 2 96 490 228 512 2 545 595 640 631 2 543 579 640 631
United_States_004926.jpg,1 393 428 590 629 1 522 483 639 577 3 393 428 593 628
United_States_004927.jpg,2 0 496 169 520
United_States_004928.jpg,1 403 413 453 529 1 455 554 500 640
United_States_004929.jpg,1 98 435 128 504 1 102 436 128 490
United_States_004930.jpg,2 447 491 529 520
United_States_004931.jpg,1 388 464 552 638 1 74 478 179 639 1 321 382 367 434 1 186 399 225 471 1 103 473 179 599 1 74 399 224 632
United_States_004932.jpg,1 168 451 198 590 1 235 388 460 640 3 5 439 99 494
United_States_004933.jpg,1 0 528 131 616
United_States_004934.jpg,1 200 447 251 506
United_States_004935.jpg,1 76 403 139 513 2 128 410 208 426 1 0 556 41 620
United_States_004936.jpg,2 339 504 498 588 1 0 361 110 598 2 474 562 572 637
United_States_004937.jpg,1 180 396 260 557 1 0 394 133 470 2 0 581 119 607 1 361 542 404 634 1 367 456 457 559 1 366 457 483 589 1 451 398 559 462
United_States_004938.jpg,2 98 476 328 504
United_States_004939.jpg,1 59 460 139 637 2 82 418 332 447 1 60 396 149 636
United_States_004940.jpg,1 22 391 194 625 2 0 464 136 499
United_States_004941.jpg,1 366 485 452 633 2 0 550 208 572
United_States_004942.jpg,3 0 449 256 639 3 270 445 330 538
United_States_004943.jpg,2 282 539 402 559
United_States_004944.jpg,2 312 484 476 522 2 21 577 141 597 1 258 384 329 542 2 38 452 216 487 1 258 386 337 636 2 324 431 429 449 2 574 496 639 520 2 0 554 56 573
United_States_004945.jpg,1 477 550 585 639 1 233 405 260 640 2 153 441 358 467
United_States_004946.jpg,1 164 413 285 638 1 545 446 640 538
United_States_004947.jpg,1 331 440 480 577
United_States_004948.jpg,1 238 430 265 500 1 316 412 363 537 2 6 528 180 558 1 4 401 140 526 2 96 427 246 448 1 105 546 127 578
United_States_004949.jpg,2 1 510 409 587 2 68 495 467 559 2 29 492 493 573
United_States_004950.jpg,3 352 98 636 299
United_States_004951.jpg,1 198 435 376 640 1 118 377 152 428 2 208 518 267 537 1 523 549 618 601
United_States_004952.jpg,2 124 577 375 638 1 317 397 463 638 2 344 427 478 442 1 467 407 499 434
United_States_004953.jpg,1 0 469 79 608 2 423 584 469 622 1 198 391 221 421 2 488 602 639 638 1 213 457 303 640 2 27 411 375 472 1 32 415 79 470
United_States_004954.jpg,3 0 397 309 635 3 23 394 397 639 1 274 393 423 579
United_States_004955.jpg,3 69 367 469 640 3 194 384 633 639 1 346 372 382 401
United_States_004956.jpg,2 307 587 432 616 2 0 474 220 502 2 0 481 124 504 1 214 372 249 507
United_States_004957.jpg,2 0 478 402 605 2 74 455 480 584 2 145 441 550 557 2 0 498 336 611
United_States_004958.jpg,2 0 469 186 500
United_States_004959.jpg,1 394 536 465 639 1 395 533 499 639
United_States_004960.jpg,1 447 461 593 619 1 496 516 593 622 2 54 431 200 447 2 18 463 442 514 2 48 457 471 506 2 138 460 460 496 1 254 405 267 435
United_States_004961.jpg,3 340 431 640 619 2 99 445 186 463 3 218 399 602 640 1 0 416 97 595 1 349 425 637 624
United_States_004962.jpg,1 68 381 192 636 1 223 392 319 640
United_States_004963.jpg,1 347 414 470 639 1 58 529 144 638 1 155 459 231 544
United_States_004964.jpg,1 416 498 552 637 1 0 419 133 597 2 289 483 477 530 2 286 493 429 528
United_States_004965.jpg,2 75 451 224 470 2 19 583 223 610 2 286 484 385 520 1 393 519 464 609 1 204 387 274 640
United_States_004966.jpg,2 386 481 501 510
United_States_004967.jpg,1 108 519 157 633
United_States_004968.jpg,1 52 416 142 610
United_States_004969.jpg,3 73 405 441 640 2 294 578 407 604 2 358 496 479 529 2 265 496 485 535
United_States_004970.jpg,1 31 429 197 605
United_States_004971.jpg,1 331 447 356 552
United_States_004972.jpg,1 0 513 119 610 2 0 423 107 442
United_States_004973.jpg,1 131 469 226 586 1 131 468 226 636 1 140 398 218 468 2 223 445 640 471 2 116 443 556 476 2 35 442 458 476 1 0 484 76 591
United_States_004974.jpg,1 34 391 128 441 1 159 403 210 522 2 4 432 181 448 2 46 431 178 449 1 0 446 51 601 1 0 444 49 558
United_States_004975.jpg,1 166 399 244 505
United_States_004976.jpg,3 139 400 264 557
United_States_004977.jpg,1 0 536 111 611 1 246 489 309 639 2 277 562 360 582 2 278 540 373 581 1 349 534 372 573 1 279 536 376 581
United_States_004978.jpg,1 131 416 172 577 1 259 559 289 638 1 258 560 301 639
United_States_004979.jpg,1 24 450 87 509 1 119 394 147 427 2 0 530 58 554
United_States_004980.jpg,1 0 432 149 557 1 196 508 218 560 2 265 446 425 467 2 63 493 213 515 1 200 416 254 558 2 27 491 225 516 1 178 416 253 559 1 201 451 246 557
United_States_004981.jpg,2 0 517 220 548 1 284 511 301 546 2 0 513 225 563 2 0 513 153 553
United_States_004982.jpg,1 339 406 405 536 2 0 509 132 538 2 117 425 226 443 1 433 401 639 548 1 234 455 275 538
United_States_004983.jpg,1 201 425 289 639 1 287 357 305 398
United_States_004984.jpg,3 406 444 633 613 1 409 445 634 615 2 0 418 47 434 2 0 410 47 434
United_States_004985.jpg,1 326 430 383 535 2 520 421 640 439
United_States_004986.jpg,1 137 507 164 584 1 309 384 640 572 1 205 449 229 557 2 216 452 297 472 1 337 431 638 576
United_States_004987.jpg,1 391 527 442 640
United_States_004988.jpg,1 393 498 532 637 1 475 577 535 637 1 393 497 462 578
United_States_004989.jpg,4 350 428 390 445
United_States_004990.jpg,2 0 573 180 599
United_States_004991.jpg,1 83 521 161 581
United_States_004992.jpg,1 284 490 334 638 1 286 491 352 639
United_States_004993.jpg,1 86 498 114 592 2 2 463 124 488
United_States_004994.jpg,1 0 446 95 613 1 116 528 143 640 3 0 443 96 613
United_States_004995.jpg,1 377 403 477 553 3 0 428 221 625 2 108 526 232 551 1 412 458 479 555 1 0 406 226 623
United_States_004996.jpg,1 17 449 162 615 1 256 402 312 556
United_States_004997.jpg,1 149 475 182 593 1 45 421 93 516 2 155 570 474 640 2 354 572 451 622 1 356 572 504 625 2 354 571 504 624
United_States_004998.jpg,
United_States_004999.jpg,2 16 538 230 581 2 23 537 229 599
United_States_005000.jpg,3 0 474 105 622 1 113 523 156 608 1 235 398 318 545 3 237 399 318 547
United_States_005001.jpg,2 77 520 351 552 1 308 465 351 536
United_States_005002.jpg,2 406 464 470 488 2 405 441 576 489 1 0 434 130 578 1 33 509 127 609 1 0 440 78 491 1 0 422 139 546
United_States_005003.jpg,1 41 471 139 619
United_States_005004.jpg,1 214 492 282 544 2 419 523 638 559 1 358 401 473 538 2 334 491 422 522
United_States_005005.jpg,2 155 448 367 483 2 96 538 395 608 2 418 505 586 537 2 209 397 339 414
United_States_005006.jpg,1 353 422 640 563
United_States_005007.jpg,2 228 486 338 524 2 245 423 353 447
United_States_005008.jpg,1 406 456 457 561 1 372 379 391 412
United_States_005009.jpg,1 228 403 262 639 1 63 413 199 629 1 326 415 423 561 2 69 447 492 484 2 0 455 414 485 2 360 440 563 463 2 85 468 247 483 2 287 440 566 467 2 155 467 245 482 2 253 455 350 471
United_States_005010.jpg,3 316 407 573 639 3 68 420 174 632 1 451 429 639 529 1 319 402 568 638
United_States_005011.jpg,1 0 505 99 618 1 115 411 249 637 1 340 492 362 557 2 233 441 513 466 2 0 475 196 492 2 240 444 360 462 1 363 553 402 640 2 0 420 96 438 1 151 412 248 564 1 341 486 398 639
United_States_005012.jpg,2 0 445 111 463 2 0 413 303 465 1 0 458 132 613 1 347 500 406 561 2 121 435 263 459 1 345 500 426 581
United_States_005013.jpg,1 17 502 232 619 1 310 392 345 504
United_States_005014.jpg,1 20 490 148 623
United_States_005015.jpg,2 499 589 586 632 1 547 461 639 524
United_States_005016.jpg,1 227 471 278 564
United_States_005017.jpg,1 339 453 512 638 2 0 458 335 525 1 256 411 268 439
United_States_005018.jpg,1 224 414 259 482 1 342 377 393 446 1 312 439 386 640 3 313 440 388 640
United_States_005019.jpg,1 114 428 179 535 1 264 392 396 640 2 299 453 341 464 2 64 477 127 490 1 262 388 318 496
United_States_005020.jpg,1 252 497 272 573
United_States_005021.jpg,1 338 449 443 639 2 374 592 465 610 1 146 480 216 593 1 339 449 406 639
United_States_005022.jpg,1 63 440 185 611 1 311 437 403 626 2 502 599 599 620 1 209 511 226 554 1 222 406 247 493
United_States_005023.jpg,1 244 387 286 540
United_States_005024.jpg,1 176 484 203 565 2 64 547 171 569 1 485 442 560 486 1 390 412 430 448 2 316 488 365 500 1 279 408 349 549 2 285 396 482 423 1 281 408 368 600 2 283 407 406 422
United_States_005025.jpg,2 342 527 439 544 1 117 395 269 633
United_States_005026.jpg,2 0 555 143 586 1 0 398 130 590 1 0 398 132 533 1 244 446 265 511
United_States_005027.jpg,1 64 461 195 638 2 455 534 638 564 1 381 439 475 634 1 61 585 107 639
United_States_005028.jpg,1 425 415 474 468 1 198 402 333 638 2 553 599 640 619 3 203 401 334 638
United_States_005029.jpg,1 151 418 243 558 2 0 455 90 479
United_States_005030.jpg,1 52 381 219 607 1 250 384 294 472
United_States_005031.jpg,2 9 510 149 532 1 405 517 493 608 2 115 494 449 555 2 5 508 187 532 2 6 502 242 533
United_States_005032.jpg,1 313 383 351 640
United_States_005033.jpg,1 281 368 333 433 1 406 512 485 617 2 130 477 328 512 1 307 428 423 574
United_States_005034.jpg,1 112 456 152 501 1 113 391 200 593 2 0 501 102 530 2 140 527 249 553 2 316 456 366 471
United_States_005035.jpg,1 268 431 341 558
United_States_005036.jpg,1 60 405 189 555
United_States_005037.jpg,1 294 449 340 639 2 0 567 104 600
United_States_005038.jpg,1 212 450 247 548 1 213 430 253 549
United_States_005039.jpg,
United_States_005040.jpg,1 272 512 295 639 2 243 467 542 510 1 140 425 221 639 3 133 425 223 640 1 351 436 388 478
United_States_005041.jpg,1 389 402 451 461 2 173 508 291 530 2 2 500 302 531
United_States_005042.jpg,1 361 431 428 549 1 102 431 200 541 2 94 544 201 560 1 64 570 104 618
United_States_005043.jpg,1 347 418 413 564 1 154 558 225 639 1 453 400 639 514 2 478 583 588 603 2 1 556 97 614 1 245 410 281 493
United_States_005044.jpg,2 443 497 570 532 1 143 430 212 630
United_States_005045.jpg,1 107 437 234 637 1 0 511 95 618 2 0 479 196 507 1 320 407 384 539
United_States_005046.jpg,1 524 590 589 639
United_States_005047.jpg,1 437 501 534 639 2 190 471 603 527 2 414 422 538 436 2 204 430 285 443 2 10 481 147 501 1 49 401 242 558 1 46 561 107 616 1 36 401 240 613 2 311 478 640 518 1 381 400 536 638 1 321 364 332 385
United_States_005048.jpg,1 406 409 559 640
United_States_005049.jpg,2 0 417 265 451
United_States_005050.jpg,1 366 515 388 568 1 0 524 107 602
United_States_005051.jpg,1 128 404 241 639 2 212 480 443 508 1 327 496 371 549 2 84 533 169 549 2 210 489 332 506 2 71 455 193 474 1 0 466 73 553
United_States_005052.jpg,3 88 419 333 638
United_States_005053.jpg,1 194 358 222 410 1 0 429 127 593
United_States_005054.jpg,1 210 373 255 554 1 222 503 242 556 1 210 371 234 458
United_States_005055.jpg,2 50 470 252 493 1 0 409 127 594 2 203 438 314 466 2 202 432 376 463
United_States_005056.jpg,1 244 494 298 637
United_States_005057.jpg,1 76 563 136 639
United_States_005058.jpg,1 75 501 144 639
United_States_005059.jpg,1 115 427 171 540 1 292 411 361 640 2 0 570 119 603 2 0 580 220 607 2 0 570 220 608 1 334 417 453 631 2 235 552 319 571
United_States_005060.jpg,2 363 488 570 551 3 93 408 310 639 2 0 468 174 495 1 104 397 219 639 1 397 404 639 534
United_States_005061.jpg,2 248 519 328 536 1 320 481 338 540 2 15 559 405 602 2 4 503 190 526 2 151 569 412 597
United_States_005062.jpg,1 246 395 281 517 3 329 429 554 639 1 413 432 550 639
United_States_005063.jpg,1 228 401 275 558 1 0 444 101 569 1 301 402 382 547 2 296 531 368 557
United_States_005064.jpg,4 118 566 150 586
United_States_005065.jpg,2 0 522 204 553 1 448 457 527 528 1 502 527 619 622 1 444 454 616 619 2 155 421 240 437 1 0 384 201 529
United_States_005066.jpg,2 0 441 141 465
United_States_005067.jpg,1 194 462 233 554 1 0 388 124 459 1 0 388 122 491
United_States_005068.jpg,2 426 487 637 563 2 0 548 182 581 2 40 547 182 578
United_States_005069.jpg,2 311 461 551 537 1 327 413 399 493 1 512 476 637 562 2 306 489 451 536 2 477 428 553 449 1 513 474 639 601 2 83 528 150 544
United_States_005070.jpg,
United_States_005071.jpg,1 451 548 506 639
United_States_005072.jpg,2 38 506 120 523
United_States_005073.jpg,1 187 541 214 639 1 62 494 121 605
United_States_005074.jpg,2 5 473 245 516 1 94 405 147 466
United_States_005075.jpg,2 223 598 319 620
United_States_005076.jpg,1 256 487 362 576 2 365 518 506 567 2 0 486 281 556 1 481 489 575 558 2 547 615 620 639 3 0 414 376 634 1 113 580 198 640
United_States_005077.jpg,1 68 480 164 600 1 35 536 72 586
United_States_005078.jpg,1 0 398 147 591 3 221 426 465 640 1 230 427 322 639
United_States_005079.jpg,1 374 440 539 552
United_States_005080.jpg,2 0 532 154 555
United_States_005081.jpg,1 154 449 191 556 2 28 500 151 519
United_States_005082.jpg,3 0 377 200 638 2 0 418 111 441
United_States_005083.jpg,1 352 451 586 638 1 530 519 639 610 1 251 503 298 594
United_States_005084.jpg,1 482 542 501 591
United_States_005085.jpg,2 0 450 90 467 1 26 503 103 621
United_States_005086.jpg,
United_States_005087.jpg,1 434 477 536 558 1 310 423 388 542 1 410 548 479 639
United_States_005088.jpg,2 472 548 628 615 2 425 564 507 598
United_States_005089.jpg,1 388 451 523 601
United_States_005090.jpg,1 379 395 500 537 1 377 396 425 443 1 233 457 339 542 2 473 556 510 581 2 228 458 288 493 1 270 501 340 543 1 442 469 502 537
United_States_005091.jpg,1 315 418 553 639 1 463 443 637 545 2 532 590 576 616 1 305 369 332 399 2 143 474 228 491 1 458 438 484 459
United_States_005092.jpg,1 233 420 266 557 1 359 421 483 595 2 416 465 638 498 1 357 418 506 639 1 326 409 341 429 1 42 510 130 615 1 480 408 496 434
United_States_005093.jpg,1 128 506 186 639 1 243 465 325 639
United_States_005094.jpg,1 175 393 266 552 2 316 551 417 639
United_States_005095.jpg,1 154 453 213 559 2 442 509 638 543 2 0 523 162 545 2 142 412 203 423
United_States_005096.jpg,2 437 538 588 577 1 157 396 258 639 2 18 556 77 571
United_States_005097.jpg,1 298 403 335 438
United_States_005098.jpg,2 68 554 214 605 2 67 554 218 590
United_States_005099.jpg,2 156 457 520 518
United_States_005100.jpg,1 391 467 430 524 3 0 422 306 639 1 411 395 639 627
United_States_005101.jpg,2 258 439 479 465
United_States_005102.jpg,1 446 495 508 534 2 93 538 153 552 2 267 549 397 568 2 188 547 397 568 1 515 544 640 603
United_States_005103.jpg,2 320 548 373 560 2 422 585 637 637
United_States_005104.jpg,1 147 464 218 563 1 147 469 198 564 1 371 469 445 569 1 205 462 220 487
United_States_005105.jpg,1 120 468 240 570 1 454 476 527 594 2 89 558 182 577 2 494 499 635 517 1 186 404 287 461
United_States_005106.jpg,1 339 510 450 639 1 164 477 240 596
United_States_005107.jpg,2 83 485 497 513 3 465 449 628 563
United_States_005108.jpg,1 240 489 259 534 1 213 373 242 482
United_States_005109.jpg,2 435 534 569 573 1 213 489 252 589 1 186 418 253 592
United_States_005110.jpg,1 153 470 210 640 2 318 463 461 494 1 288 489 317 552 2 36 466 131 481
United_States_005111.jpg,1 147 432 240 639
United_States_005112.jpg,2 59 9 126 24 1 282 374 314 413 2 1 521 119 548 2 474 506 540 554 3 341 391 391 427 1 369 475 455 572
United_States_005113.jpg,1 118 457 176 562 3 483 471 639 597 3 531 479 639 606 1 74 452 182 612
United_States_005114.jpg,2 112 510 405 555
United_States_005115.jpg,1 230 534 261 583
United_States_005116.jpg,1 406 413 477 552 1 312 420 347 548 1 398 408 510 639
United_States_005117.jpg,1 378 368 637 533 1 274 412 306 558 2 298 402 436 416
United_States_005118.jpg,3 346 464 638 603 1 230 384 243 423 1 0 435 64 604 1 0 433 64 529
United_States_005119.jpg,2 268 460 340 475 1 320 435 368 513 2 262 426 322 440
United_States_005120.jpg,1 419 458 474 563 1 404 397 451 462 1 486 549 518 586
United_States_005121.jpg,1 289 387 365 639 1 290 387 322 505 2 128 514 216 530 1 316 498 359 639
United_States_005122.jpg,1 153 486 182 639 1 246 501 394 639
United_States_005123.jpg,1 191 438 373 640
United_States_005124.jpg,2 0 495 196 522 1 384 404 430 454 2 378 465 547 487 1 501 407 639 572 1 340 413 393 544
United_States_005125.jpg,3 0 354 301 639 2 343 477 393 493 2 73 530 398 636 1 253 390 268 426 1 0 358 215 601 3 0 358 214 637 1 529 544 608 626
United_States_005126.jpg,1 437 454 536 568 1 196 445 247 554 1 327 419 371 549
United_States_005127.jpg,3 0 474 252 639 1 516 568 545 594
United_States_005128.jpg,
United_States_005129.jpg,2 32 567 182 589 1 338 459 431 609
United_States_005130.jpg,2 0 462 96 482 1 154 536 193 640
United_States_005131.jpg,1 434 438 639 583 1 132 522 155 582 3 292 404 545 638 1 288 402 552 638 1 387 430 434 466 1 378 417 435 467
United_States_005132.jpg,1 344 422 505 639 2 98 528 202 552 1 0 508 73 576
United_States_005133.jpg,1 280 463 327 554 2 278 465 327 547
United_States_005134.jpg,1 172 468 214 553 1 115 465 217 638
United_States_005135.jpg,1 461 443 631 562
United_States_005136.jpg,1 417 407 477 565
United_States_005137.jpg,1 211 409 260 637 1 37 450 137 601
United_States_005138.jpg,2 283 435 459 510 2 276 435 459 538 2 418 394 544 420 2 282 541 369 587
United_States_005139.jpg,1 218 396 286 541 1 394 468 463 542 1 221 396 288 640
United_States_005140.jpg,1 138 501 176 639
United_States_005141.jpg,1 343 555 451 639
United_States_005142.jpg,1 63 422 173 635 2 246 574 416 625
United_States_005143.jpg,1 1 485 76 597 1 66 439 198 637
United_States_005144.jpg,2 445 565 568 589 1 182 554 234 640 1 312 571 420 639
United_States_005145.jpg,1 242 526 279 639 2 80 585 194 605 1 338 504 435 639
United_States_005146.jpg,1 104 439 200 575 3 293 408 475 610 1 105 467 179 578 1 297 409 402 636 1 305 411 473 586
United_States_005147.jpg,1 255 443 282 545 1 437 501 546 639
United_States_005148.jpg,1 270 397 352 552 1 222 377 237 408 1 190 436 253 559 1 190 437 283 560
United_States_005149.jpg,2 115 469 243 488 1 235 444 280 552
United_States_005150.jpg,
United_States_005151.jpg,2 84 575 176 592 2 210 550 356 570 1 377 517 461 639 2 0 575 177 597 1 149 501 262 639
United_States_005152.jpg,1 194 403 247 532
United_States_005153.jpg,2 94 439 225 461
United_States_005154.jpg,1 0 485 148 620 1 357 372 378 419 2 0 436 279 466 1 204 373 321 635 2 289 460 461 487 2 288 467 404 485 1 0 471 69 516 1 0 470 70 535 1 0 471 69 577 2 521 587 637 614
United_States_005155.jpg,1 55 437 149 576 1 290 456 360 640 1 129 588 154 640 1 112 436 149 480
United_States_005156.jpg,2 0 497 146 521 3 126 496 255 565 2 77 421 210 439 3 125 449 257 622
United_States_005157.jpg,1 0 484 104 616
United_States_005158.jpg,2 324 547 395 569 1 0 360 174 482 3 0 448 413 624
United_States_005159.jpg,2 357 460 435 475 1 322 440 372 555 3 203 409 264 559 1 204 411 263 560
United_States_005160.jpg,2 396 574 542 593
United_States_005161.jpg,1 1 485 89 621 1 100 401 141 440 2 473 468 613 544 1 1 400 132 616 1 240 555 285 640 1 144 422 176 520
United_States_005162.jpg,1 406 392 522 490 1 589 475 639 525 2 437 416 525 434
United_States_005163.jpg,3 113 480 241 624
United_States_005164.jpg,2 124 571 380 639 1 380 568 477 640
United_States_005165.jpg,1 146 413 230 512
United_States_005166.jpg,1 421 428 630 614 3 76 406 265 639 1 352 495 371 549 1 61 412 147 464 2 353 471 409 492 2 114 449 199 464
United_States_005167.jpg,1 271 514 317 640 1 336 517 452 640
United_States_005168.jpg,1 388 542 512 639 2 143 547 286 595 2 92 548 288 600
United_States_005169.jpg,2 89 482 327 543 2 87 458 340 542
United_States_005170.jpg,1 239 483 308 639 1 351 476 372 532
United_States_005171.jpg,1 359 382 557 639 1 97 436 165 523 2 301 410 363 422 1 409 365 639 515 1 286 339 305 419 2 71 420 245 447
United_States_005172.jpg,2 519 598 640 620 2 0 502 255 530 2 298 501 597 529 2 450 504 589 524 1 242 511 259 550
United_States_005173.jpg,1 287 480 315 542 1 175 389 199 427 2 90 406 185 421
United_States_005174.jpg,1 346 501 423 639
United_States_005175.jpg,1 0 437 90 587 2 2 513 177 540 3 212 497 287 541
United_States_005176.jpg,1 389 542 450 639 1 390 453 430 494
United_States_005177.jpg,1 222 382 409 640 2 434 534 588 609 1 582 535 639 579 1 70 379 135 462 1 349 394 640 515 1 0 380 130 613 3 351 397 640 518
United_States_005178.jpg,1 483 492 601 624 1 237 473 264 514 3 330 398 413 544 1 23 476 144 618 1 70 476 143 578 2 373 475 624 505 1 21 564 55 619 2 176 431 291 449 3 327 396 464 546
United_States_005179.jpg,2 260 448 408 478 1 410 456 552 640 2 467 495 593 515 2 455 494 635 516
United_States_005180.jpg,1 320 395 458 581 1 209 444 263 638 1 217 450 262 566
United_States_005181.jpg,1 292 437 339 533 1 205 526 253 601
United_States_005182.jpg,1 295 388 333 512 1 159 402 249 634 3 374 372 440 417 2 0 428 175 449
United_States_005183.jpg,2 310 452 480 474 1 288 507 314 543
United_States_005184.jpg,1 337 429 574 638 3 263 439 370 640 1 475 461 638 564 1 264 440 361 640 1 320 423 349 451 2 0 461 131 488
United_States_005185.jpg,2 21 446 124 463 2 0 445 408 510 2 186 448 399 473
United_States_005186.jpg,1 257 406 363 566 2 382 453 470 473
United_States_005187.jpg,1 184 481 254 636 1 267 489 337 572 1 0 445 99 600
United_States_005188.jpg,1 46 497 112 617 1 171 367 204 540 2 0 445 280 496 2 60 595 194 639 2 19 448 276 477 2 0 474 75 497
United_States_005189.jpg,1 114 425 198 562 2 475 512 638 541
United_States_005190.jpg,1 532 509 565 549 1 227 487 249 540
United_States_005191.jpg,1 316 460 440 602 3 182 380 331 539 2 0 571 105 598 1 0 452 63 618 2 45 466 144 488
United_States_005192.jpg,1 0 401 190 594 2 510 604 640 629 2 511 590 639 632
United_States_005193.jpg,1 396 432 442 483 1 336 398 485 640 1 0 521 76 613 1 119 478 186 603 2 441 465 573 487 1 191 454 287 638 1 191 541 233 640 1 517 417 576 464 1 432 387 490 419 1 214 405 231 450
United_States_005194.jpg,1 364 504 446 637
United_States_005195.jpg,1 331 451 423 557 1 306 378 382 456 2 461 583 562 605 1 122 449 150 495
United_States_005196.jpg,1 212 445 258 634 2 305 482 392 525 1 533 486 640 556 1 534 486 639 585
United_States_005197.jpg,1 238 485 333 639
United_States_005198.jpg,1 71 524 134 622 1 145 487 167 528 1 230 483 257 640
United_States_005199.jpg,1 356 499 450 640
United_States_005200.jpg,1 91 402 238 639 2 354 525 518 549 1 301 451 368 548 2 434 569 559 592 2 312 567 556 596
United_States_005201.jpg,2 79 465 248 507 2 214 527 259 540 1 0 411 114 598 1 244 474 303 639 1 322 237 355 276 1 229 410 304 639 1 0 411 116 527
United_States_005202.jpg,2 195 562 582 639 1 269 549 286 589 1 290 477 310 529
United_States_005203.jpg,2 162 518 312 535
United_States_005204.jpg,1 26 505 141 623 1 383 382 407 407 1 352 447 374 504 1 504 536 549 640 1 0 444 115 528 3 343 405 457 521 2 0 526 97 547 3 385 468 558 639
United_States_005205.jpg,1 234 597 250 639
United_States_005206.jpg,3 369 404 405 462 4 474 442 497 464
United_States_005207.jpg,1 278 432 295 483 1 188 480 214 553 1 156 451 236 623
United_States_005208.jpg,1 442 533 570 640 2 137 589 243 621 2 230 583 403 626 2 498 562 548 587
United_States_005209.jpg,1 223 379 296 535 2 411 491 507 508 2 403 489 638 527 1 338 370 421 601 1 335 360 367 458 2 132 543 194 555
United_States_005210.jpg,1 426 513 579 638 2 166 575 266 596 1 260 507 283 570
United_States_005211.jpg,1 224 403 314 639
United_States_005212.jpg,1 169 435 226 558
United_States_005213.jpg,1 37 422 148 522 1 318 415 456 638
United_States_005214.jpg,1 334 428 550 639 1 25 417 139 619 1 109 568 136 634 1 399 426 628 570 2 247 590 387 616 2 453 526 534 546
United_States_005215.jpg,1 393 483 526 640
United_States_005216.jpg,1 228 437 252 474 1 232 511 252 560 1 222 581 249 640
United_States_005217.jpg,1 375 414 598 621
United_States_005218.jpg,2 175 474 338 506 1 22 387 237 619 1 101 540 134 590 2 347 532 476 574 1 169 382 237 484 1 345 531 474 589
United_States_005219.jpg,1 118 413 233 603 1 273 465 290 492 1 276 572 377 640
United_States_005220.jpg,1 338 472 388 555 1 364 411 623 619 1 1 449 142 593 1 164 429 186 468 2 103 455 411 503 1 235 390 255 454
United_States_005221.jpg,2 282 590 443 616 1 390 436 444 563
United_States_005222.jpg,1 162 369 199 472
United_States_005223.jpg,3 334 373 584 640 1 539 412 640 471 1 471 441 506 476 2 120 543 194 562 3 331 376 509 639 2 400 399 624 421 3 332 377 452 639
United_States_005224.jpg,2 0 476 354 514 2 428 523 639 572 2 428 545 570 572
United_States_005225.jpg,3 169 367 270 446
United_States_005226.jpg,1 0 406 257 561 2 314 574 469 639 2 526 524 584 538 1 120 405 337 613 1 276 441 377 638
United_States_005227.jpg,1 459 524 495 578 1 510 573 560 640 2 396 599 529 618 2 349 597 532 619
United_States_005228.jpg,3 290 418 458 639 2 14 482 188 504 3 454 535 635 622 1 125 402 253 593
United_States_005229.jpg,
United_States_005230.jpg,2 128 579 287 638 3 264 489 418 640 2 368 527 510 559
United_States_005231.jpg,1 49 563 93 621 1 269 465 306 505 1 116 544 140 639
United_States_005232.jpg,2 560 546 615 591 1 342 476 400 547 2 474 451 606 482 2 520 523 581 559
United_States_005233.jpg,1 345 550 440 639 1 457 496 508 537
United_States_005234.jpg,1 415 440 542 639
United_States_005235.jpg,1 382 444 408 479 1 75 487 213 638 1 294 555 358 638
United_States_005236.jpg,1 427 447 451 524
United_States_005237.jpg,1 323 417 379 573 2 356 453 509 473 2 157 448 333 468 2 153 453 293 468 1 324 419 399 613
United_States_005238.jpg,1 393 466 458 567
United_States_005239.jpg,2 0 452 121 475 2 0 451 279 475 1 57 416 162 607 2 151 451 272 473 1 57 465 151 609 1 332 485 408 575 2 0 592 115 615
United_States_005240.jpg,1 332 406 487 639 1 494 424 553 460 1 41 520 89 579
United_States_005241.jpg,1 296 413 398 640 2 337 496 484 521
United_States_005242.jpg,2 101 553 274 637 1 62 380 108 460 1 101 551 274 637
United_States_005243.jpg,1 73 476 141 590 1 140 427 190 526
United_States_005244.jpg,1 372 405 596 624 1 210 468 236 571
United_States_005245.jpg,2 191 437 466 485 2 146 385 389 416
United_States_005246.jpg,1 387 388 424 483 1 367 362 386 470
United_States_005247.jpg,1 143 451 169 505 1 293 391 388 471 1 497 585 558 639
United_States_005248.jpg,1 52 481 194 605 3 362 474 438 586 2 419 519 492 533 2 0 571 148 591 4 104 442 137 461
United_States_005249.jpg,1 396 495 461 639
United_States_005250.jpg,1 258 440 283 514 1 1 455 146 614 1 0 424 173 613
United_States_005251.jpg,1 296 403 372 496 1 32 555 85 599 3 114 392 215 638 3 131 390 214 572 3 73 384 217 637
United_States_005252.jpg,1 285 422 415 639 1 264 393 285 458 1 257 387 286 459 2 343 482 479 508 1 227 422 417 639
United_States_005253.jpg,1 390 397 486 490
United_States_005254.jpg,1 90 429 193 624
United_States_005255.jpg,1 251 469 271 537
United_States_005256.jpg,2 413 542 610 575 1 397 591 445 640 2 417 544 565 575 1 309 465 344 514 1 395 589 486 640
United_States_005257.jpg,2 300 502 516 528 1 0 417 127 507
United_States_005258.jpg,1 242 430 291 639 2 380 598 490 639 2 28 414 122 431
United_States_005259.jpg,1 425 396 638 619 1 250 395 268 441
United_States_005260.jpg,1 218 451 257 533 1 500 456 639 572 2 128 527 214 544 2 136 393 525 458 2 146 430 292 459
United_States_005261.jpg,1 0 520 95 617 1 262 447 404 520 1 438 422 491 463 1 159 502 214 600 1 55 450 126 494
United_States_005262.jpg,2 427 572 628 594 2 341 556 400 569
United_States_005263.jpg,1 115 417 166 486 2 467 586 592 613 2 444 584 637 615
United_States_005264.jpg,1 300 454 339 542 1 242 396 260 433 2 54 409 454 458 2 15 410 401 473 2 27 435 175 473
United_States_005265.jpg,
United_States_005266.jpg,1 280 459 351 639
United_States_005267.jpg,2 77 464 348 516
United_States_005268.jpg,3 0 399 196 618 3 299 474 433 555 2 155 441 330 470 1 151 538 201 639 1 443 389 639 520
United_States_005269.jpg,2 0 468 137 488 1 84 387 195 629
United_States_005270.jpg,1 460 591 501 640
United_States_005271.jpg,3 0 423 365 638 3 359 415 573 628 1 457 421 634 526 2 450 403 569 426 1 360 412 554 627 1 303 424 373 638
United_States_005272.jpg,1 0 466 149 587
United_States_005273.jpg,2 80 427 379 457 2 257 451 617 500
United_States_005274.jpg,1 190 388 228 448
United_States_005275.jpg,2 382 507 559 549 2 379 503 628 548 2 268 558 404 579
United_States_005276.jpg,2 382 511 513 541
United_States_005277.jpg,2 53 576 172 614 3 269 378 630 614 3 129 358 451 439 1 116 520 139 568 3 138 374 201 445
United_States_005278.jpg,1 292 497 405 591 1 81 520 139 639 1 185 537 204 607 3 181 454 234 507 2 227 517 310 536 2 486 579 536 597 1 231 580 244 603
United_States_005279.jpg,1 515 498 631 623 2 307 588 413 621 1 531 499 639 569
United_States_005280.jpg,1 132 431 225 552 1 451 522 545 639 1 399 441 542 638
United_States_005281.jpg,1 85 434 173 638
United_States_005282.jpg,1 397 400 591 635
United_States_005283.jpg,2 30 426 209 450
United_States_005284.jpg,1 66 467 158 639 2 0 535 117 556 2 109 474 539 538 1 0 479 65 551
United_States_005285.jpg,1 305 455 390 573 1 32 473 142 586 1 222 467 279 639
United_States_005286.jpg,1 255 392 289 531 1 265 542 293 640 2 150 519 241 552
United_States_005287.jpg,2 264 467 632 540 1 466 477 519 639
United_States_005288.jpg,1 49 413 233 622 1 297 407 344 538 2 185 461 305 480 1 287 407 380 638 1 341 534 379 639 1 273 407 344 539
United_States_005289.jpg,3 0 431 279 626 3 453 495 537 639 3 450 494 580 640
United_States_005290.jpg,1 452 468 536 540 1 199 387 224 488 1 197 386 224 545 1 371 438 396 478
United_States_005291.jpg,1 81 396 207 635
United_States_005292.jpg,2 22 476 228 536
United_States_005293.jpg,1 495 510 630 620 1 349 473 407 561
United_States_005294.jpg,3 167 402 344 553
United_States_005295.jpg,3 0 467 97 555 2 94 576 462 612 3 0 469 96 596 3 0 461 138 622 2 127 490 177 504
United_States_005296.jpg,3 347 411 446 565 1 257 428 295 550 2 183 553 311 575 2 480 422 603 439 2 549 459 639 476 1 435 382 487 418 1 546 474 639 540
United_States_005297.jpg,1 365 457 498 637
United_States_005298.jpg,1 260 513 303 639
United_States_005299.jpg,1 192 389 265 487 2 90 454 409 486 2 187 453 409 485 2 98 465 175 481 1 0 419 107 503
United_States_005300.jpg,2 54 444 186 463 1 270 574 300 639
United_States_005301.jpg,1 367 468 445 547 1 22 429 75 477 1 0 477 46 609
United_States_005302.jpg,1 348 475 431 587
United_States_005303.jpg,2 49 532 273 617 1 22 416 96 608 2 416 458 513 507 1 426 515 549 639 2 250 492 363 517 1 230 453 258 539 2 237 454 516 522
United_States_005304.jpg,1 193 474 245 639
United_States_005305.jpg,1 279 454 336 635 1 278 455 308 538 1 72 392 202 578
United_States_005306.jpg,3 0 408 177 605 1 313 398 516 635 1 449 397 554 449 2 143 443 227 457 3 0 399 276 638 2 119 520 198 536
United_States_005307.jpg,1 220 391 289 526 1 411 420 639 542 2 111 444 201 461 3 0 441 79 605 1 0 442 79 608 2 374 396 474 425
United_States_005308.jpg,2 0 462 221 492 1 212 388 239 545
United_States_005309.jpg,1 149 419 232 640 1 6 430 61 462 3 130 420 276 640
United_States_005310.jpg,1 473 466 574 622 1 478 383 589 519
United_States_005311.jpg,1 63 515 119 598 1 123 391 179 440 1 220 454 245 553 2 277 522 404 553
United_States_005312.jpg,3 206 408 358 557 3 0 415 176 640 3 0 418 292 631
United_States_005313.jpg,1 445 406 628 627 2 31 472 211 497 1 91 454 250 629 2 532 493 640 512 3 446 406 628 627
United_States_005314.jpg,1 384 470 417 548 1 391 428 549 638
United_States_005315.jpg,1 438 438 580 493 1 104 453 216 615 2 180 442 397 470 1 392 438 485 563 1 542 400 639 462 2 306 444 396 463 1 392 439 507 618 2 174 444 315 469
United_States_005316.jpg,1 0 428 152 590 1 291 359 309 407 1 391 460 455 563
United_States_005317.jpg,1 141 361 306 637 1 0 359 240 513
United_States_005318.jpg,1 136 487 216 638
United_States_005319.jpg,1 181 401 274 556 1 120 400 277 638 2 2 405 256 430
United_States_005320.jpg,1 356 442 410 553 2 414 520 610 549
United_States_005321.jpg,2 155 438 348 463 1 242 412 272 640
United_States_005322.jpg,2 324 498 483 531 2 0 497 118 542
United_States_005323.jpg,2 0 553 205 594 1 169 461 243 629 1 507 423 640 507 1 130 384 197 430
United_States_005324.jpg,1 191 435 269 570 1 386 436 532 635 1 140 432 273 633
United_States_005325.jpg,1 51 541 112 618 1 327 508 374 639
United_States_005326.jpg,1 315 432 364 531 1 490 433 638 546 1 392 387 501 441
United_States_005327.jpg,4 126 521 152 547
United_States_005328.jpg,1 258 361 307 551 2 286 461 503 504 2 281 502 531 558 3 283 487 525 558 1 454 540 532 631 2 0 550 183 579
United_States_005329.jpg,1 363 419 380 462 2 317 495 463 517 2 303 406 410 425
United_States_005330.jpg,3 350 474 459 639 1 350 472 452 639
United_States_005331.jpg,1 0 502 94 621 1 303 433 419 577 1 255 414 324 624 3 250 412 422 640
United_States_005332.jpg,1 400 515 467 598 2 107 551 251 586 1 313 429 400 576 1 105 432 172 551
United_States_005333.jpg,1 63 461 177 619
United_States_005334.jpg,2 308 412 587 447
United_States_005335.jpg,1 356 483 485 640 1 0 394 125 604 2 0 428 378 475 1 366 461 408 491 2 37 424 416 470
United_States_005336.jpg,1 343 405 589 640 1 477 449 608 526 1 283 371 302 411 2 0 554 130 581
United_States_005337.jpg,1 381 551 415 592 1 364 508 380 536
United_States_005338.jpg,1 87 395 150 522 3 0 536 127 608 3 187 402 326 559 3 176 441 346 639
United_States_005339.jpg,2 255 539 395 565 1 384 544 489 638 2 16 451 237 477
United_States_005340.jpg,1 89 418 127 481 2 332 509 452 537 1 0 531 64 592 1 529 503 638 614 1 0 530 64 619
United_States_005341.jpg,1 352 443 523 630 1 319 409 507 627
United_States_005342.jpg,1 182 469 207 551
United_States_005343.jpg,1 377 474 482 639 1 270 523 298 596
United_States_005344.jpg,2 0 453 197 487
United_States_005345.jpg,3 0 404 246 534 3 80 399 246 533 3 0 419 80 459
United_States_005346.jpg,1 142 435 164 481 1 232 403 244 434
United_States_005347.jpg,1 334 407 548 639 1 210 401 252 567 2 0 572 144 601 2 35 486 180 506 1 302 398 325 432
United_States_005348.jpg,2 70 433 405 558 2 64 566 203 615
United_States_005349.jpg,1 0 376 220 559 2 108 446 261 464
United_States_005350.jpg,1 149 425 222 568
United_States_005351.jpg,1 128 425 243 637
United_States_005352.jpg,1 349 433 515 640 1 412 438 465 481 1 205 408 242 498
United_States_005353.jpg,1 72 504 161 635 2 147 575 586 639 2 305 570 637 618 2 71 566 527 639 2 227 569 639 626
United_States_005354.jpg,2 1 428 330 491
United_States_005355.jpg,1 35 397 127 543 1 217 405 289 557
United_States_005356.jpg,1 224 475 264 639 1 236 403 250 445 1 303 485 322 524
United_States_005357.jpg,1 159 380 210 637 1 53 517 122 619 2 43 429 469 496 1 328 510 406 626 1 56 447 82 495 1 268 464 285 507 2 0 452 356 518
United_States_005358.jpg,1 41 441 131 606 2 267 445 406 478 2 0 513 87 532 2 566 588 632 609
United_States_005359.jpg,1 274 512 306 554 1 274 474 320 513 1 129 461 147 521 1 128 427 149 522
United_States_005360.jpg,1 250 516 305 579
United_States_005361.jpg,1 428 424 635 600 2 532 495 640 515 3 0 408 219 631 1 0 406 222 632 1 342 425 370 471
United_States_005362.jpg,2 318 512 477 571 2 579 600 640 623
United_States_005363.jpg,1 110 395 223 638 1 392 440 534 635 1 227 542 295 640 1 392 439 527 580 1 552 466 640 568
United_States_005364.jpg,1 23 437 120 622 2 106 427 301 475 2 214 426 304 449
United_States_005365.jpg,1 407 488 526 630 1 354 450 398 504
United_States_005366.jpg,1 87 546 166 639
United_States_005367.jpg,3 0 371 269 614 3 1 360 251 556
United_States_005368.jpg,1 78 441 160 639 2 159 451 396 487 1 270 471 291 522 2 0 483 131 507 2 285 449 401 475
United_States_005369.jpg,1 404 452 579 621 1 404 448 473 521
United_States_005370.jpg,1 214 418 286 503 1 402 466 636 609 1 323 518 374 614 1 215 421 377 612 1 490 527 638 610
United_States_005371.jpg,1 307 454 341 533 2 211 458 273 478 1 266 505 342 544 1 0 458 98 605 1 317 407 389 465 1 316 407 439 481 1 183 517 223 550 1 0 457 98 539 2 182 516 222 550 1 318 407 352 450
United_States_005372.jpg,1 207 500 227 531 1 288 520 328 640 1 289 519 346 640
United_States_005373.jpg,1 156 382 188 468 2 110 458 212 481
United_States_005374.jpg,1 387 435 587 634 1 54 400 217 633 2 345 490 442 511
United_States_005375.jpg,3 4 420 378 640 3 152 396 346 539
United_States_005376.jpg,1 0 453 89 575 1 33 514 114 610 1 54 514 114 583 1 212 469 257 640
United_States_005377.jpg,1 298 382 539 640 2 0 466 81 484
United_States_005378.jpg,1 266 388 314 451 1 240 457 263 514 2 417 529 529 585 2 0 504 309 560 2 0 484 351 557 1 340 484 425 578 1 337 480 506 638 2 0 531 137 561
United_States_005379.jpg,1 238 426 278 556 1 329 444 493 639 1 102 466 150 551
United_States_005380.jpg,2 486 548 614 608 2 412 544 505 598
United_States_005381.jpg,1 326 393 534 638 3 328 394 507 637
United_States_005382.jpg,1 297 561 341 640 1 440 593 488 640
United_States_005383.jpg,1 79 524 130 553 1 333 463 350 509 2 0 592 79 609
United_States_005384.jpg,1 88 385 169 479 2 343 514 429 536 2 0 505 190 601
United_States_005385.jpg,1 93 422 231 638 2 99 406 235 427 2 50 408 236 428
United_States_005386.jpg,1 328 526 382 606 1 181 514 196 555 1 383 521 434 557 2 187 553 264 570 1 526 590 566 633 1 254 515 306 640 1 254 514 331 639
United_States_005387.jpg,2 525 516 639 544 2 66 555 97 570 2 98 509 204 529 1 272 513 300 640
United_States_005388.jpg,1 412 456 580 595 1 379 558 429 640
United_States_005389.jpg,1 0 397 173 613 1 0 373 144 483
United_States_005390.jpg,1 19 481 69 523 4 51 457 81 487 2 264 493 313 506
United_States_005391.jpg,1 372 474 536 623 1 0 391 174 621
United_States_005392.jpg,1 119 492 209 639 1 171 441 200 482 2 186 412 389 431
United_States_005393.jpg,1 262 375 299 451 1 0 446 101 586 2 151 468 281 488 1 0 446 103 538 1 554 0 577 160
United_States_005394.jpg,1 151 376 201 582 1 285 470 319 549 3 151 374 202 584 2 235 442 291 457
United_States_005395.jpg,1 394 392 421 465 2 194 498 525 567 1 463 476 561 587 2 525 524 640 544 2 235 464 323 481 2 525 518 639 547
United_States_005396.jpg,3 0 490 186 637 3 0 478 256 637 2 385 564 637 586
United_States_005397.jpg,1 311 419 395 637
United_States_005398.jpg,1 365 556 429 640
United_States_005399.jpg,1 78 556 150 635 1 125 477 151 518 2 88 545 268 584
United_States_005400.jpg,1 7 408 183 623 1 61 409 183 624 1 3 521 86 620 1 111 408 182 489
United_States_005401.jpg,
United_States_005402.jpg,2 142 552 377 636 1 29 501 114 618 3 30 496 116 618 3 0 494 121 619
United_States_005403.jpg,2 492 585 639 625 1 384 591 413 640
United_States_005404.jpg,1 107 452 129 510 1 131 390 151 438
United_States_005405.jpg,2 413 569 522 595 2 0 561 197 590
United_States_005406.jpg,2 84 504 247 529 2 323 437 478 490 2 98 429 485 531 2 121 503 246 521
United_States_005407.jpg,1 251 411 323 553 1 250 409 366 635 1 337 422 505 571 1 339 422 515 626
United_States_005408.jpg,2 60 555 265 627 2 0 486 135 510 1 0 405 95 499
United_States_005409.jpg,1 300 446 383 639 1 318 388 410 486 1 156 370 241 564 1 124 376 244 634 3 160 371 241 573
United_States_005410.jpg,2 0 503 222 549 2 25 430 165 447
United_States_005411.jpg,1 41 556 79 619 3 92 457 203 635
United_States_005412.jpg,1 301 513 389 639 1 301 513 352 640
United_States_005413.jpg,1 66 525 120 639 1 183 490 213 580
United_States_005414.jpg,1 297 485 320 533 1 49 438 167 616 1 349 434 397 486 1 424 471 464 547
United_States_005415.jpg,1 22 460 108 521 2 285 589 445 620
United_States_005416.jpg,2 223 591 321 608 1 321 487 334 512
United_States_005417.jpg,2 163 490 377 530 2 31 486 218 520 2 23 486 315 525 2 17 484 405 529
United_States_005418.jpg,1 224 392 252 503
United_States_005419.jpg,1 111 437 223 638 3 322 401 505 562 2 0 477 118 501 3 324 406 534 640 1 251 440 274 545 2 73 437 190 455
United_States_005420.jpg,1 358 406 433 511 1 119 438 205 566 1 0 394 133 476 1 216 379 277 548 2 178 470 233 481 2 332 496 440 532
United_States_005421.jpg,2 158 573 321 595 2 362 619 546 639
United_States_005422.jpg,3 260 432 483 639 1 89 450 139 593 1 490 495 639 594
United_States_005423.jpg,1 359 495 407 586
United_States_005424.jpg,2 258 588 391 630
United_States_005425.jpg,1 384 572 419 639 1 383 572 447 640
United_States_005426.jpg,1 15 434 170 620 1 211 398 238 462 1 295 421 308 458 2 514 594 574 639
United_States_005427.jpg,3 79 458 199 592 1 80 459 197 591 2 19 419 316 439 1 219 382 255 542 2 203 570 383 601
United_States_005428.jpg,
United_States_005429.jpg,1 210 389 240 467 1 270 383 325 639 2 1 490 291 525 2 131 492 285 514 2 0 499 153 521
United_States_005430.jpg,2 0 527 408 585 2 47 494 457 579
United_States_005431.jpg,1 379 499 448 640 1 79 440 199 589 3 73 443 257 621 1 0 402 146 482
United_States_005432.jpg,3 16 400 469 639 3 0 495 404 639
United_States_005433.jpg,1 48 460 125 618 2 196 512 287 545 1 244 453 291 530
United_States_005434.jpg,1 459 428 542 504 1 532 423 618 472
United_States_005435.jpg,1 345 429 377 472
United_States_005436.jpg,1 465 452 632 546 1 19 388 177 619 1 210 380 236 638 1 209 421 242 640
United_States_005437.jpg,1 116 583 162 639 1 355 498 399 639 1 359 531 396 639
United_States_005438.jpg,3 9 442 184 638 1 342 436 375 470 1 232 406 295 638 1 165 380 184 408
United_States_005439.jpg,1 503 442 639 551 1 406 386 450 428 2 0 491 93 517 1 456 528 493 577 1 501 443 639 597
United_States_005440.jpg,2 356 466 616 501
United_States_005441.jpg,
United_States_005442.jpg,
United_States_005443.jpg,1 479 484 617 624 1 457 377 622 473 2 477 469 621 491 1 489 396 620 474
United_States_005444.jpg,2 0 486 111 512
United_States_005445.jpg,1 371 516 429 616 1 299 476 330 606 1 437 587 482 639 1 563 550 640 620 1 273 597 290 639
United_States_005446.jpg,1 293 391 426 575 2 234 454 351 489 2 553 570 639 595 1 189 443 215 532 2 413 542 594 581 2 0 548 180 602 1 275 492 322 639 2 296 563 413 626 1 0 499 50 594 2 0 559 136 601 1 188 418 223 532 2 286 543 605 610 2 412 548 563 579
United_States_005447.jpg,1 555 505 639 610 1 308 454 361 639 2 145 410 252 424 1 468 393 638 481 1 308 458 352 547
United_States_005448.jpg,1 436 542 590 639 1 271 505 295 551 1 395 504 590 639
United_States_005449.jpg,2 416 508 602 562 1 341 465 432 638
United_States_005450.jpg,1 217 491 293 639
United_States_005451.jpg,1 193 383 237 539 1 20 461 114 553 1 370 432 444 511 2 21 545 100 570
United_States_005452.jpg,1 384 506 520 639 1 251 411 284 461 2 15 449 308 514 1 345 401 478 487 3 332 397 617 640
United_States_005453.jpg,1 347 483 465 640 1 230 464 262 553 2 263 496 358 513
United_States_005454.jpg,1 26 444 91 502 1 262 536 296 640 2 125 476 533 531 2 471 476 602 494 2 0 503 127 525 2 0 490 403 529 2 0 500 387 527 2 15 480 471 530
United_States_005455.jpg,1 163 414 248 639 1 280 399 343 532 3 430 440 639 627 2 0 540 63 560
United_States_005456.jpg,2 293 445 437 466
United_States_005457.jpg,2 125 489 475 553
United_States_005458.jpg,1 309 450 407 640
United_States_005459.jpg,1 311 392 346 416 1 413 425 555 528 1 320 396 549 524
United_States_005460.jpg,1 350 465 402 637 3 88 416 263 624 2 13 446 193 464 3 131 413 265 570
United_States_005461.jpg,1 0 439 125 536 1 0 439 120 604
United_States_005462.jpg,1 56 493 142 622 1 324 540 381 640 1 324 540 408 639
United_States_005463.jpg,2 2 436 254 488
United_States_005464.jpg,1 340 431 414 515 1 461 512 592 622 1 431 475 589 620
United_States_005465.jpg,2 441 441 638 462
United_States_005466.jpg,
United_States_005467.jpg,1 301 438 363 640 2 306 394 463 416
United_States_005468.jpg,1 8 413 124 538 1 0 413 124 603 2 0 532 113 577 2 238 577 359 639
United_States_005469.jpg,1 122 378 182 469 1 317 436 377 497 1 209 439 240 565 1 226 381 263 450 1 381 397 635 501 2 146 427 208 440 1 293 528 360 639
United_States_005470.jpg,1 62 389 209 637 2 152 472 310 514
United_States_005471.jpg,1 461 458 513 518 1 97 384 262 638 1 482 524 517 609 1 219 514 239 541 2 327 521 492 545 2 35 447 446 474
United_States_005472.jpg,1 124 486 155 581
United_States_005473.jpg,1 384 451 431 495
United_States_005474.jpg,1 28 416 168 544 1 0 417 164 590 1 194 385 209 401
United_States_005475.jpg,1 0 541 54 616
United_States_005476.jpg,1 327 489 386 638 2 59 467 267 520 1 162 552 193 640 1 278 376 304 434 2 0 467 289 550
United_States_005477.jpg,1 13 397 89 619
United_States_005478.jpg,1 186 379 255 465 1 313 413 328 438 1 93 378 251 520
United_States_005479.jpg,2 458 468 617 487
United_States_005480.jpg,1 367 444 451 506
United_States_005481.jpg,1 329 487 464 569 1 252 584 275 640
United_States_005482.jpg,1 96 429 186 574 2 0 511 95 532
United_States_005483.jpg,2 244 481 355 502 1 383 401 540 638 2 421 448 519 464 2 416 526 464 539 1 406 451 540 638
United_States_005484.jpg,1 443 461 492 552
United_States_005485.jpg,1 305 457 376 599 2 0 517 302 571 2 179 521 301 550 2 0 545 184 573 2 185 527 290 550
United_States_005486.jpg,1 132 478 164 546 2 365 493 489 543 1 197 366 218 464 1 272 538 340 639
United_States_005487.jpg,1 325 419 512 639 2 486 547 639 615 2 286 522 394 547 1 102 423 176 526 1 178 423 242 638 1 68 522 136 639 2 227 518 295 533
United_States_005488.jpg,2 9 492 130 512 1 330 375 392 472 1 351 474 384 547 2 501 568 612 600 2 511 457 640 487 1 443 527 492 593 1 466 436 637 581
United_States_005489.jpg,2 326 461 469 494 1 252 383 426 640 1 278 428 434 640 2 325 466 442 493
United_States_005490.jpg,2 192 402 333 432 2 550 509 639 619
United_States_005491.jpg,1 116 391 256 526 2 0 567 137 595 2 489 551 600 570
United_States_005492.jpg,1 453 439 511 479 2 27 524 374 618 2 459 448 638 500 3 41 439 199 611 1 278 437 310 497 2 497 451 640 481 1 350 468 387 551
United_States_005493.jpg,3 168 483 326 639 1 380 560 447 640 1 379 561 481 639
United_States_005494.jpg,1 367 402 493 527 1 188 398 258 640 2 360 528 496 563 1 584 475 639 571
United_States_005495.jpg,3 0 383 367 638 1 299 444 354 639 1 309 376 336 440 2 352 462 453 477 1 400 393 605 624
United_States_005496.jpg,1 322 411 467 639 1 74 452 145 568
United_States_005497.jpg,2 466 477 559 498 1 463 423 530 469 1 559 437 640 486 1 562 435 640 529 2 145 470 267 494
United_States_005498.jpg,1 242 388 264 436
United_States_005499.jpg,1 103 503 127 571 1 110 406 141 471 1 51 478 77 513
United_States_005500.jpg,1 22 527 143 619
United_States_005501.jpg,1 313 389 420 637 1 268 444 292 518 1 323 391 584 639 1 136 406 246 637
United_States_005502.jpg,1 155 435 204 542 1 241 508 265 549
United_States_005503.jpg,1 302 479 334 519 2 454 496 586 524 1 329 430 368 480 2 558 510 624 525
United_States_005504.jpg,1 353 480 373 536
United_States_005505.jpg,1 355 491 446 639 1 502 508 635 624 1 370 401 450 474 1 433 459 631 617
United_States_005506.jpg,1 288 432 464 639 3 15 403 140 620 1 289 432 376 525
United_States_005507.jpg,1 97 522 136 578 1 375 488 590 629 1 185 583 208 640 3 377 491 592 630 1 325 580 416 640
United_States_005508.jpg,
United_States_005509.jpg,2 94 503 310 541 2 177 451 278 466
United_States_005510.jpg,1 452 418 635 555 2 0 506 122 529 1 163 442 204 483
United_States_005511.jpg,2 489 533 541 547 1 353 496 390 588 2 259 423 363 441 2 529 618 565 635
United_States_005512.jpg,3 225 431 314 640 1 282 369 303 427 1 326 369 346 418 1 577 477 639 559 1 371 486 445 639
United_States_005513.jpg,1 63 438 187 616 2 255 517 505 553 2 267 526 416 550 1 396 497 518 638 1 144 396 176 440
United_States_005514.jpg,1 115 471 205 591
United_States_005515.jpg,1 377 486 459 606 1 207 430 233 527 2 33 508 203 530 1 74 401 129 432 2 21 508 284 537
United_States_005516.jpg,1 199 513 236 640
United_States_005517.jpg,1 66 484 136 620 1 365 497 427 582 1 205 399 224 449 2 131 434 315 483 2 0 481 102 504
United_States_005518.jpg,1 235 508 262 612 1 157 531 179 579
United_States_005519.jpg,3 373 503 454 639 3 373 502 427 592
United_States_005520.jpg,2 113 427 412 458 1 0 436 42 541
United_States_005521.jpg,3 378 415 636 610 1 127 435 152 510 2 448 547 520 623 1 38 524 84 624 2 5 496 235 537 1 449 547 519 623
United_States_005522.jpg,1 234 424 263 639 1 122 498 162 565 2 66 468 199 485 1 348 404 528 612 1 239 415 265 542
United_States_005523.jpg,1 321 402 397 492 2 359 411 501 445 1 321 402 467 555
United_States_005524.jpg,2 393 450 575 491 1 0 445 75 569 1 0 443 77 527
United_States_005525.jpg,1 184 385 269 548 1 504 515 543 563 1 520 442 635 521
United_States_005526.jpg,1 188 435 255 546 2 374 528 496 551 1 538 589 585 639 1 325 452 365 571 1 33 375 172 445 1 36 540 109 602 4 321 420 340 436
United_States_005527.jpg,1 491 546 572 638 2 493 518 638 553 2 462 435 636 462 2 107 482 298 506 1 288 433 311 557 3 0 496 65 613
United_States_005528.jpg,1 24 517 97 608 1 219 478 243 542
United_States_005529.jpg,1 133 484 264 639 1 132 522 231 639 2 244 536 377 557
United_States_005530.jpg,2 459 490 555 515
United_States_005531.jpg,
United_States_005532.jpg,1 221 481 292 639
United_States_005533.jpg,1 10 437 105 492 1 0 438 101 556
United_States_005534.jpg,1 330 397 549 640 1 307 502 351 552 1 161 428 201 523 2 0 552 116 577 1 359 373 436 418 1 476 501 524 548 1 476 501 538 561
United_States_005535.jpg,2 355 546 473 598 1 121 405 146 505 1 73 392 146 637
United_States_005536.jpg,1 329 480 509 639 1 277 406 541 640
United_States_005537.jpg,2 94 530 309 590 2 0 527 312 591 2 0 534 321 567 2 151 484 225 503
United_States_005538.jpg,1 330 479 352 517 3 400 510 520 637 2 188 498 535 542
United_States_005539.jpg,1 115 400 237 636 2 0 590 88 609
United_States_005540.jpg,1 277 460 320 623 3 277 459 319 623 2 117 445 293 468 2 343 448 452 461 2 363 539 408 556 2 152 448 293 468 2 117 441 460 470
United_States_005541.jpg,3 159 413 339 640 2 550 556 639 594
United_States_005542.jpg,1 0 514 99 597 1 314 504 351 639 1 218 484 277 640 1 89 467 233 624 2 353 619 477 639 1 316 505 372 640
United_States_005543.jpg,2 368 507 517 541 2 0 462 170 498 2 576 600 639 624 2 183 526 275 545 1 86 429 217 639 2 54 413 450 436 2 71 420 181 436 2 307 417 440 430 2 162 415 443 433 1 85 527 159 639 1 538 484 639 567 1 211 383 226 415
United_States_005544.jpg,1 136 431 178 583
United_States_005545.jpg,1 199 434 234 551 2 131 547 239 587 1 450 472 485 500
United_States_005546.jpg,3 70 378 401 552 2 83 444 197 464
United_States_005547.jpg,1 259 475 286 555 1 364 414 458 580 2 136 466 276 485 2 130 465 361 488 2 446 510 636 539 2 448 520 573 538
United_States_005548.jpg,1 226 390 272 638 2 79 433 231 456 1 225 389 253 546
United_States_005549.jpg,1 23 404 209 622
United_States_005550.jpg,1 231 431 288 554 1 226 392 288 554
United_States_005551.jpg,1 243 498 280 640 1 45 510 139 589 2 216 573 377 601
United_States_005552.jpg,1 117 427 166 550
United_States_005553.jpg,
United_States_005554.jpg,1 372 505 412 557 2 145 453 252 468 1 372 504 481 639 2 303 456 539 522 2 60 567 203 587 1 248 443 300 546
United_States_005555.jpg,2 366 533 431 566 1 86 428 141 569
United_States_005556.jpg,1 326 531 388 610 2 289 467 514 553 1 201 399 295 638 2 486 481 581 504 1 201 398 265 555
United_States_005557.jpg,1 307 435 423 640 2 51 457 319 488 1 481 443 624 514 1 494 448 603 511
United_States_005558.jpg,2 0 474 242 518 1 376 515 405 594 1 116 514 141 592 2 235 420 372 440 2 0 405 174 431 2 276 475 486 509 2 0 410 130 433 1 143 412 165 490 1 143 375 180 487
United_States_005559.jpg,1 82 412 106 467 1 190 400 325 554 2 292 501 343 518
United_States_005560.jpg,1 104 432 158 571
United_States_005561.jpg,3 191 394 401 537 2 0 523 85 547
United_States_005562.jpg,3 189 397 317 568 1 400 492 470 639 2 0 550 197 578 2 183 467 244 480 1 191 396 316 568
United_States_005563.jpg,2 504 580 639 606 3 128 458 261 544 2 231 507 412 534 3 124 459 260 515
United_States_005564.jpg,1 340 400 565 639 1 164 436 224 639 1 374 445 565 638
United_States_005565.jpg,2 400 538 640 582 1 366 417 429 639
United_States_005566.jpg,1 388 403 570 610 2 324 447 413 462 2 58 470 273 492 2 55 469 210 490 2 0 485 26 498 3 394 409 579 619
United_States_005567.jpg,3 344 417 639 639
United_States_005568.jpg,1 46 433 159 623 2 160 435 273 453 2 0 411 130 432
United_States_005569.jpg,1 491 478 582 556 1 228 386 253 486
United_States_005570.jpg,1 76 411 156 579 1 228 462 263 545
United_States_005571.jpg,1 430 472 588 628 3 246 431 398 640 3 248 490 389 639
United_States_005572.jpg,2 424 524 638 573 1 411 418 467 480
United_States_005573.jpg,3 0 404 149 617 3 0 394 277 616 3 0 475 275 612 2 380 504 535 545 2 376 472 432 494
United_States_005574.jpg,1 202 412 240 454 1 247 463 289 639 1 77 447 181 637 2 279 504 440 563
United_States_005575.jpg,1 0 431 178 613 1 242 365 297 502 2 393 499 614 522 2 121 484 278 511
United_States_005576.jpg,2 520 525 638 549 3 502 554 638 621 3 516 518 638 621
United_States_005577.jpg,3 334 435 434 640 1 511 480 595 539 3 331 433 436 522
United_States_005578.jpg,2 0 405 274 433 2 0 402 280 441 1 115 377 171 638 1 133 378 172 635
United_States_005579.jpg,1 17 510 103 621 2 188 550 532 639 2 284 553 525 639
United_States_005580.jpg,1 13 519 86 616 1 179 414 224 609 3 177 407 227 613 2 95 439 157 455
United_States_005581.jpg,1 393 562 417 616 1 360 509 415 621 1 358 505 387 568 1 185 544 241 640 2 168 600 536 633 1 256 494 274 535
United_States_005582.jpg,1 61 463 192 625
United_States_005583.jpg,2 163 468 404 501
United_States_005584.jpg,1 88 552 165 639 1 459 547 553 639 1 286 492 331 639
United_States_005585.jpg,1 267 429 343 640
United_States_005586.jpg,1 402 532 562 640 1 324 575 357 621 1 248 555 293 639 1 321 540 348 579 1 367 610 438 639 1 367 610 412 640 1 249 556 314 640
United_States_005587.jpg,2 96 527 189 561 1 187 438 269 637 1 359 452 482 640
United_States_005588.jpg,3 311 451 491 640
United_States_005589.jpg,1 305 460 358 574 2 304 593 395 628
United_States_005590.jpg,1 242 407 271 640 2 319 426 542 447
United_States_005591.jpg,1 189 516 207 559 1 348 470 435 638
United_States_005592.jpg,1 272 416 354 540
United_States_005593.jpg,3 253 415 438 630 1 300 437 436 614 1 87 408 202 638 3 119 406 208 583 1 257 411 366 634
United_States_005594.jpg,1 78 417 143 497 1 255 489 292 558 1 24 547 110 621
United_States_005595.jpg,1 512 509 603 574
United_States_005596.jpg,2 118 592 515 640
United_States_005597.jpg,2 0 447 332 490 1 496 513 598 620 2 294 400 368 415 2 424 457 582 478
United_States_005598.jpg,2 261 507 344 524 1 220 547 255 639 2 5 529 218 572
United_States_005599.jpg,1 173 450 217 570 2 32 554 371 617 2 0 521 169 550 2 9 427 197 449
United_States_005600.jpg,1 279 390 474 580 1 200 388 216 426 2 0 563 101 592 1 290 403 534 640 2 0 543 102 594
United_States_005601.jpg,1 330 504 345 553 1 249 480 278 547 1 184 594 223 639
United_States_005602.jpg,3 225 397 470 639 1 350 396 465 635 1 250 378 368 631
United_States_005603.jpg,1 500 370 573 437 1 589 459 639 588
United_States_005604.jpg,1 373 499 422 573 1 139 486 208 625
United_States_005605.jpg,1 77 492 126 591
United_States_005606.jpg,3 0 408 185 606
United_States_005607.jpg,3 322 409 439 498
United_States_005608.jpg,3 23 391 451 640 2 0 462 172 500
United_States_005609.jpg,2 439 492 638 514 2 199 444 303 464
United_States_005610.jpg,1 290 429 313 507 1 5 393 112 470 2 13 460 196 483 1 124 408 223 637 1 132 384 191 439 1 74 477 119 525
United_States_005611.jpg,1 104 395 232 638 1 56 451 109 496 2 173 514 259 531
United_States_005612.jpg,1 43 518 89 610
United_States_005613.jpg,
United_States_005614.jpg,1 13 486 183 615
United_States_005615.jpg,1 231 528 283 640 1 391 558 447 640
United_States_005616.jpg,1 192 477 236 599 2 30 452 128 468 1 107 460 134 569 2 126 467 198 482
United_States_005617.jpg,2 0 486 326 521 2 395 522 581 551 1 286 404 401 547 1 287 403 400 633 2 571 538 639 565 2 1 465 447 520 2 0 496 155 518 2 0 478 430 521
United_States_005618.jpg,1 41 512 109 616 1 203 523 251 640 1 42 555 76 616
United_States_005619.jpg,1 304 400 337 451
United_States_005620.jpg,2 89 590 170 638
United_States_005621.jpg,1 127 461 183 541 1 222 508 255 639
United_States_005622.jpg,1 151 472 250 637 3 218 405 280 443 1 153 426 264 635
United_States_005623.jpg,2 77 553 154 616 1 391 521 453 640 2 234 480 611 511
United_States_005624.jpg,1 63 496 153 630 1 63 422 122 472 1 1 421 120 512
United_States_005625.jpg,2 62 535 303 570
United_States_005626.jpg,2 421 483 536 580 1 421 484 535 579 2 52 483 119 504 2 124 540 384 639 2 440 441 493 460 1 424 380 639 494 1 428 383 538 445 3 420 372 640 595
United_States_005627.jpg,1 335 492 356 551
United_States_005628.jpg,1 123 493 182 637
United_States_005629.jpg,2 108 515 277 539 1 312 431 342 556 2 419 536 638 568 1 35 539 66 564 1 314 445 336 556
United_States_005630.jpg,3 18 407 204 636 2 182 501 253 520 3 17 458 230 638 1 24 405 189 629 1 150 402 184 476 1 242 498 262 592
United_States_005631.jpg,1 84 500 183 628 2 165 595 251 619 2 397 496 546 598
United_States_005632.jpg,3 280 377 432 445
United_States_005633.jpg,2 131 590 245 610 1 239 520 292 640 1 239 521 326 640
United_States_005634.jpg,2 133 533 333 595
United_States_005635.jpg,2 392 439 637 463
United_States_005636.jpg,1 246 404 307 640 2 247 393 494 412
United_States_005637.jpg,1 411 547 427 586 1 154 452 199 639
United_States_005638.jpg,2 7 460 193 481
United_States_005639.jpg,1 492 564 546 639 1 319 393 471 549 2 0 474 94 495 1 162 432 258 563 1 314 392 546 638
United_States_005640.jpg,2 43 437 392 495
United_States_005641.jpg,3 81 464 484 639 3 231 412 549 640 3 327 410 547 640 1 118 448 212 638 2 474 512 551 531 3 83 389 481 640 1 209 381 254 474
United_States_005642.jpg,3 77 388 390 639 3 77 389 542 640 3 243 403 640 640
United_States_005643.jpg,1 102 471 222 638
United_States_005644.jpg,1 99 399 336 628 2 382 600 568 633 3 91 377 419 639 1 318 399 398 638
United_States_005645.jpg,1 83 455 107 496 1 55 415 79 449 3 4 516 95 618 1 10 526 82 618
United_States_005646.jpg,1 210 488 236 556 2 467 597 605 621 2 324 620 382 636
United_States_005647.jpg,1 111 495 165 548 1 396 516 434 562 1 396 514 463 636 2 326 461 457 477
United_States_005648.jpg,
United_States_005649.jpg,2 241 537 394 557 1 196 525 249 625
United_States_005650.jpg,1 2 468 139 621 3 0 469 140 622 2 2 425 264 450 2 148 427 262 442 2 157 572 333 614 1 162 436 176 484 2 1 428 268 444 2 21 558 336 617
United_States_005651.jpg,1 303 393 336 490 2 184 428 430 450 3 406 413 632 615 2 185 429 318 445
United_States_005652.jpg,1 495 494 638 581 2 371 546 523 572 2 366 542 620 572
United_States_005653.jpg,3 79 378 314 601 2 512 531 638 581 2 393 536 516 575 2 44 393 390 448 1 0 419 78 589 1 0 417 83 536 1 256 480 279 552
United_States_005654.jpg,1 189 374 262 479 2 0 459 381 536 2 56 439 432 537
United_States_005655.jpg,3 0 419 296 638 1 450 404 638 516 1 402 418 473 468 1 405 417 525 511 3 122 405 532 640 2 166 440 233 451
United_States_005656.jpg,1 288 404 412 640 1 57 470 179 602 2 324 469 515 494 2 0 576 67 593
United_States_005657.jpg,1 305 368 335 445 1 248 435 295 639 1 254 434 293 534
United_States_005658.jpg,1 246 554 284 638
United_States_005659.jpg,1 99 528 153 639 1 0 438 97 542
United_States_005660.jpg,1 128 473 215 638 1 270 474 295 519 3 374 590 477 639
United_States_005661.jpg,1 83 431 141 602 1 258 467 307 550 1 227 406 307 548
United_States_005662.jpg,1 31 480 156 608 1 314 548 343 639 3 162 395 533 640 1 89 413 178 456 1 90 393 182 455 1 229 406 292 640 3 228 399 632 640
United_States_005663.jpg,1 92 483 121 517 2 16 458 296 496
United_States_005664.jpg,1 280 443 342 548 2 336 471 548 498 1 185 397 208 450 1 189 393 209 446
United_States_005665.jpg,1 430 480 623 619
United_States_005666.jpg,3 400 457 594 639 1 366 381 638 561 3 136 403 436 639 1 404 453 586 640 3 146 443 608 615 3 146 389 263 626 3 148 387 434 578
United_States_005667.jpg,2 5 481 351 547
United_States_005668.jpg,2 1 444 193 482
United_States_005669.jpg,1 358 379 398 418
United_States_005670.jpg,1 48 460 119 617
United_States_005671.jpg,1 82 532 109 576 3 130 396 210 543 1 129 394 212 544
United_States_005672.jpg,2 302 469 426 510 1 316 505 335 550
United_States_005673.jpg,2 0 489 318 549 1 155 429 203 516 2 0 500 322 559 1 122 426 204 581 1 146 426 197 593
United_States_005674.jpg,1 287 430 358 510 1 475 483 639 601 2 0 526 92 547 1 220 462 252 537
United_States_005675.jpg,1 1 506 111 593 1 72 563 146 639
United_States_005676.jpg,3 348 451 629 568 1 260 539 349 640
United_States_005677.jpg,1 470 521 585 634 2 406 618 491 633 1 179 476 276 639 1 357 520 415 640 1 358 519 445 640
United_States_005678.jpg,1 511 566 585 639 1 65 473 132 626
United_States_005679.jpg,1 418 414 638 583 3 0 398 319 623 1 346 412 456 553 2 480 433 599 459 2 480 428 623 458 1 376 407 526 637
United_States_005680.jpg,2 79 447 423 503
United_States_005681.jpg,1 182 519 208 574 1 194 397 243 496
United_States_005682.jpg,1 265 403 287 456
United_States_005683.jpg,1 490 444 568 494 2 209 481 510 575 2 0 519 426 564 1 220 548 259 639 2 43 488 510 574
United_States_005684.jpg,2 82 543 157 561 1 162 514 188 551
United_States_005685.jpg,1 299 482 339 639 1 295 434 311 474 1 337 367 354 394 1 317 401 333 438 1 295 401 330 474
United_States_005686.jpg,1 180 424 240 561 1 305 425 342 541 2 353 527 420 543 2 507 574 614 596 1 131 443 146 473
United_States_005687.jpg,1 565 62 591 86
United_States_005688.jpg,1 336 451 422 552 1 120 423 168 471 2 145 528 333 563 2 24 566 100 582
United_States_005689.jpg,1 228 456 263 533 2 329 572 460 634
United_States_005690.jpg,1 0 446 80 602 1 0 443 82 549
United_States_005691.jpg,1 209 414 359 635 2 288 449 416 479
United_States_005692.jpg,1 58 453 171 613
United_States_005693.jpg,1 105 437 212 609
United_States_005694.jpg,1 475 463 639 563 2 225 461 493 567 4 262 435 308 451 4 261 433 316 453
United_States_005695.jpg,3 0 459 308 640 3 355 447 621 620 3 100 367 554 637 3 0 372 266 512 3 38 367 273 469
United_States_005696.jpg,2 22 507 209 530 2 151 534 571 599 2 300 528 639 577 1 205 463 243 563 1 188 555 204 590
United_States_005697.jpg,2 233 478 417 520 1 207 396 234 442
United_States_005698.jpg,1 376 459 540 637 1 365 542 453 640
United_States_005699.jpg,3 216 393 492 640 3 219 397 451 542 2 452 484 628 511
United_States_005700.jpg,1 183 461 220 558 2 70 498 427 569 1 0 400 147 535
United_States_005701.jpg,1 466 520 585 637 1 379 451 439 507 1 315 390 356 435 2 0 462 141 487
United_States_005702.jpg,2 380 548 599 632 1 0 413 148 601 1 436 461 577 574
United_States_005703.jpg,1 215 455 236 528 2 119 526 259 546 1 261 430 278 487 2 470 452 564 474 1 229 400 245 441 2 225 408 327 424 1 326 415 417 573 3 323 416 475 614 2 59 406 333 432 2 109 526 278 551 1 325 406 417 503 1 586 417 639 448 1 259 426 285 554
United_States_005704.jpg,1 239 467 304 640 1 327 493 344 545 3 227 468 305 639
United_States_005705.jpg,1 222 453 290 519
United_States_005706.jpg,1 287 438 459 640 2 344 425 460 455 1 567 568 640 619
United_States_005707.jpg,2 330 508 468 552 1 18 539 80 618
United_States_005708.jpg,1 150 390 204 478 1 0 456 79 594
United_States_005709.jpg,1 335 523 388 626
United_States_005710.jpg,1 203 570 254 627 1 401 438 512 637 1 518 544 572 638 2 325 456 409 469 1 296 432 332 528 2 280 498 427 536 1 0 398 184 534 1 0 441 56 480 1 274 398 286 432
United_States_005711.jpg,2 115 521 335 554
United_States_005712.jpg,3 318 519 463 640
United_States_005713.jpg,2 239 579 360 598 1 204 523 249 640 2 147 576 375 601
United_States_005714.jpg,
United_States_005715.jpg,1 4 498 153 616
United_States_005716.jpg,1 400 408 637 608 1 464 404 522 440 1 334 418 397 639 1 334 416 379 550
United_States_005717.jpg,1 151 480 256 638 1 180 544 266 639
United_States_005718.jpg,1 149 462 282 638 2 333 581 477 626 1 386 423 538 634 2 489 487 639 514 1 331 421 348 464 1 236 392 286 463 1 147 558 209 640 2 362 466 418 480
United_States_005719.jpg,1 433 445 635 620
United_States_005720.jpg,3 88 393 492 640 3 273 390 471 605 3 0 400 267 640 3 0 394 109 553 3 30 392 119 449
United_States_005721.jpg,1 358 532 404 640
United_States_005722.jpg,1 114 467 157 638
United_States_005723.jpg,
United_States_005724.jpg,1 134 506 260 639 1 0 518 104 617 1 406 570 462 639 1 349 525 379 576 1 282 482 306 545
United_States_005725.jpg,1 328 372 347 428 1 206 427 314 638 1 380 392 496 640 2 71 461 212 481 2 485 472 638 504
United_States_005726.jpg,1 294 372 324 462 1 213 376 249 440 1 180 466 235 533 2 1 514 189 540 2 12 518 157 540
United_States_005727.jpg,1 66 507 136 599 2 0 470 97 490 2 118 395 403 419 1 226 381 250 398 1 116 570 157 639
United_States_005728.jpg,3 0 391 389 639 3 33 381 468 552 3 125 405 509 639
United_States_005729.jpg,1 432 499 594 619 2 300 500 436 544 1 112 476 182 628 1 142 385 173 481 1 299 430 347 502
United_States_005730.jpg,1 0 408 137 605
United_States_005731.jpg,1 11 479 196 615 1 215 487 238 525 4 405 532 424 545
United_States_005732.jpg,1 437 509 539 614 2 259 542 464 637 1 210 436 234 639
United_States_005733.jpg,1 425 552 486 634 1 253 513 310 640
United_States_005734.jpg,2 128 446 435 487 2 132 454 364 485
United_States_005735.jpg,1 449 470 572 615
United_States_005736.jpg,2 2 473 224 505
United_States_005737.jpg,2 76 507 219 539 2 336 451 426 477
United_States_005738.jpg,1 0 430 159 569 1 260 439 289 543 1 250 433 294 640
United_States_005739.jpg,1 246 426 420 635 2 106 479 288 527 2 0 487 91 514 2 7 478 288 527 2 106 486 256 526 1 89 468 113 542
United_States_005740.jpg,2 246 508 512 561 1 192 397 230 618 2 0 535 200 565 2 0 534 198 580
United_States_005741.jpg,3 2 387 410 640 3 59 387 528 639 2 0 450 82 469 3 140 396 607 639 3 220 408 640 640
United_States_005742.jpg,1 193 408 256 549 1 399 410 607 621
United_States_005743.jpg,1 93 403 170 523 2 257 450 327 466
United_States_005744.jpg,1 240 428 278 640 1 0 364 136 475
United_States_005745.jpg,1 305 427 457 639 1 195 427 215 473
United_States_005746.jpg,1 458 421 560 470
United_States_005747.jpg,3 176 377 534 640 2 483 551 638 578
United_States_005748.jpg,
United_States_005749.jpg,2 175 433 315 468 1 535 427 640 612 1 139 374 397 640
United_States_005750.jpg,1 174 392 218 546 2 12 538 167 567
United_States_005751.jpg,3 0 400 396 640
United_States_005752.jpg,1 341 404 371 454 2 1 464 408 538 1 528 500 639 553
United_States_005753.jpg,1 166 411 178 436 2 270 488 419 527 1 179 345 205 400 1 1 389 125 484 1 248 482 299 612 1 249 483 287 604 1 0 389 124 564 1 249 481 317 625
United_States_005754.jpg,1 244 441 354 639
United_States_005755.jpg,1 391 559 426 640
United_States_005756.jpg,1 358 534 401 573 1 512 605 541 640 1 360 600 396 639 1 258 487 289 639 1 361 601 412 639
United_States_005757.jpg,2 233 412 391 446 2 386 504 433 530 1 385 505 433 530
United_States_005758.jpg,1 489 447 638 545 1 297 414 349 536 1 364 405 525 577 2 0 537 165 562 1 380 388 406 409 2 0 535 166 572
United_States_005759.jpg,1 202 387 283 638 1 402 514 560 636 1 304 423 395 638 1 474 432 632 543 1 409 384 629 537 1 306 424 372 551
United_States_005760.jpg,2 311 454 490 494
United_States_005761.jpg,2 5 525 183 594 1 284 400 346 559 1 545 535 599 603 2 379 411 640 431 2 545 535 600 601
United_States_005762.jpg,1 142 430 201 526 1 74 545 134 632 2 119 455 555 529 1 139 411 211 525 2 0 483 439 542 2 163 448 619 523 2 134 460 217 471 2 83 465 501 533 2 336 420 638 450
United_States_005763.jpg,
United_States_005764.jpg,1 80 398 191 637 2 162 470 240 486 1 234 406 302 640
United_States_005765.jpg,1 231 405 298 544 3 224 398 299 543
United_States_005766.jpg,1 281 458 319 565
United_States_005767.jpg,2 214 553 407 604 2 213 555 349 605
United_States_005768.jpg,1 160 432 213 573 1 64 414 128 466 1 170 567 196 639
United_States_005769.jpg,2 8 444 297 485 1 108 470 170 582 2 0 452 325 489 1 110 438 183 580
United_States_005770.jpg,1 346 519 400 617 2 0 555 179 582 2 135 440 245 456 3 120 413 432 551 2 171 442 320 477 2 99 492 407 549 1 227 406 274 512 1 337 418 351 451 3 116 466 431 548
United_States_005771.jpg,1 367 434 429 548 2 198 496 263 509 1 162 464 212 587
United_States_005772.jpg,2 306 439 401 459
United_States_005773.jpg,2 367 544 432 573
United_States_005774.jpg,1 46 466 167 621 2 112 449 310 470 2 107 452 254 468
United_States_005775.jpg,3 417 539 561 639 1 294 531 325 609
United_States_005776.jpg,1 511 456 552 486 2 343 426 640 453 2 353 432 499 449
United_States_005777.jpg,1 106 419 153 519 1 263 482 294 624 1 214 443 243 524 3 209 429 299 526
United_States_005778.jpg,1 105 414 239 635
United_States_005779.jpg,2 116 495 390 546
United_States_005780.jpg,1 376 535 424 639
United_States_005781.jpg,1 0 439 70 601 1 0 438 71 552
United_States_005782.jpg,1 342 482 376 548 2 0 473 160 495 2 342 471 434 490 1 12 569 59 624
United_States_005783.jpg,2 448 536 639 567 1 351 386 395 554
United_States_005784.jpg,1 296 378 404 551 1 446 407 639 509 1 445 407 503 437 1 25 458 85 516 2 359 452 417 470 1 508 437 640 512 1 100 398 168 455
United_States_005785.jpg,1 228 458 261 639 1 287 403 418 640 1 423 454 633 621
United_States_005786.jpg,1 271 506 352 638 1 271 509 400 639
United_States_005787.jpg,1 393 503 528 639
United_States_005788.jpg,1 337 399 365 497 2 542 605 598 625 1 415 417 512 576
United_States_005789.jpg,2 279 540 431 575 3 94 422 308 637
United_States_005790.jpg,2 85 447 232 472 1 316 387 371 541 2 89 470 215 487
United_States_005791.jpg,1 43 509 203 613 1 261 419 275 457 1 249 468 278 563
United_States_005792.jpg,1 202 465 241 639 2 0 538 214 571
United_States_005793.jpg,2 545 491 640 514
United_States_005794.jpg,1 296 455 327 639 1 1 398 197 560 1 390 481 432 562 2 154 439 264 456 1 171 454 219 553
United_States_005795.jpg,1 140 417 164 503
United_States_005796.jpg,1 472 427 639 517
United_States_005797.jpg,3 0 413 285 637 1 191 390 210 425
United_States_005798.jpg,2 81 513 280 575
United_States_005799.jpg,2 253 563 437 606 1 199 482 276 639 2 132 580 210 595
United_States_005800.jpg,1 328 495 377 639 2 93 513 333 542 2 0 527 74 555 2 0 513 335 558 4 541 530 576 550
United_States_005801.jpg,1 18 397 198 625 2 18 511 361 580 2 0 511 85 543
United_States_005802.jpg,2 377 504 541 548 3 246 405 413 603 2 18 407 170 425
United_States_005803.jpg,2 239 487 394 517
United_States_005804.jpg,1 223 452 268 562
United_States_005805.jpg,1 463 439 530 515 1 302 455 433 553 1 360 398 416 486 1 362 548 473 639
United_States_005806.jpg,1 66 454 189 637
United_States_005807.jpg,1 401 530 480 607 1 525 551 594 595
United_States_005808.jpg,1 54 410 104 488 1 166 483 190 569 2 259 495 401 551
United_States_005809.jpg,2 0 488 368 567 1 0 451 58 600 1 0 452 58 549
United_States_005810.jpg,1 362 448 527 639
United_States_005811.jpg,2 423 548 571 571 2 262 452 468 483 2 2 545 162 575 2 203 450 474 484
United_States_005812.jpg,1 274 463 305 637 1 0 423 167 627 2 277 620 523 639 1 54 384 223 533 2 276 624 419 640
United_States_005813.jpg,1 331 467 390 547 1 279 404 392 545 2 283 385 477 409
United_States_005814.jpg,1 139 427 251 634
United_States_005815.jpg,2 511 580 604 599 2 362 524 461 556 2 0 561 181 591 3 183 389 231 421 2 0 523 295 590 3 185 530 296 566
United_States_005816.jpg,1 483 532 580 639
United_States_005817.jpg,1 192 417 223 571
United_States_005818.jpg,1 518 420 629 619
United_States_005819.jpg,2 109 451 243 470 2 87 448 250 470 1 184 444 268 639
United_States_005820.jpg,1 96 377 244 518 2 453 523 632 545 3 348 432 471 566 3 353 433 475 627 3 216 416 323 639 3 188 422 480 639 4 161 441 190 456
United_States_005821.jpg,1 225 510 257 638 1 275 494 319 633 1 327 492 443 638
United_States_005822.jpg,1 14 393 202 608 1 15 427 170 607
United_States_005823.jpg,2 0 514 176 562
United_States_005824.jpg,1 254 413 292 558 2 188 482 255 496 1 255 408 293 640
United_States_005825.jpg,1 190 370 225 454
United_States_005826.jpg,1 329 513 384 640 1 330 513 406 640 1 246 499 261 536 1 244 456 283 534
United_States_005827.jpg,1 220 493 237 551 1 0 405 140 492 1 480 429 638 555 2 155 489 228 505 1 492 504 575 619 1 267 421 293 497
United_States_005828.jpg,1 295 516 419 640
United_States_005829.jpg,1 54 535 169 595 1 502 505 611 616 1 214 414 259 516 1 308 424 328 476 1 306 409 389 627 1 431 436 610 613
United_States_005830.jpg,2 66 560 261 639 2 0 538 123 564 2 3 551 261 640 2 20 429 89 445
United_States_005831.jpg,1 397 498 529 637 1 255 395 275 436 2 110 460 221 476 1 35 419 164 541 2 103 472 486 515 2 5 458 235 479 1 0 419 167 603 2 29 460 217 477
United_States_005832.jpg,1 259 390 307 441 1 271 395 306 441
United_States_005833.jpg,1 388 430 470 614 1 240 390 318 595 1 0 392 190 538 2 71 459 269 483 1 82 392 195 464
United_States_005834.jpg,2 481 541 638 568 1 134 362 237 456
United_States_005835.jpg,1 408 453 524 639 2 175 576 295 603
United_States_005836.jpg,2 217 520 347 543
United_States_005837.jpg,1 233 449 289 638 2 188 439 344 462 2 0 504 94 534 3 230 449 303 639 1 75 398 168 601
United_States_005838.jpg,2 151 443 571 512 1 226 382 243 411 2 118 445 498 518 1 132 383 239 527 1 127 382 236 576
United_States_005839.jpg,1 64 500 165 632 1 241 406 262 492 3 228 462 355 640
United_States_005840.jpg,1 186 390 260 501 2 562 397 640 435 1 487 375 528 444 1 505 387 528 446 1 91 336 146 368
United_States_005841.jpg,1 162 447 210 588 1 99 435 138 488 1 280 403 308 483 1 317 482 345 551 1 0 480 80 607 2 0 595 82 612 1 153 408 172 435
United_States_005842.jpg,1 89 446 220 632 1 323 399 362 542 1 493 415 636 497 3 320 398 370 542 1 329 431 359 543 2 553 493 591 513
United_States_005843.jpg,
United_States_005844.jpg,1 271 460 484 639 2 411 587 508 606
United_States_005845.jpg,1 291 408 358 507 3 342 541 612 630 2 178 534 602 628 3 360 504 604 639 1 0 393 169 532
United_States_005846.jpg,1 0 467 143 614 1 159 530 177 577 2 557 513 639 559
United_States_005847.jpg,1 199 408 231 638 2 0 448 124 477 2 0 441 164 473
United_States_005848.jpg,1 396 396 419 516 2 482 564 640 602 2 489 425 638 442 1 457 396 531 530 1 456 396 619 611 2 482 543 639 609 2 193 578 228 598 2 332 468 395 483 2 409 426 562 449
United_States_005849.jpg,1 267 448 341 639 1 6 517 78 594 1 144 504 178 584
United_States_005850.jpg,1 357 447 519 640 1 345 385 391 433
United_States_005851.jpg,1 352 418 545 639 2 387 444 458 462 1 300 392 354 483 1 516 415 552 431 2 447 451 507 465 2 69 588 133 606
United_States_005852.jpg,1 267 393 311 517
United_States_005853.jpg,2 156 448 340 512
United_States_005854.jpg,3 0 393 224 631 3 14 376 460 639 2 542 552 631 598
United_States_005855.jpg,3 295 464 411 567 1 70 411 210 619 2 153 531 230 553
United_States_005856.jpg,3 292 439 455 639 1 137 442 186 639 1 294 435 452 640 1 137 511 155 551
United_States_005857.jpg,1 370 442 556 640 2 31 509 451 572 2 8 525 428 575
United_States_005858.jpg,1 4 405 228 612 1 142 399 231 473 2 49 553 160 581
United_States_005859.jpg,1 409 452 638 604 3 363 453 391 480 1 445 478 638 607 1 406 555 462 639
United_States_005860.jpg,1 284 471 301 524
United_States_005861.jpg,1 230 454 253 547 1 291 412 389 560
United_States_005862.jpg,2 417 585 487 601 1 331 504 469 639 1 448 557 492 587 1 107 493 161 565 1 332 504 434 626
United_States_005863.jpg,2 0 493 227 519
United_States_005864.jpg,1 161 395 288 640 2 203 454 268 475 2 207 432 329 476
United_States_005865.jpg,2 479 609 555 629 1 298 422 326 502 1 369 513 405 640
United_States_005866.jpg,2 189 458 302 475
United_States_005867.jpg,1 65 528 124 640 1 428 476 571 560 1 173 445 192 489 2 309 447 397 464 3 262 474 425 640 2 223 604 314 639
United_States_005868.jpg,
United_States_005869.jpg,1 430 496 560 640 1 447 525 561 639
United_States_005870.jpg,1 423 512 531 625
United_States_005871.jpg,2 88 444 197 462 2 207 444 368 469 2 66 443 370 470 1 112 384 233 633
United_States_005872.jpg,1 290 452 327 561 1 413 455 534 571 2 548 549 631 576 2 599 582 639 607
United_States_005873.jpg,1 383 405 524 634 2 226 446 571 472 1 180 599 204 640
United_States_005874.jpg,3 244 389 357 523 1 113 507 173 593 1 363 504 407 574 2 332 423 424 438 2 298 489 477 519
United_States_005875.jpg,
United_States_005876.jpg,1 94 487 173 639
United_States_005877.jpg,1 392 561 505 639
United_States_005878.jpg,1 307 458 354 615 1 0 481 138 541
United_States_005879.jpg,1 0 397 137 511 1 416 506 469 627 1 0 403 132 566
United_States_005880.jpg,1 406 425 551 617 2 449 468 636 501 2 322 530 405 565
United_States_005881.jpg,1 0 512 81 581 3 0 407 185 591 1 0 411 184 587
United_States_005882.jpg,1 0 467 56 536
United_States_005883.jpg,1 397 472 547 624
United_States_005884.jpg,2 501 461 639 499 3 369 387 565 640 1 510 399 640 462 1 378 391 566 639 1 512 398 639 502
United_States_005885.jpg,3 254 435 545 639 2 0 552 151 579
United_States_005886.jpg,3 342 506 431 639
United_States_005887.jpg,1 351 426 536 638 1 464 443 639 565 1 254 367 276 426 1 292 506 370 639
United_States_005888.jpg,1 236 507 297 638 2 71 554 218 578
United_States_005889.jpg,2 208 429 384 464 2 177 474 360 505 2 0 463 147 490
United_States_005890.jpg,1 58 496 191 625 1 0 500 115 574
United_States_005891.jpg,3 67 413 210 610 1 69 410 211 612 1 435 542 490 609
United_States_005892.jpg,1 233 474 300 638 1 208 390 231 446
United_States_005893.jpg,2 198 504 595 574 2 443 545 578 578 1 623 442 639 551
United_States_005894.jpg,1 133 430 220 639
United_States_005895.jpg,1 12 443 98 609
United_States_005896.jpg,1 182 458 227 640
United_States_005897.jpg,1 392 477 446 563 2 503 495 640 516 3 0 460 91 532 2 191 453 251 468 1 30 503 145 618
United_States_005898.jpg,2 185 438 532 467
United_States_005899.jpg,2 0 570 103 600 3 60 423 456 639 3 152 432 582 639 2 532 547 598 565 2 570 574 639 598
United_States_005900.jpg,1 417 420 637 607 1 542 447 639 534
United_States_005901.jpg,1 180 376 237 489 1 84 519 120 589 1 83 375 243 588
United_States_005902.jpg,1 88 532 160 601
United_States_005903.jpg,3 81 412 544 588 3 214 436 600 638 3 87 406 499 552
United_States_005904.jpg,2 83 425 268 442 1 0 542 72 618
United_States_005905.jpg,2 11 523 154 639 1 12 521 153 639 2 220 480 336 513 2 177 605 515 640 2 182 609 443 640
United_States_005906.jpg,1 466 548 506 639
United_States_005907.jpg,2 98 471 435 548 1 40 433 148 616 2 0 547 74 569 1 43 392 163 614
United_States_005908.jpg,1 23 497 104 621 2 0 558 56 582
United_States_005909.jpg,1 66 544 99 594 1 67 449 153 593 1 99 458 144 530 1 66 422 173 591
United_States_005910.jpg,1 111 371 199 506 1 80 369 202 558
United_States_005911.jpg,1 301 439 418 555 1 215 503 241 549 2 3 457 192 492 2 88 459 188 476
United_States_005912.jpg,
United_States_005913.jpg,1 278 492 366 639
United_States_005914.jpg,2 1 484 366 510 2 32 468 431 511
United_States_005915.jpg,
United_States_005916.jpg,1 100 491 201 638 1 300 487 364 567
United_States_005917.jpg,3 269 413 501 639 1 148 437 240 639 1 242 379 258 407
United_States_005918.jpg,1 9 461 111 615
United_States_005919.jpg,1 71 484 156 639
United_States_005920.jpg,1 356 446 640 639 1 19 379 135 500
United_States_005921.jpg,2 200 430 379 475 3 92 435 214 639 2 196 425 428 476 3 0 435 218 640 2 0 553 173 598
United_States_005922.jpg,1 338 481 363 543
United_States_005923.jpg,1 77 392 248 592
United_States_005924.jpg,1 268 438 391 639 1 129 389 164 433 1 26 425 186 620 2 0 429 136 457 2 430 597 477 611 1 0 517 63 617 2 0 428 151 471 1 52 425 185 587
United_States_005925.jpg,3 0 399 428 637 2 424 562 573 602 3 93 445 515 597
United_States_005926.jpg,1 300 461 363 639 2 356 579 476 623 2 6 457 269 481
United_States_005927.jpg,1 34 451 80 500 1 380 524 434 565
United_States_005928.jpg,1 136 399 261 638 2 270 472 478 496 2 89 438 190 452 2 503 475 638 495
United_States_005929.jpg,1 368 415 634 581 2 24 533 127 553 1 335 497 413 579 1 284 412 365 498 2 558 493 621 514 2 367 497 476 528 3 313 415 640 616
United_States_005930.jpg,2 397 523 621 584 1 476 440 620 525
United_States_005931.jpg,1 328 517 359 573
United_States_005932.jpg,1 443 475 547 556 1 291 503 311 568 2 36 421 407 448 1 447 539 497 589
United_States_005933.jpg,
United_States_005934.jpg,2 16 562 246 621 1 230 448 263 637 1 342 480 404 570 2 206 430 401 452
United_States_005935.jpg,2 368 434 426 448
United_States_005936.jpg,1 338 506 451 620 1 452 562 482 593 1 251 495 298 638 1 586 578 639 621
United_States_005937.jpg,3 114 460 262 639 3 0 458 262 639 1 21 486 58 522
United_States_005938.jpg,1 359 567 432 640 1 353 560 459 639
United_States_005939.jpg,1 147 432 278 635 4 345 443 369 457
United_States_005940.jpg,1 378 420 526 623 1 284 394 337 484 1 156 488 212 640 1 300 394 337 482 1 310 394 338 478
United_States_005941.jpg,3 56 430 171 639 1 64 423 172 639
United_States_005942.jpg,2 0 511 133 566 1 587 584 631 624 1 491 495 546 545
United_States_005943.jpg,1 182 510 210 590
United_States_005944.jpg,1 257 387 380 640 2 0 578 122 608 2 103 579 336 630
United_States_005945.jpg,1 440 545 471 589
United_States_005946.jpg,1 149 434 249 508 2 0 490 245 546
United_States_005947.jpg,1 146 404 236 639 2 268 441 514 493 1 25 499 116 616 2 58 445 206 463 1 24 522 94 618
United_States_005948.jpg,1 220 383 285 640 2 117 428 233 444 2 256 498 396 525 2 0 532 72 550 2 458 584 570 627
United_States_005949.jpg,1 167 426 267 638 1 201 427 266 578 1 354 403 377 460 2 408 399 600 423 1 390 416 513 535 1 188 450 217 492 1 326 385 340 426
United_States_005950.jpg,1 359 420 395 555 1 321 441 342 549
United_States_005951.jpg,1 274 440 331 631 2 463 506 640 526
United_States_005952.jpg,2 45 490 220 507
United_States_005953.jpg,2 306 614 435 638
United_States_005954.jpg,2 175 436 353 455
United_States_005955.jpg,1 425 438 593 626 1 38 525 128 623 2 390 472 451 489 2 498 480 639 511
United_States_005956.jpg,1 373 418 501 575 1 319 426 400 640 1 130 549 197 639 1 130 462 253 637
United_States_005957.jpg,1 442 430 474 571 1 500 388 548 478
United_States_005958.jpg,1 315 392 328 425 1 329 449 387 634
United_States_005959.jpg,3 238 443 489 638 2 0 562 122 588 2 0 540 276 588 1 118 446 154 639 2 160 537 276 571 2 318 472 536 526
United_States_005960.jpg,1 235 377 252 433 2 78 466 425 507
United_States_005961.jpg,3 0 368 248 623 2 292 496 406 537
United_States_005962.jpg,1 268 359 309 473 1 0 385 176 596 1 411 451 608 617 1 0 384 179 532 1 319 368 560 638
United_States_005963.jpg,1 451 502 547 639
United_States_005964.jpg,2 59 563 215 599 1 419 400 461 494 2 102 570 215 600
United_States_005965.jpg,1 0 440 117 612 1 128 396 164 441
United_States_005966.jpg,1 494 546 591 637 1 429 381 504 440 1 363 396 431 587 1 195 417 291 639 2 595 591 640 612 2 78 479 225 506 3 360 393 506 593 3 351 385 591 637 2 597 582 639 612 1 217 422 285 552
United_States_005967.jpg,2 391 523 521 599 2 416 522 522 576
United_States_005968.jpg,1 377 484 491 624 1 357 427 492 618 2 0 443 100 464 1 71 471 168 637
United_States_005969.jpg,1 375 433 527 583 1 376 433 446 502 1 271 395 288 440
United_States_005970.jpg,
United_States_005971.jpg,3 0 444 131 622
United_States_005972.jpg,2 325 520 640 576 2 326 573 459 634 2 492 543 640 581
United_States_005973.jpg,2 0 500 166 520 1 324 411 445 619
United_States_005974.jpg,2 132 537 273 572
United_States_005975.jpg,1 0 401 125 613
United_States_005976.jpg,3 90 405 538 637 3 199 428 555 632
United_States_005977.jpg,1 198 513 277 639
United_States_005978.jpg,2 456 590 585 617
United_States_005979.jpg,1 383 585 402 622 1 426 517 541 639
United_States_005980.jpg,2 372 528 459 585 2 12 525 98 543
United_States_005981.jpg,1 251 435 393 612 2 526 505 623 555
United_States_005982.jpg,2 0 490 269 527 2 312 492 393 513 2 0 498 116 526
United_States_005983.jpg,1 313 379 454 583 2 500 609 625 631 1 311 398 502 638 1 565 460 639 526 1 565 459 639 556 2 555 446 614 467 2 501 610 590 631
United_States_005984.jpg,1 518 450 639 532
United_States_005985.jpg,1 158 558 196 639
United_States_005986.jpg,1 125 410 194 573 1 93 409 195 587
United_States_005987.jpg,1 294 414 336 522 2 208 595 411 633 1 383 514 430 630
United_States_005988.jpg,1 315 441 395 640
United_States_005989.jpg,2 1 492 90 509 1 0 413 103 496
United_States_005990.jpg,2 67 500 159 516
United_States_005991.jpg,2 460 573 581 626 2 127 598 419 640 1 303 437 383 590 2 290 597 421 639
United_States_005992.jpg,1 339 379 488 635 2 460 506 561 526 4 185 445 217 464 2 219 456 383 474 3 0 467 173 622 3 0 402 252 618
United_States_005993.jpg,1 256 384 376 639 2 346 488 515 543 1 257 385 327 535
United_States_005994.jpg,1 179 410 210 455 1 245 398 278 639 1 115 552 158 640 2 122 478 255 496 2 0 483 133 505 2 2 457 354 504 2 0 472 354 505 2 84 454 538 499
United_States_005995.jpg,1 399 544 546 639 1 139 521 163 564 1 203 581 227 640
United_States_005996.jpg,1 138 423 233 638 1 238 367 258 418
United_States_005997.jpg,
United_States_005998.jpg,1 292 433 411 640
United_States_005999.jpg,1 575 540 604 587 1 317 499 409 640
United_States_006000.jpg,2 29 583 166 615 1 407 436 460 529 2 321 507 631 571 2 255 471 599 562
United_States_006001.jpg,2 224 449 447 480
United_States_006002.jpg,3 103 394 179 640 2 222 467 341 505 2 500 470 563 499 1 47 428 82 501 1 413 487 447 517 1 47 456 76 501
United_States_006003.jpg,1 0 437 173 614 1 155 427 171 466
United_States_006004.jpg,3 0 426 107 619 1 242 409 290 461 1 415 414 639 529
