United_States_004805.jpg,2 0 440 108 462 2 290 493 377 513
United_States_004806.jpg,3 87 389 514 569 2 472 584 639 627 2 401 536 570 578
United_States_004807.jpg,3 200 473 356 639 3 208 523 329 639
United_States_004808.jpg,1 369 476 396 535
United_States_004809.jpg,1 298 441 347 502 1 312 504 348 639 1 70 492 269 640 2 333 562 451 586
United_States_004810.jpg,2 227 449 346 470 1 325 421 337 456
United_States_004811.jpg,1 219 379 267 449
United_States_004812.jpg,1 438 538 542 639
United_States_004813.jpg,2 159 535 368 579 1 375 525 518 639
United_States_004814.jpg,1 98 426 167 561 1 284 412 374 539 2 38 512 111 526
United_States_004815.jpg,
United_States_004816.jpg,1 144 412 239 572 1 456 509 564 640
United_States_004817.jpg,1 327 384 408 463 1 314 412 485 634 2 118 520 357 575 1 313 413 453 595 1 36 401 196 617 1 39 472 131 619 2 437 567 555 604
United_States_004818.jpg,2 178 565 310 608
United_States_004819.jpg,1 471 576 523 640
United_States_004820.jpg,2 155 448 529 494
United_States_004821.jpg,1 128 463 177 638 1 150 361 180 452 1 201 363 217 400 1 375 525 469 640 1 295 592 326 639 1 109 454 179 640
United_States_004822.jpg,3 400 469 601 638 1 523 429 639 493 3 144 452 266 498
United_States_004823.jpg,1 306 391 330 444 1 305 441 334 561
United_States_004824.jpg,1 142 523 242 640
United_States_004825.jpg,1 89 450 154 585 2 161 509 241 535 1 170 385 204 456
United_States_004826.jpg,1 117 426 182 636 2 420 556 537 604 2 530 579 638 625
United_States_004827.jpg,2 106 456 243 490
United_States_004828.jpg,1 118 478 157 583 2 189 448 264 474
United_States_004829.jpg,2 0 510 258 553 1 238 542 256 607
United_States_004830.jpg,1 207 424 314 559 1 123 415 318 639
United_States_004831.jpg,1 158 445 177 492
United_States_004832.jpg,1 440 516 556 639 1 289 392 386 637
United_States_004833.jpg,1 273 438 318 639 1 274 439 302 544
United_States_004834.jpg,1 232 571 263 639 1 362 484 403 541
United_States_004835.jpg,1 214 450 287 637 1 213 450 260 538 1 0 484 32 608
United_States_004836.jpg,2 256 455 487 493 1 239 383 264 547 3 92 413 201 580 1 70 413 205 629 1 236 386 267 636 3 68 414 202 631
United_States_004837.jpg,3 51 432 198 618 1 363 490 502 637 2 437 430 544 459
United_States_004838.jpg,2 49 500 168 527
United_States_004839.jpg,2 0 563 135 592 2 383 496 528 560 1 428 454 483 511 1 402 399 556 481
United_States_004840.jpg,1 292 431 349 559 1 292 426 403 639
United_States_004841.jpg,2 21 514 421 616 1 232 418 271 538 2 67 507 448 585 2 48 503 509 595
United_States_004842.jpg,1 106 481 196 638
United_States_004843.jpg,1 138 394 271 572
United_States_004844.jpg,1 420 449 627 605 1 29 392 214 638
United_States_004845.jpg,1 358 465 414 550 1 358 466 433 579 2 161 464 354 500
United_States_004846.jpg,1 314 395 554 638 1 439 414 606 463 3 54 413 359 634 1 533 455 549 483 1 308 392 455 542 3 61 412 525 629
United_States_004847.jpg,1 42 432 241 595
United_States_004848.jpg,2 494 565 638 636 1 292 479 342 555 1 379 523 489 639 1 169 441 184 481 2 24 563 72 586
United_States_004849.jpg,1 369 416 562 640
United_States_004850.jpg,1 76 545 199 639 2 450 568 553 584
United_States_004851.jpg,1 191 464 239 560 1 175 552 217 640
United_States_004852.jpg,1 361 562 412 639 1 362 561 442 640
United_States_004853.jpg,1 211 380 275 554 2 316 455 420 475 2 346 539 484 569 1 0 428 69 483 1 373 415 571 634 1 0 427 68 510 2 306 531 484 570
United_States_004854.jpg,1 113 573 145 640 2 0 435 192 459
United_States_004855.jpg,1 323 433 484 637 2 102 466 209 482
United_States_004856.jpg,1 404 384 614 625 1 141 500 198 574 1 161 423 216 498 2 22 549 148 582 2 531 514 636 533
United_States_004857.jpg,2 45 410 207 444
United_States_004858.jpg,1 503 458 632 551 1 0 459 89 620 2 501 457 635 550 1 0 417 122 619
United_States_004859.jpg,1 275 425 308 477 2 92 471 334 522
United_States_004860.jpg,2 185 453 341 482 1 105 396 221 639
United_States_004861.jpg,1 306 445 346 635 2 185 423 507 457 2 255 434 507 460
United_States_004862.jpg,1 120 439 192 581 1 298 424 360 562
United_States_004863.jpg,1 87 407 168 521 1 126 511 188 637
United_States_004864.jpg,2 499 514 597 541 1 410 412 577 638 1 336 548 370 639
United_States_004865.jpg,2 217 436 302 462 2 145 468 517 613 2 512 459 584 496 1 253 396 302 446
United_States_004866.jpg,2 78 472 182 494 2 186 462 292 503 2 358 428 497 456
United_States_004867.jpg,1 360 585 393 638
United_States_004868.jpg,1 304 528 402 639 1 305 537 434 640 1 229 605 263 640
United_States_004869.jpg,1 63 411 172 627 2 0 496 120 519
United_States_004870.jpg,1 339 455 384 552 2 182 573 528 628 2 519 571 603 604
United_States_004871.jpg,3 173 384 438 638 2 0 504 190 572
United_States_004872.jpg,1 0 420 162 548
United_States_004873.jpg,1 412 565 466 624
United_States_004874.jpg,1 345 412 458 544 1 156 512 215 613 2 1 440 200 463
United_States_004875.jpg,1 305 408 386 559 1 385 382 639 529 1 178 443 229 579 2 377 528 490 552 2 90 525 177 546 1 172 429 189 454 1 387 381 595 498
United_States_004876.jpg,1 366 426 508 638 1 0 453 174 618 2 429 502 487 515
United_States_004877.jpg,1 61 514 163 639 1 444 507 537 633 1 217 424 280 552 2 346 473 490 498
United_States_004878.jpg,1 136 441 187 555 1 272 403 304 538 1 384 452 517 570 1 388 454 567 634
United_States_004879.jpg,1 286 512 352 571 1 345 488 506 615
United_States_004880.jpg,1 203 476 234 639 2 0 564 127 586 1 386 463 411 569
United_States_004881.jpg,2 107 428 251 448
United_States_004882.jpg,1 59 500 120 580 1 165 409 227 639 1 99 434 140 483 1 241 361 255 397
United_States_004883.jpg,2 0 497 242 548 1 0 538 38 619 2 0 474 350 546 2 299 475 360 498
United_States_004884.jpg,1 285 388 400 469 1 145 370 175 554 3 324 460 638 638
United_States_004885.jpg,2 441 523 555 583 2 438 507 638 581
United_States_004886.jpg,1 237 535 283 640 1 220 538 282 639
United_States_004887.jpg,1 369 499 407 567 1 319 382 413 493 1 318 422 359 502 1 314 418 408 561
United_States_004888.jpg,1 292 423 418 639 1 0 447 97 583
United_States_004889.jpg,3 0 363 478 639 3 122 365 434 640 2 346 439 567 461 1 0 394 145 598
United_States_004890.jpg,1 392 428 560 639 1 398 432 478 550 1 220 444 237 477
United_States_004891.jpg,1 447 428 640 580
United_States_004892.jpg,3 153 410 326 555 3 236 492 321 552
United_States_004893.jpg,1 342 496 393 635 1 411 597 499 640 1 413 595 474 639
United_States_004894.jpg,1 0 398 99 510
United_States_004895.jpg,4 127 483 166 522 4 129 494 160 520
United_States_004896.jpg,1 394 412 545 639 1 396 415 492 545
United_States_004897.jpg,2 70 439 525 549 1 385 381 637 544 2 67 493 313 531
United_States_004898.jpg,2 438 587 480 633 1 197 454 241 606 2 217 442 304 461
United_States_004899.jpg,1 355 444 535 638 3 169 441 541 640
United_States_004900.jpg,1 454 500 552 637 1 370 521 390 580 1 368 524 420 593 1 369 523 395 587
United_States_004901.jpg,1 62 454 129 631 1 131 381 158 430
United_States_004902.jpg,1 193 391 254 504 3 241 400 351 541 1 113 550 171 639
United_States_004903.jpg,1 115 504 242 639 2 399 613 492 634
United_States_004904.jpg,3 318 401 565 637 3 344 555 430 640
United_States_004905.jpg,2 176 460 308 481
United_States_004906.jpg,
United_States_004907.jpg,1 478 473 638 610 1 174 462 204 542
United_States_004908.jpg,1 50 532 115 629 2 343 456 573 543 1 317 541 387 640 1 494 492 638 572 1 244 378 312 539 1 244 377 369 638
United_States_004909.jpg,1 489 534 557 640 1 413 471 450 532
United_States_004910.jpg,3 7 377 563 640 3 98 375 640 639
United_States_004911.jpg,1 456 466 597 637 1 65 457 202 626 1 228 365 291 455 1 389 396 403 424 2 0 544 105 574 2 73 437 205 458 1 461 406 639 528 2 226 447 346 468 1 344 479 362 531 1 343 459 364 532
United_States_004912.jpg,1 67 551 144 621 3 207 491 251 640 1 372 527 475 640
United_States_004913.jpg,2 458 527 637 551 2 70 492 366 534
United_States_004914.jpg,1 366 406 388 481 1 298 387 326 479 1 372 534 418 640 2 290 505 469 542 2 287 500 500 544
United_States_004915.jpg,3 292 416 578 637 2 0 544 203 583 2 556 513 639 535 2 0 554 167 585
United_States_004916.jpg,1 106 458 202 631
United_States_004917.jpg,1 433 448 565 639 1 248 423 280 521 2 46 496 509 552 1 198 547 246 639 2 0 500 389 555 2 78 499 460 544
United_States_004918.jpg,1 407 481 554 639 1 337 428 559 640
United_States_004919.jpg,1 486 581 536 627
United_States_004920.jpg,1 331 416 387 632 1 129 383 284 639 1 454 516 555 640 1 416 465 554 639 1 194 575 233 639
United_States_004921.jpg,3 11 393 209 631
United_States_004922.jpg,1 113 410 171 551 1 64 589 103 639 2 333 471 535 525 2 351 474 594 520
United_States_004923.jpg,1 463 574 523 639 2 488 592 581 609
United_States_004924.jpg,
United_States_004925.jpg,2 545 584 640 629 2 94 487 248 513 1 240 410 273 477
United_States_004926.jpg,1 394 423 595 630 1 520 482 637 571 1 66 386 240 638
United_States_004927.jpg,
United_States_004928.jpg,1 393 405 493 638 1 395 403 453 529
United_States_004929.jpg,1 97 433 129 511
United_States_004930.jpg,1 261 428 329 542 2 508 506 580 529 2 445 491 526 520 2 68 481 141 499
United_States_004931.jpg,1 387 464 560 639 1 321 381 367 437 1 71 482 173 640 1 437 417 549 479 1 187 394 226 473
United_States_004932.jpg,1 248 401 455 635 1 168 448 201 591
United_States_004933.jpg,1 0 534 113 617
United_States_004934.jpg,2 2 507 107 529 1 200 405 252 562 1 200 403 250 506
United_States_004935.jpg,1 0 557 40 623 1 0 405 140 620
United_States_004936.jpg,2 178 498 498 633 2 464 540 618 637 2 130 492 543 640 1 1 366 105 606
United_States_004937.jpg,1 180 395 259 557 1 0 392 138 476 2 0 583 119 606 1 369 459 477 583 1 360 542 405 639 1 0 474 66 547
United_States_004938.jpg,1 55 505 126 597 2 99 482 238 504
United_States_004939.jpg,1 62 402 154 633 2 150 415 343 444
United_States_004940.jpg,1 26 409 193 623 2 0 464 131 494
United_States_004941.jpg,1 363 482 451 632 2 0 547 206 573
United_States_004942.jpg,3 0 404 330 637 3 268 444 321 538 1 273 443 317 539
United_States_004943.jpg,2 279 539 403 560 1 207 542 279 639 1 254 542 278 586
United_States_004944.jpg,1 257 375 341 638 2 16 575 142 598 2 312 481 481 523 2 577 491 640 519 2 17 445 253 491 1 254 377 327 545 2 0 553 57 572
United_States_004945.jpg,2 160 439 360 466 1 479 548 588 640 1 234 389 263 640 1 238 401 259 544
United_States_004946.jpg,1 159 411 288 638 1 519 436 639 515
United_States_004947.jpg,1 328 432 473 575 1 322 426 544 621
United_States_004948.jpg,1 237 429 263 497 1 319 420 362 536 2 6 527 181 559 1 7 400 139 528
United_States_004949.jpg,2 0 507 433 592 2 0 520 380 591 2 78 497 465 563 2 33 499 493 577
United_States_004950.jpg,1 379 440 556 637
United_States_004951.jpg,1 196 424 376 639 2 207 519 269 538 1 128 383 149 428 2 29 430 140 450 2 206 514 333 537
United_States_004952.jpg,1 317 398 461 639 2 112 579 382 638 1 468 408 502 433 1 464 403 504 434 2 348 426 469 442
United_States_004953.jpg,1 0 469 76 614 1 212 454 293 637 2 0 438 225 476 2 476 602 637 639 1 196 391 221 420
United_States_004954.jpg,3 12 387 439 637
United_States_004955.jpg,3 60 356 605 640
United_States_004956.jpg,2 305 588 434 615 2 0 481 126 502
United_States_004957.jpg,2 27 443 497 598 2 92 430 550 578 2 0 482 385 598 2 158 438 556 548
United_States_004958.jpg,2 0 468 174 502 1 411 550 554 639 2 411 551 557 637 2 453 480 545 495
United_States_004959.jpg,1 393 529 450 640 1 393 530 476 639
United_States_004960.jpg,2 171 456 468 499 1 451 467 593 624 1 25 445 102 496 2 57 431 193 448 1 11 446 101 506 2 7 545 130 569
United_States_004961.jpg,1 0 419 94 608 1 354 423 639 622 2 103 441 204 462 1 216 368 297 467
United_States_004962.jpg,1 71 387 187 639 1 226 394 342 639
United_States_004963.jpg,1 341 398 466 638 1 59 528 146 638 1 165 459 229 545 2 370 432 503 450 2 130 447 223 466
United_States_004964.jpg,1 415 502 553 639 1 0 416 137 588 2 289 478 484 532
United_States_004965.jpg,2 69 449 224 470 2 286 484 384 519 2 69 582 221 610 2 42 447 232 472 1 326 418 473 637 1 203 387 281 640
United_States_004966.jpg,2 185 453 325 490
United_States_004967.jpg,1 86 520 158 639
United_States_004968.jpg,1 40 441 126 619
United_States_004969.jpg,3 78 397 381 618 2 268 492 496 535 2 290 577 403 605 2 366 496 494 526 3 104 398 389 544
United_States_004970.jpg,1 25 430 191 613
United_States_004971.jpg,1 330 440 357 551
United_States_004972.jpg,1 0 512 116 616
United_States_004973.jpg,1 129 469 226 588 1 141 397 219 466 1 0 489 72 573 2 55 443 452 480 1 0 446 77 516 2 155 442 586 477
United_States_004974.jpg,1 40 391 130 440 1 159 401 210 522 1 0 445 48 530 2 0 428 190 450
United_States_004975.jpg,1 90 414 232 639 1 0 440 60 527
United_States_004976.jpg,3 140 410 274 557 3 146 408 239 556
United_States_004977.jpg,1 0 534 115 618 2 280 541 377 581 1 249 494 307 639 1 281 536 373 580
United_States_004978.jpg,1 258 559 290 638 1 113 410 174 590 1 85 410 174 591
United_States_004979.jpg,1 23 449 86 507 2 0 529 58 558
United_States_004980.jpg,2 62 490 226 518 1 0 430 151 569 1 160 416 254 639 1 0 434 97 509 1 196 418 252 558 2 276 446 430 468
United_States_004981.jpg,2 0 513 227 556 1 284 511 301 547
United_States_004982.jpg,1 341 402 461 636 1 428 407 640 554 1 342 406 404 537 2 1 422 242 445
United_States_004983.jpg,1 197 416 289 638
United_States_004984.jpg,1 413 449 637 618 2 0 414 45 437
United_States_004985.jpg,1 323 426 381 536 2 515 419 640 440
United_States_004986.jpg,1 203 451 230 563 1 288 368 631 568 2 222 450 297 470 1 126 506 165 640 1 136 506 165 583
United_States_004987.jpg,1 389 527 438 640
United_States_004988.jpg,1 381 491 537 638 1 369 441 532 638
United_States_004989.jpg,
United_States_004990.jpg,2 0 572 175 599 2 288 518 357 536 1 285 541 348 640
United_States_004991.jpg,
United_States_004992.jpg,1 297 558 333 637 1 284 490 333 639
United_States_004993.jpg,1 86 495 114 593 3 566 453 639 621 2 0 464 113 490
United_States_004994.jpg,3 0 443 95 616 1 250 420 306 515 1 0 446 94 615 1 184 469 204 539 1 268 550 313 640
United_States_004995.jpg,1 1 400 226 629 3 0 410 219 620
United_States_004996.jpg,1 256 405 311 555 1 15 445 164 617
United_States_004997.jpg,1 151 473 181 590 2 351 570 508 625 1 45 425 95 521 2 111 570 461 639 2 352 570 450 623
United_States_004998.jpg,2 239 544 432 565
United_States_004999.jpg,2 5 535 234 576 1 223 391 245 484 2 309 522 377 542
United_States_005000.jpg,1 112 525 155 610 3 0 471 103 619 1 228 396 380 639 1 468 468 639 563 1 236 391 322 547
United_States_005001.jpg,2 82 521 335 552 1 309 466 353 539
United_States_005002.jpg,2 399 436 607 488 1 32 510 124 615 1 0 439 80 487 1 0 412 147 529
United_States_005003.jpg,1 39 471 142 620
United_States_005004.jpg,2 417 524 638 560 1 211 491 283 543 2 212 491 281 545 1 361 405 484 551
United_States_005005.jpg,2 156 448 368 483 2 88 534 414 608 2 213 396 336 416 1 309 347 476 638 2 412 501 588 539
United_States_005006.jpg,1 321 401 640 554 1 388 423 639 567
United_States_005007.jpg,2 226 485 337 523 2 247 423 358 448
United_States_005008.jpg,1 401 453 456 564 1 496 394 640 472 1 479 384 640 462 1 372 380 391 411
United_States_005009.jpg,1 62 414 195 633 1 230 402 263 637 1 359 462 495 639 1 60 479 158 633 1 240 401 262 622 2 0 457 439 485 2 102 444 507 481 1 332 411 496 639 1 305 393 339 437
United_States_005010.jpg,3 318 420 583 639 3 65 425 175 639 1 451 432 640 530 1 70 391 184 640
United_States_005011.jpg,1 340 487 399 638 1 116 414 248 639 2 1 472 195 495 1 0 505 99 619 2 0 419 92 438 1 3 425 93 482 2 241 437 525 466
United_States_005012.jpg,1 345 498 423 582 1 0 454 134 614 2 129 436 262 458 1 0 394 157 614 2 3 433 269 473 2 1 442 113 464
United_States_005013.jpg,1 6 508 232 621 1 311 392 344 498
United_States_005014.jpg,1 22 489 137 624
United_States_005015.jpg,2 499 590 584 632 1 547 461 639 528
United_States_005016.jpg,1 228 468 278 564
United_States_005017.jpg,1 339 441 513 639 2 13 432 408 526 2 0 458 392 528
United_States_005018.jpg,1 342 376 393 448 1 223 414 258 485 1 314 434 383 640
United_States_005019.jpg,1 114 434 175 534 1 268 398 382 636 2 299 453 340 465
United_States_005020.jpg,1 251 498 274 576
United_States_005021.jpg,1 336 448 400 639 1 333 446 429 640 2 380 592 464 610 1 149 466 221 586
United_States_005022.jpg,1 309 435 402 627 1 58 442 182 614 1 223 404 248 494 2 501 597 628 621 1 452 397 637 488
United_States_005023.jpg,1 246 392 285 539 1 188 394 223 496
United_States_005024.jpg,1 390 411 433 448 1 488 446 636 514 1 175 478 203 561 1 271 380 333 553 1 274 384 372 637 2 65 546 174 569 2 314 485 398 501 2 434 433 539 449
United_States_005025.jpg,1 116 407 260 637 2 339 526 437 545
United_States_005026.jpg,1 244 446 266 507 1 0 395 133 530 2 0 555 141 586 1 0 395 134 589
United_States_005027.jpg,1 60 459 195 638 1 377 431 471 638 2 449 531 638 565
United_States_005028.jpg,1 423 414 473 467 1 188 405 327 639 2 551 597 639 618
United_States_005029.jpg,1 149 415 241 559 2 0 455 87 479
United_States_005030.jpg,1 47 396 210 615
United_States_005031.jpg,2 4 504 197 533 1 403 515 481 603 1 478 458 640 566
United_States_005032.jpg,1 313 393 349 637
United_States_005033.jpg,3 308 433 498 632 2 138 474 309 504 1 280 364 333 433 1 43 417 174 619 2 137 476 328 511 1 308 434 498 628
United_States_005034.jpg,1 111 392 198 596 2 0 498 112 531 2 167 526 245 554 1 66 387 199 637 2 315 454 368 472
United_States_005035.jpg,1 267 430 339 557
United_States_005036.jpg,1 57 398 194 559
United_States_005037.jpg,1 291 441 342 640 2 0 566 105 599 1 294 446 333 608 1 138 552 170 605
United_States_005038.jpg,1 211 396 254 549 1 296 427 421 639 1 0 476 39 616
United_States_005039.jpg,
United_States_005040.jpg,2 241 465 500 507 1 272 510 296 639 1 350 435 386 476 1 134 417 221 639 3 118 420 223 639
United_States_005041.jpg,2 174 508 293 531 2 0 497 294 534
United_States_005042.jpg,1 361 428 424 545 1 93 433 200 551 1 62 568 106 621 2 20 558 110 577
United_States_005043.jpg,1 242 408 281 500 1 345 407 411 565 1 337 401 421 639 1 152 556 226 640 2 477 582 591 606 1 448 400 639 517
United_States_005044.jpg,1 139 448 206 638 2 438 497 570 533
United_States_005045.jpg,1 106 429 235 638 1 0 504 98 620 2 0 480 205 507 1 319 403 393 549 1 319 401 410 633 1 339 562 398 640
United_States_005046.jpg,1 263 549 291 639 1 250 491 292 640
United_States_005047.jpg,1 365 386 521 636 1 67 501 129 560 1 21 559 101 618 1 440 499 531 639 1 360 376 434 492 2 450 477 638 513 2 182 488 562 527 2 405 421 587 438 2 157 477 613 539 1 54 400 244 563 1 24 405 244 624 2 114 427 293 444 1 321 363 334 385 2 25 478 217 501
United_States_005048.jpg,1 405 406 556 639
United_States_005049.jpg,2 0 415 258 453
United_States_005050.jpg,1 365 512 387 569
United_States_005051.jpg,1 123 403 240 639 2 205 475 443 508 1 329 497 371 546 1 0 422 95 549 2 91 533 174 551 2 0 425 78 443
United_States_005052.jpg,3 89 416 360 637
United_States_005053.jpg,1 0 422 135 576 1 194 357 222 410
United_States_005054.jpg,1 221 499 243 556 1 420 492 579 619 1 210 378 232 444 1 208 379 253 556
United_States_005055.jpg,2 55 466 256 494
United_States_005056.jpg,1 243 494 297 639
United_States_005057.jpg,1 58 564 132 640 1 303 517 375 603 1 448 569 520 632 3 409 564 521 631 1 410 565 521 631
United_States_005058.jpg,1 72 493 141 640
United_States_005059.jpg,1 291 404 359 640 1 111 423 173 577 1 338 425 452 633 2 235 551 318 570 1 319 380 348 420 2 0 577 221 606
United_States_005060.jpg,2 361 490 562 550 1 100 388 285 639 1 178 381 220 469 1 100 487 210 640 2 0 470 152 494 1 181 395 213 469 1 442 414 640 528 1 271 507 302 614 1 100 395 227 640
United_States_005061.jpg,2 249 519 324 535 2 211 571 406 598
United_States_005062.jpg,1 248 396 280 517 1 403 418 544 563 3 326 419 557 639
United_States_005063.jpg,1 229 399 275 556 1 300 400 374 547 1 0 450 96 564 2 298 532 364 557 1 0 561 36 619
United_States_005064.jpg,
United_States_005065.jpg,1 443 451 618 619 2 1 521 208 555 1 445 453 525 529 1 1 386 207 522 2 153 421 382 444
United_States_005066.jpg,2 0 439 145 465
United_States_005067.jpg,1 195 459 236 554 1 50 382 134 427
United_States_005068.jpg,2 418 486 639 567 2 1 545 181 582
United_States_005069.jpg,1 327 411 399 495 1 509 474 640 558 2 302 472 518 538 1 291 500 337 637
United_States_005070.jpg,
United_States_005071.jpg,1 452 549 505 640
United_States_005072.jpg,2 33 505 124 522
United_States_005073.jpg,1 62 476 127 605 1 188 541 215 639
United_States_005074.jpg,2 0 467 253 520
United_States_005075.jpg,2 218 597 316 620
United_States_005076.jpg,1 116 577 197 639 1 166 413 196 503 2 0 491 281 555 1 258 495 367 576 2 0 486 370 555 1 478 489 576 559 2 0 449 71 471
United_States_005077.jpg,1 65 436 180 599 1 37 538 71 587 1 331 478 386 555 1 62 474 167 601
United_States_005078.jpg,3 227 432 481 640 1 0 396 145 606
United_States_005079.jpg,1 368 438 538 550
United_States_005080.jpg,2 0 525 309 562 2 0 522 414 564 2 0 534 155 557
United_States_005081.jpg,1 154 451 191 553 2 22 499 154 519 1 208 427 225 466
United_States_005082.jpg,3 2 388 189 624 2 0 417 104 441
United_States_005083.jpg,1 353 441 589 639 1 268 384 309 419 1 331 406 466 486 1 530 518 639 606 1 226 423 317 639
United_States_005084.jpg,
United_States_005085.jpg,2 0 448 98 468 1 31 515 98 618
United_States_005086.jpg,
United_States_005087.jpg,1 410 546 481 640 1 431 476 534 556 1 302 421 388 543
United_States_005088.jpg,2 421 564 507 600 2 472 554 618 614
United_States_005089.jpg,1 385 444 525 601
United_States_005090.jpg,2 469 557 511 582 2 241 464 343 546 1 374 398 427 442 1 134 392 213 459 1 376 396 501 538
United_States_005091.jpg,1 320 410 571 639 1 457 436 639 547 2 531 590 584 616 2 144 474 223 491 1 0 480 83 611
United_States_005092.jpg,1 337 377 515 639 1 234 416 268 561 1 40 511 127 619 2 415 469 636 497 1 324 409 339 429 2 416 459 639 507
United_States_005093.jpg,1 243 467 320 637 3 101 508 188 640 1 119 507 188 640 1 338 523 440 638
United_States_005094.jpg,1 174 390 267 554 1 304 544 422 639 2 344 455 451 473
United_States_005095.jpg,1 157 458 212 556 2 447 507 638 542 2 0 520 171 546 2 142 411 206 425
United_States_005096.jpg,2 436 539 590 576 1 165 396 258 563 1 159 401 260 629 3 152 554 256 640
United_States_005097.jpg,1 297 404 337 438
United_States_005098.jpg,2 60 555 218 604 1 310 432 489 639 2 55 553 218 590 1 0 535 44 618
United_States_005099.jpg,1 335 548 370 640 1 211 422 275 640 2 156 460 520 518 1 477 439 513 467 2 361 462 510 496 2 362 455 640 500 2 78 468 538 520
United_States_005100.jpg,3 3 415 302 607 1 391 464 433 528 1 405 393 639 623 3 409 392 640 629 3 157 442 294 576
United_States_005101.jpg,2 254 439 452 466
United_States_005102.jpg,1 444 493 510 536 1 451 491 639 607 2 201 544 384 570 2 92 533 383 572
United_States_005103.jpg,2 318 548 372 562
United_States_005104.jpg,1 106 462 218 629 1 372 462 444 572
United_States_005105.jpg,1 98 477 239 583 1 451 470 527 596 1 184 383 311 460
United_States_005106.jpg,1 344 518 434 640 1 340 516 467 640
United_States_005107.jpg,2 82 479 473 517
United_States_005108.jpg,1 213 381 244 481
United_States_005109.jpg,2 427 528 573 577
United_States_005110.jpg,1 152 463 212 639 1 289 483 420 639 2 312 464 465 497 2 23 464 164 482
United_States_005111.jpg,1 148 431 238 639
United_States_005112.jpg,1 368 474 445 560 2 6 520 120 545 1 282 374 313 413 2 420 462 477 475
United_States_005113.jpg,1 116 458 175 570 1 464 443 640 580
United_States_005114.jpg,2 111 511 388 555
United_States_005115.jpg,
United_States_005116.jpg,1 313 424 348 550 1 401 408 513 639 1 406 411 475 555
United_States_005117.jpg,1 369 362 639 535 1 273 413 308 561 3 176 429 283 593 3 164 429 308 614
United_States_005118.jpg,3 342 465 501 588 3 522 508 639 621 1 228 383 243 421 1 0 434 64 603 1 0 433 65 526 3 343 480 465 590
United_States_005119.jpg,2 271 459 341 475 2 256 426 325 441
United_States_005120.jpg,1 418 462 473 562 1 322 477 346 546
United_States_005121.jpg,1 291 390 324 500 1 288 394 362 639 3 498 511 625 638 2 130 512 213 530 1 314 494 359 640
United_States_005122.jpg,1 155 482 181 640 1 210 444 354 640
United_States_005123.jpg,1 195 432 349 639
United_States_005124.jpg,1 495 413 639 542 1 383 405 431 453 2 0 495 198 525 1 339 411 449 638 1 246 435 265 478 1 339 416 392 546 2 404 463 546 484 1 464 484 610 620
United_States_005125.jpg,2 119 530 398 638 3 0 350 375 638 2 342 476 396 492 1 253 389 269 424
United_States_005126.jpg,1 202 442 248 559 1 327 402 372 550 1 437 458 537 571 1 437 459 571 630
United_States_005127.jpg,3 0 477 133 611 3 6 465 260 635 1 0 466 134 609 3 81 468 260 638
United_States_005128.jpg,
United_States_005129.jpg,1 341 463 439 609 2 34 563 184 590
United_States_005130.jpg,2 0 460 97 481 1 148 541 192 640
United_States_005131.jpg,3 287 406 562 639 1 132 517 155 581 1 431 431 639 579
United_States_005132.jpg,1 343 418 507 639 2 86 527 204 553 1 0 398 184 580
United_States_005133.jpg,1 278 445 328 557 1 277 447 340 640 1 153 423 202 482
United_States_005134.jpg,1 171 474 213 554 1 124 467 214 636
United_States_005135.jpg,1 415 414 638 573 2 591 573 640 590
United_States_005136.jpg,1 414 396 474 563
United_States_005137.jpg,1 213 428 261 637
United_States_005138.jpg,2 277 435 459 513 2 281 541 372 586 1 390 480 452 562
United_States_005139.jpg,3 219 402 285 543
United_States_005140.jpg,1 138 504 175 640 1 64 484 84 522
United_States_005141.jpg,1 336 551 423 639
United_States_005142.jpg,1 65 420 173 638 2 243 574 413 625
United_States_005143.jpg,1 61 438 200 639 1 0 487 75 602
United_States_005144.jpg,2 448 565 564 587 1 187 554 233 639
United_States_005145.jpg,1 338 500 422 640 2 87 585 194 606 1 242 527 283 640
United_States_005146.jpg,3 297 408 481 637 1 105 478 172 580 1 104 444 198 579
United_States_005147.jpg,1 255 416 285 546 1 370 479 401 544 1 359 404 391 445 1 303 389 320 425
United_States_005148.jpg,1 268 400 351 551 1 190 422 245 558 2 239 542 316 558 1 193 421 233 547
United_States_005149.jpg,2 114 468 248 488 1 237 441 280 553
United_States_005150.jpg,
United_States_005151.jpg,2 208 549 362 572 1 376 515 459 639 2 85 575 175 592 1 153 580 185 640 2 1 573 177 595
United_States_005152.jpg,1 193 400 242 527
United_States_005153.jpg,2 96 439 224 461
United_States_005154.jpg,1 0 485 147 622 1 208 367 319 639 1 356 372 377 421 2 0 430 280 468 2 288 459 457 487 2 517 585 637 612 3 438 361 639 518 1 0 469 70 534 1 0 468 71 514 2 75 436 281 466 1 200 473 287 640 2 181 458 456 487
United_States_005155.jpg,1 291 457 355 639 1 56 436 148 576 1 128 586 155 640 1 58 506 103 579 1 114 435 148 473
United_States_005156.jpg,2 0 495 148 518 3 127 501 231 567 3 128 429 257 566 2 77 421 207 440
United_States_005157.jpg,1 0 489 101 619
United_States_005158.jpg,3 0 461 402 639 1 0 363 170 492
United_States_005159.jpg,1 204 394 267 560 1 312 418 372 554 2 352 458 439 477
United_States_005160.jpg,2 379 574 552 593 2 377 576 483 595
United_States_005161.jpg,1 2 476 90 618 2 473 448 640 540 1 235 553 284 639 3 141 415 193 519
United_States_005162.jpg,1 409 394 554 494 1 586 474 640 524
United_States_005163.jpg,3 109 487 251 635
United_States_005164.jpg,1 381 569 475 640 2 11 562 376 639
United_States_005165.jpg,1 167 413 228 513
United_States_005166.jpg,1 425 427 636 617 3 92 402 262 638 1 352 496 371 550 2 350 471 409 491 1 373 544 408 639 2 0 442 59 462 1 57 414 144 466
United_States_005167.jpg,1 272 516 311 640 1 333 516 453 639 1 270 518 328 640 1 334 516 373 560
United_States_005168.jpg,2 159 549 283 592 1 386 544 519 640
United_States_005169.jpg,2 89 469 337 544 2 146 451 257 471
United_States_005170.jpg,1 241 481 307 639 1 350 474 371 534 1 210 482 304 639
United_States_005171.jpg,1 360 382 559 638 1 99 436 163 519 1 400 360 639 510 1 288 349 305 417 2 300 410 363 423 2 156 419 246 438 1 280 432 305 511
United_States_005172.jpg,2 0 498 267 532 2 524 598 640 620 2 75 487 546 542 2 0 490 446 538 2 300 498 585 533 1 255 413 289 522
United_States_005173.jpg,1 287 478 317 547
United_States_005174.jpg,1 348 507 401 640 1 357 533 396 639 1 355 523 410 640
United_States_005175.jpg,2 2 511 211 544 2 18 498 316 543 1 0 435 92 540 1 0 435 92 597
United_States_005176.jpg,1 386 540 450 640 1 544 582 593 626
United_States_005177.jpg,1 218 372 422 639 2 420 528 588 610 1 368 399 635 511 1 0 389 127 609 1 579 533 640 579
United_States_005178.jpg,1 484 490 607 628 1 16 475 141 618 1 236 473 263 515 2 197 432 290 449 2 359 478 633 503 1 596 465 640 519 2 167 432 291 450
United_States_005179.jpg,1 442 479 552 640 2 253 445 437 480 1 449 410 521 489 2 467 493 638 519
United_States_005180.jpg,1 331 407 457 573 1 561 420 640 484 1 208 447 259 637 1 229 450 263 523 2 88 512 238 552 2 131 523 229 546
United_States_005181.jpg,1 292 437 338 530 1 207 526 252 605
United_States_005182.jpg,1 149 393 253 637 1 293 382 329 511 1 427 415 640 566 1 200 577 236 640
United_States_005183.jpg,2 328 451 495 472
United_States_005184.jpg,1 326 429 588 638 2 0 452 232 490 1 452 442 639 554 3 262 434 388 640
United_States_005185.jpg,2 20 445 117 464 2 189 447 388 473 1 0 419 164 556 2 108 447 389 489 2 129 446 391 478
United_States_005186.jpg,1 252 400 362 565
United_States_005187.jpg,1 180 474 265 639 1 0 442 98 610 3 169 469 274 639
United_States_005188.jpg,1 47 496 113 620 2 60 595 191 639 1 176 391 206 540 2 69 449 272 477
United_States_005189.jpg,1 112 426 198 566 2 470 510 639 542
United_States_005190.jpg,1 531 508 564 546 1 228 484 249 541
United_States_005191.jpg,3 128 394 332 541 2 0 572 102 597 1 0 451 59 596 3 204 388 326 540
United_States_005192.jpg,1 0 397 201 555 2 511 603 640 629 1 402 475 457 564 2 411 436 558 461 2 509 591 639 632
United_States_005193.jpg,1 331 411 481 639 1 0 518 74 621 1 354 385 440 481 2 436 465 576 484 1 118 468 188 606 1 193 539 235 640 1 396 430 441 484 1 508 415 572 461
United_States_005194.jpg,1 363 507 445 637
United_States_005195.jpg,2 470 581 562 604 1 329 443 495 639 1 330 451 421 559 1 307 377 382 455 1 495 424 567 462 1 123 447 156 494
United_States_005196.jpg,1 211 445 259 627 1 526 489 639 557 2 310 482 391 526
United_States_005197.jpg,1 243 525 325 639
United_States_005198.jpg,1 71 526 133 620 1 229 481 259 638 1 144 488 166 529
United_States_005199.jpg,1 356 503 435 640
United_States_005200.jpg,1 90 426 231 638 1 302 450 358 545 2 347 523 516 548 2 330 573 410 591 2 432 568 562 592
United_States_005201.jpg,2 80 466 249 504 1 0 409 114 554 2 208 527 258 540 1 233 410 302 639 1 244 466 300 639
United_States_005202.jpg,1 291 477 312 528 2 201 568 568 639 1 268 548 286 590 2 375 566 567 615
United_States_005203.jpg,
United_States_005204.jpg,1 26 507 142 622 1 0 440 119 528 3 397 527 550 640 1 382 382 407 407 1 352 442 375 504 3 369 422 558 640 1 28 533 98 622
United_States_005205.jpg,1 256 509 358 639 1 231 596 253 640
United_States_005206.jpg,3 0 338 39 406
United_States_005207.jpg,1 278 430 296 483 1 159 460 225 627
United_States_005208.jpg,2 496 560 548 590 1 438 531 550 640 2 555 596 592 615 2 224 583 395 629 2 134 582 394 629 1 288 431 546 638 2 130 587 247 622
United_States_005209.jpg,2 408 490 502 508 1 339 374 433 639 2 512 502 639 530 1 234 384 292 532 1 210 380 294 538
United_States_005210.jpg,1 424 513 582 638 2 163 577 268 597 1 260 495 286 571 1 259 485 298 570
United_States_005211.jpg,1 228 399 309 638
United_States_005212.jpg,1 168 434 228 558
United_States_005213.jpg,1 320 418 358 529 1 321 414 443 637 1 378 530 458 640 1 37 420 148 526
United_States_005214.jpg,1 326 425 555 639 1 25 430 135 617 2 245 589 388 617 1 395 421 635 574 1 109 570 137 635 2 450 525 547 546
United_States_005215.jpg,
United_States_005216.jpg,1 228 434 253 475 1 230 516 250 560 1 220 579 251 640
United_States_005217.jpg,1 362 409 599 627
United_States_005218.jpg,1 26 381 248 613 2 174 477 347 509 1 101 537 135 592 2 361 534 476 590 2 348 532 472 575
United_States_005219.jpg,1 119 411 233 602 1 273 464 290 491 1 148 390 176 412 1 275 572 342 640 1 276 572 372 640
United_States_005220.jpg,1 340 472 386 555 1 366 410 625 620 2 110 482 244 524 1 336 469 433 636 1 234 388 256 453 1 0 498 93 612 2 246 453 411 480 1 0 445 139 607
United_States_005221.jpg,2 286 592 442 618 1 382 421 445 564
United_States_005222.jpg,1 160 368 198 475
United_States_005223.jpg,3 330 385 583 638 2 396 398 629 422 1 539 411 640 465
United_States_005224.jpg,2 0 466 367 516 2 426 542 568 572 2 427 530 638 572 2 429 536 598 572
United_States_005225.jpg,3 183 371 425 640 3 101 371 411 640
United_States_005226.jpg,1 0 404 245 559 1 0 402 342 626 1 98 402 339 625 2 527 523 586 539 1 267 437 378 639 2 187 549 470 638
United_States_005227.jpg,1 459 522 497 581 1 511 574 567 640 2 352 597 539 619
United_States_005228.jpg,3 295 449 631 639 3 293 425 452 640 3 134 402 253 592 1 131 410 254 588 2 24 483 188 505
United_States_005229.jpg,
United_States_005230.jpg,2 131 577 289 638 3 251 537 410 640 3 255 475 428 640
United_States_005231.jpg,1 267 464 307 504 1 47 563 93 622 1 111 539 143 640
United_States_005232.jpg,2 559 544 635 591 1 343 476 394 545
United_States_005233.jpg,1 345 547 424 640 1 454 494 511 537
United_States_005234.jpg,1 416 438 543 639 2 510 590 550 600 3 0 135 94 297
United_States_005235.jpg,1 381 445 410 479 2 193 530 291 562 1 294 554 374 640
United_States_005236.jpg,1 422 384 464 555 1 422 424 454 556
United_States_005237.jpg,2 364 455 507 475 1 323 417 379 573 1 325 416 416 638 2 153 450 324 471
United_States_005238.jpg,1 393 464 457 570 1 392 464 497 635
United_States_005239.jpg,1 65 459 145 608 2 156 451 274 473 2 0 593 112 615 2 0 452 113 474 2 0 448 283 476
United_States_005240.jpg,1 334 407 487 638 1 492 422 557 463 1 318 428 334 470
United_States_005241.jpg,2 328 491 527 522 1 300 411 399 639 3 301 423 424 639 3 309 525 428 640 2 330 495 482 521 2 40 443 207 466
United_States_005242.jpg,2 97 554 272 638 1 99 548 272 638
United_States_005243.jpg,1 138 429 192 526 1 72 481 134 590
United_States_005244.jpg,1 366 406 605 634 1 211 470 238 574 1 211 429 242 572 1 211 417 255 572
United_States_005245.jpg,2 192 436 465 486 2 160 384 413 416 2 153 382 422 426
United_States_005246.jpg,1 380 374 422 474 1 190 427 247 475
United_States_005247.jpg,1 496 583 567 640 1 144 453 169 506 1 296 392 388 473
United_States_005248.jpg,1 1 482 170 615 2 0 568 146 591 2 410 518 490 535 3 374 503 439 584 1 69 484 171 579
United_States_005249.jpg,1 396 498 453 639 1 475 443 638 610
United_States_005250.jpg,1 1 447 148 616 1 258 440 286 516
United_States_005251.jpg,3 130 429 213 565 1 287 387 368 495 1 32 551 86 598
United_States_005252.jpg,1 261 388 283 458 1 222 515 250 639 3 222 511 369 639 3 223 488 411 640
United_States_005253.jpg,1 389 396 484 490
United_States_005254.jpg,1 129 430 190 568
United_States_005255.jpg,1 250 468 272 537
United_States_005256.jpg,2 416 540 589 575 1 397 589 462 640
United_States_005257.jpg,2 288 499 513 529 1 0 418 119 513
United_States_005258.jpg,1 242 424 290 639 2 422 597 489 639 2 31 414 151 436
United_States_005259.jpg,1 429 400 640 623 1 250 395 267 441
United_States_005260.jpg,2 131 526 217 544 1 488 454 639 574 1 218 445 260 536 2 137 391 444 463
United_States_005261.jpg,1 0 511 96 620 1 265 448 406 521 1 159 505 212 604 1 433 418 506 471 1 59 447 128 496 1 433 419 517 484 1 0 431 63 505
United_States_005262.jpg,2 427 573 631 593 2 339 554 399 569
United_States_005263.jpg,1 113 411 169 493 2 420 584 636 619 2 420 586 587 617 1 429 426 638 576
United_States_005264.jpg,1 301 449 340 544 1 0 478 47 613 2 83 408 453 460 2 12 438 164 474 2 0 410 414 471 1 0 478 48 557
United_States_005265.jpg,1 329 447 554 634 1 213 520 311 639
United_States_005266.jpg,1 279 464 343 639
United_States_005267.jpg,2 77 462 357 514
United_States_005268.jpg,3 0 390 201 617 3 302 476 447 556 1 153 532 203 640 1 365 554 434 640 2 163 440 339 467 1 437 393 640 505 1 352 426 375 457 3 303 474 443 614
United_States_005269.jpg,2 0 466 149 487 1 245 506 286 637
United_States_005270.jpg,1 459 590 532 640
United_States_005271.jpg,1 363 412 560 634 3 5 403 360 638 1 457 418 632 522 2 456 402 573 424
United_States_005272.jpg,1 0 462 158 576
United_States_005273.jpg,2 67 426 386 460 2 249 446 640 499 2 204 445 640 510
United_States_005274.jpg,2 0 574 78 597 1 60 558 149 625
United_States_005275.jpg,2 376 506 556 551 2 263 556 403 581 2 370 501 635 549
United_States_005276.jpg,2 383 514 506 542 2 364 448 479 467 2 379 508 514 544
United_States_005277.jpg,3 134 373 203 445 2 60 574 171 611 2 217 475 487 572 3 285 368 630 562
United_States_005278.jpg,1 292 497 405 593 1 184 537 204 606 1 77 524 139 640 2 227 518 307 536
United_States_005279.jpg,1 515 502 634 624
United_States_005280.jpg,1 123 433 222 560 1 391 437 538 638
United_States_005281.jpg,1 85 434 171 637
United_States_005282.jpg,1 398 399 596 635
United_States_005283.jpg,
United_States_005284.jpg,1 66 465 159 639 1 0 466 80 558
United_States_005285.jpg,1 32 474 143 586 1 303 452 387 571 1 219 463 270 638 1 298 443 454 639 1 222 466 258 543
United_States_005286.jpg,1 251 394 290 540 1 263 541 294 640
United_States_005287.jpg,2 266 472 589 537 2 261 467 476 524 2 264 479 640 541 1 463 449 519 639
United_States_005288.jpg,1 43 410 231 627 1 297 407 383 638 2 194 461 306 479
United_States_005289.jpg,3 446 503 573 640 3 1 418 294 614
United_States_005290.jpg,1 454 471 538 540 1 199 387 226 498 1 371 437 397 478 1 198 387 225 542
United_States_005291.jpg,1 70 404 205 638
United_States_005292.jpg,2 117 480 238 542 2 3 480 231 539
United_States_005293.jpg,1 488 506 635 622
United_States_005294.jpg,3 169 399 331 548
United_States_005295.jpg,3 30 545 128 621 2 125 570 477 610 2 0 572 59 594 3 0 470 98 564
United_States_005296.jpg,1 255 421 296 555 3 348 412 451 564 2 184 552 317 575 1 431 380 488 419 2 533 457 640 477 2 477 422 601 438 1 343 405 452 565
United_States_005297.jpg,1 371 471 496 637
United_States_005298.jpg,
United_States_005299.jpg,1 223 389 264 446 2 204 456 397 485 2 102 466 176 481
United_States_005300.jpg,1 269 572 299 640 1 269 572 319 640
United_States_005301.jpg,1 366 467 443 542 1 0 467 52 598
United_States_005302.jpg,1 346 470 427 585
United_States_005303.jpg,2 47 526 272 621 1 229 450 258 538 1 18 414 97 616 1 423 508 554 639 1 21 437 82 614
United_States_005304.jpg,1 192 475 241 638
United_States_005305.jpg,1 73 436 170 588 1 276 439 329 603
United_States_005306.jpg,3 316 398 469 557 3 0 419 163 611 3 137 408 269 584 1 453 397 639 514 1 319 397 506 633 3 315 397 495 594 3 175 421 267 571 2 121 518 205 536 1 448 396 625 480 1 453 398 556 449
United_States_005307.jpg,1 228 419 286 523 4 9 478 72 522 1 401 418 634 529 4 8 461 72 522
United_States_005308.jpg,2 0 462 224 492
United_States_005309.jpg,1 139 430 238 640 1 253 462 280 540 3 135 432 248 639 1 201 427 230 540
United_States_005310.jpg,1 475 377 587 516 1 473 466 575 622
United_States_005311.jpg,1 218 451 243 553 1 63 515 119 601 1 119 390 180 441
United_States_005312.jpg,3 0 420 176 639 3 0 422 340 561 3 6 421 357 634
United_States_005313.jpg,1 453 409 630 630 2 17 470 287 507 3 460 415 634 630 2 18 471 398 524 2 26 470 226 500
United_States_005314.jpg,1 382 469 417 544 1 399 431 552 638 2 0 439 274 467 2 420 446 637 467
United_States_005315.jpg,1 440 434 579 491 1 92 453 215 623 1 383 427 487 571 2 233 443 398 466 1 362 402 491 574 1 361 402 514 638
United_States_005316.jpg,1 0 429 153 564
United_States_005317.jpg,1 141 369 292 637 1 1 357 242 533
United_States_005318.jpg,1 121 494 214 640
United_States_005319.jpg,1 182 408 270 556 1 111 403 274 639
United_States_005320.jpg,1 352 434 408 553 2 407 520 610 551 2 446 520 609 546
United_States_005321.jpg,2 152 436 350 466 1 242 425 273 640 2 71 562 252 623
United_States_005322.jpg,2 0 505 109 538 2 138 488 537 543 2 0 502 396 555 2 104 473 542 545 2 295 474 618 539
United_States_005323.jpg,2 0 549 212 593 1 508 428 639 514 1 369 462 404 548 1 130 387 197 430 1 0 477 58 555 1 173 443 244 636
United_States_005324.jpg,1 203 432 268 562 1 385 444 538 639 1 139 428 275 640 1 362 393 539 638
United_States_005325.jpg,1 325 509 370 638 1 324 512 389 639
United_States_005326.jpg,1 312 426 365 541 1 383 381 499 441 1 397 389 638 540
United_States_005327.jpg,4 124 521 156 547
United_States_005328.jpg,1 259 374 304 548 3 288 456 527 562 1 452 538 531 635 3 289 460 532 633 2 285 457 511 501
United_States_005329.jpg,1 363 419 381 461 2 321 494 466 518 2 288 404 414 427
United_States_005330.jpg,3 361 515 462 640
United_States_005331.jpg,1 5 501 96 619 1 297 428 427 582 1 244 383 426 638
United_States_005332.jpg,1 104 433 171 562 1 319 428 362 491 1 393 509 479 610
United_States_005333.jpg,1 60 463 179 623 1 60 430 200 622
United_States_005334.jpg,2 315 414 577 449 2 322 417 490 447
United_States_005335.jpg,1 357 489 484 640 1 0 385 124 608 1 366 462 413 493 2 0 432 348 481
United_States_005336.jpg,1 345 411 590 639 1 462 446 609 526 2 0 552 128 577 1 283 369 303 411
United_States_005337.jpg,1 363 507 415 594 1 380 548 417 593
United_States_005338.jpg,3 183 401 341 639 1 83 392 145 527 1 2 391 149 607
United_States_005339.jpg,1 388 548 496 640 2 251 539 400 566 2 3 452 243 484
United_States_005340.jpg,1 528 503 638 618 1 0 530 61 619 2 336 507 444 536 1 0 529 64 596 1 82 412 130 549 1 192 412 222 509
United_States_005341.jpg,1 341 432 531 633 3 332 431 530 635
United_States_005342.jpg,1 181 463 208 552 1 178 442 207 552
United_States_005343.jpg,1 375 473 477 639 1 271 524 298 595 1 242 524 299 640
United_States_005344.jpg,2 1 453 226 485
United_States_005345.jpg,3 0 398 239 536
United_States_005346.jpg,1 139 437 163 481
United_States_005347.jpg,1 341 414 550 639 1 209 409 251 567 1 303 400 327 435 2 31 485 180 507 2 0 570 145 601 1 272 564 311 639 1 523 396 639 452
United_States_005348.jpg,2 40 423 420 558 2 63 561 206 613
United_States_005349.jpg,1 0 377 221 549 2 121 446 263 464
United_States_005350.jpg,1 150 412 223 570
United_States_005351.jpg,1 124 423 240 639
United_States_005352.jpg,1 339 425 512 638 1 411 438 468 484 1 206 400 242 499 1 421 508 513 640
United_States_005353.jpg,1 344 450 404 581 2 204 566 640 627 2 165 559 624 639
United_States_005354.jpg,2 0 430 338 497
United_States_005355.jpg,1 34 401 125 546 1 215 405 260 495
United_States_005356.jpg,1 225 473 264 638 1 304 486 323 529 1 236 403 251 442 1 326 605 358 639
United_States_005357.jpg,1 184 368 212 467 1 51 517 121 619 1 156 388 206 632 2 100 477 176 495 1 54 493 89 541 1 77 519 122 561 2 55 439 396 488 1 279 390 332 449 2 0 475 177 510 1 152 475 192 639
United_States_005358.jpg,1 47 448 127 602 2 269 445 406 478 2 0 511 90 532 1 16 445 52 467 2 560 587 635 609
United_States_005359.jpg,1 274 511 307 557 1 128 461 148 520 1 277 477 319 516
United_States_005360.jpg,1 251 513 306 580
United_States_005361.jpg,2 533 494 639 516 1 421 422 640 608 3 0 418 227 622 2 49 458 144 475
United_States_005362.jpg,2 329 520 479 572 2 576 599 640 625 2 501 407 640 435
United_States_005363.jpg,1 370 430 528 578 1 108 405 222 638 1 436 580 490 635 3 95 466 191 638 1 547 465 640 557 1 373 426 538 640
United_States_005364.jpg,1 23 444 117 624 2 105 427 306 472
United_States_005365.jpg,1 408 489 508 624 1 354 449 396 504
United_States_005366.jpg,1 61 587 151 640 1 215 523 255 640
United_States_005367.jpg,3 1 365 261 548
United_States_005368.jpg,1 81 439 162 640 1 269 469 290 522 2 281 454 352 474 2 1 486 132 506 2 281 450 392 475
United_States_005369.jpg,1 405 456 578 629
United_States_005370.jpg,1 388 463 639 616 1 213 415 283 502 1 215 419 371 606
United_States_005371.jpg,1 305 451 339 529 2 209 457 269 475 1 316 409 440 480 1 0 452 101 553 2 331 438 445 480 2 261 506 342 544 1 319 407 338 445
United_States_005372.jpg,1 289 526 323 639 1 205 500 226 532 1 135 576 190 640 1 288 527 341 640
United_States_005373.jpg,1 157 381 188 469
United_States_005374.jpg,1 387 430 588 636 1 46 408 209 632
United_States_005375.jpg,3 11 390 371 638 2 342 498 437 515
United_States_005376.jpg,1 0 452 91 557 1 43 514 111 590 1 206 473 255 640 1 32 514 112 609
United_States_005377.jpg,1 298 378 545 639 2 1 465 79 484
United_States_005378.jpg,1 267 389 315 454 1 343 485 424 579 2 0 491 336 559 1 340 483 513 640
United_States_005379.jpg,1 322 439 500 639 1 238 425 275 557 1 103 463 151 551 1 411 430 630 560
United_States_005380.jpg,2 484 551 602 609 2 412 543 506 599 1 246 420 358 639 2 93 501 146 519
United_States_005381.jpg,1 334 402 540 638 3 337 406 533 638 2 412 468 588 490
United_States_005382.jpg,1 296 559 341 639 1 441 596 519 640
United_States_005383.jpg,1 78 525 129 557 2 0 592 74 609
United_States_005384.jpg,1 90 380 170 479 2 344 514 429 535 2 0 509 194 591
United_States_005385.jpg,1 91 420 230 639 2 106 407 238 426
United_States_005386.jpg,1 328 525 383 607 1 180 514 196 555 2 190 552 267 570 1 382 518 440 561 1 256 521 301 639
United_States_005387.jpg,1 272 515 303 640 2 102 500 281 530
United_States_005388.jpg,1 412 459 584 603 1 299 419 421 639
United_States_005389.jpg,1 0 392 173 618 1 0 431 146 610 1 0 381 137 489
United_States_005390.jpg,4 51 455 80 487 2 265 493 313 505
United_States_005391.jpg,1 0 380 181 623 1 369 465 539 627 1 366 465 509 593
United_States_005392.jpg,1 169 438 200 483 2 227 414 389 431 1 119 493 207 639
United_States_005393.jpg,1 262 372 301 455 1 0 441 109 538
United_States_005394.jpg,2 317 507 385 545 2 224 442 286 457 1 155 373 197 491 1 415 435 490 464 1 151 373 199 577 1 286 472 320 551 1 151 490 197 583 1 238 385 328 549
United_States_005395.jpg,1 459 471 559 586 1 394 392 421 464 2 188 487 518 570 2 235 463 332 481 2 527 523 639 544
United_States_005396.jpg,3 0 480 189 633 2 385 564 636 586
United_States_005397.jpg,1 306 400 390 638 1 319 434 393 637 2 588 444 640 462
United_States_005398.jpg,1 301 409 439 640
United_States_005399.jpg,1 83 558 146 633 2 259 432 439 452 2 127 550 278 583 1 124 470 151 519 1 564 407 639 451
United_States_005400.jpg,1 9 408 181 622
United_States_005401.jpg,
United_States_005402.jpg,2 139 550 383 638 1 30 503 111 618
United_States_005403.jpg,2 484 577 639 626 1 380 588 412 640 1 435 410 531 455
United_States_005404.jpg,1 131 393 151 438
United_States_005405.jpg,2 0 559 201 591 2 406 570 519 595 1 448 491 527 573
United_States_005406.jpg,2 113 418 501 535
United_States_005407.jpg,1 256 405 367 636 1 85 496 139 606 1 342 425 501 555 1 342 421 559 637
United_States_005408.jpg,2 55 555 262 629 2 0 488 126 509
United_States_005409.jpg,1 313 384 407 485 1 295 439 382 639 1 138 389 236 636 1 468 432 640 529 1 160 393 231 624
United_States_005410.jpg,2 0 506 190 546 2 0 502 240 550
United_States_005411.jpg,1 40 561 73 621 3 96 463 241 639 3 131 514 242 639 3 66 445 230 637
United_States_005412.jpg,1 301 519 360 640 1 304 528 380 640
United_States_005413.jpg,1 62 516 123 640 1 181 499 212 581 1 189 496 212 573 2 189 607 321 639
United_States_005414.jpg,1 52 424 177 617 1 296 484 321 534 1 346 431 394 483 1 422 475 550 638
United_States_005415.jpg,1 18 460 107 520
United_States_005416.jpg,2 226 589 330 609
United_States_005417.jpg,2 161 489 380 530 2 25 498 142 522
United_States_005418.jpg,1 225 408 253 504
United_States_005419.jpg,3 334 417 582 639 2 0 476 119 501 2 66 435 212 457 1 253 443 285 636 3 99 408 237 639 3 35 411 240 639 1 90 395 238 639
United_States_005420.jpg,1 118 440 202 567 1 224 378 275 550 1 0 390 136 480 1 357 411 499 550 1 361 413 432 499 1 110 560 165 640 2 176 469 234 482
United_States_005421.jpg,2 358 615 541 639
United_States_005422.jpg,3 265 427 486 639 1 88 436 141 598
United_States_005423.jpg,1 358 494 408 588
United_States_005424.jpg,2 253 588 386 632
United_States_005425.jpg,1 383 572 420 639 1 383 573 442 640
United_States_005426.jpg,1 12 450 158 623 1 294 421 309 460 1 211 397 240 462 2 517 594 575 640
United_States_005427.jpg,3 78 458 191 590 2 243 424 314 437 1 81 457 192 587 2 202 572 384 601 1 219 409 252 545 2 86 419 323 439
United_States_005428.jpg,
United_States_005429.jpg,1 210 388 240 465 1 278 412 322 639 1 271 385 298 491 2 4 493 281 524
United_States_005430.jpg,1 252 544 283 638 2 80 496 465 576 2 0 522 391 590 2 450 497 635 525 2 34 507 495 584 2 0 516 432 598
United_States_005431.jpg,1 354 413 446 639 3 83 440 253 582 1 0 397 153 472 1 87 437 204 585
United_States_005432.jpg,3 85 402 465 638
United_States_005433.jpg,1 47 459 124 616
United_States_005434.jpg,1 459 429 543 508 1 531 424 616 472 1 252 443 292 553
United_States_005435.jpg,1 311 405 378 473 1 125 460 186 593
United_States_005436.jpg,1 460 451 638 555 1 14 397 171 623 1 211 397 240 639
United_States_005437.jpg,3 112 495 268 640 1 359 534 397 640 1 356 500 398 640
United_States_005438.jpg,3 10 426 186 639 1 233 407 294 639 1 342 436 374 468
United_States_005439.jpg,1 496 439 639 555 2 0 490 95 517 1 455 525 494 582
United_States_005440.jpg,2 375 470 545 500 2 377 466 600 499
United_States_005441.jpg,
United_States_005442.jpg,
United_States_005443.jpg,1 479 483 624 626 1 362 468 392 565 1 452 382 615 472 2 410 450 621 489 1 334 425 413 640
United_States_005444.jpg,2 0 487 108 513
United_States_005445.jpg,1 369 517 428 616 1 265 483 331 640 1 439 588 519 640 1 299 480 330 602 1 83 589 187 640 1 440 524 567 639 1 367 516 440 634 1 437 586 485 640
United_States_005446.jpg,2 233 453 352 488 1 295 397 406 562 2 415 545 577 577 2 0 541 177 598 2 554 571 639 593 1 0 502 48 586 1 189 427 218 534 1 278 489 321 640 2 0 435 197 466 1 190 442 215 531 2 314 564 408 605 2 303 539 583 612 1 115 564 176 640
United_States_005447.jpg,1 552 504 640 619 1 300 392 315 430 2 479 556 587 576 1 308 460 347 550 1 462 391 635 474 1 306 456 363 639
United_States_005448.jpg,1 434 545 596 639 1 390 509 595 639 1 271 507 293 548
United_States_005449.jpg,2 411 508 606 563 1 337 461 393 564
United_States_005450.jpg,1 207 524 287 639
United_States_005451.jpg,1 342 397 439 507 1 192 401 231 541 1 21 467 110 559
United_States_005452.jpg,1 385 506 514 640 1 251 411 283 457 2 541 546 603 609 2 52 449 292 510 1 329 396 478 477
United_States_005453.jpg,1 349 482 462 640 1 228 464 263 553 1 316 398 458 638 2 263 496 359 513 1 315 400 407 500
United_States_005454.jpg,1 262 534 297 640 2 476 474 609 493 1 17 441 97 506 2 0 486 445 533 2 112 470 571 529 2 193 471 640 529 2 0 494 373 533
United_States_005455.jpg,1 160 410 248 637 3 440 427 640 632 1 283 406 387 638
United_States_005456.jpg,2 287 445 432 467
United_States_005457.jpg,2 137 489 446 554 1 330 569 357 640
United_States_005458.jpg,1 313 463 400 638 1 303 433 416 640
United_States_005459.jpg,1 329 407 574 540
United_States_005460.jpg,1 348 463 401 636 3 102 413 267 638 1 325 421 402 639 2 3 447 203 467
United_States_005461.jpg,1 1 436 125 530
United_States_005462.jpg,1 54 488 143 625
United_States_005463.jpg,2 0 431 281 484
United_States_005464.jpg,1 454 506 594 624 1 325 396 376 438 1 281 457 314 541 1 429 467 589 619
United_States_005465.jpg,2 437 439 639 464 2 135 539 213 558
United_States_005466.jpg,3 178 535 301 640 3 89 383 290 639 3 195 383 293 638
United_States_005467.jpg,1 299 421 358 639 1 297 424 333 556
United_States_005468.jpg,1 12 414 124 534 2 3 536 85 573
United_States_005469.jpg,1 315 436 378 499 1 213 440 242 563 1 225 376 265 453 1 124 376 180 468 1 291 527 361 640 1 366 393 567 487 2 299 456 511 530 1 220 358 264 451 1 332 378 564 481 2 152 427 207 440
United_States_005470.jpg,1 59 389 204 639 2 153 472 316 513
United_States_005471.jpg,1 464 459 513 517 1 109 370 267 638 2 0 448 203 470 1 483 523 515 605 1 483 524 529 631
United_States_005472.jpg,1 125 482 156 581
United_States_005473.jpg,1 382 448 432 500
United_States_005474.jpg,1 0 412 172 605 1 13 413 173 549
United_States_005475.jpg,1 0 538 58 621 1 283 423 375 610
United_States_005476.jpg,1 162 548 194 640 2 55 460 273 520 1 321 484 388 637 1 278 374 303 432
United_States_005477.jpg,1 10 402 84 618
United_States_005478.jpg,1 313 412 328 439 1 185 379 253 467 3 186 378 254 465
United_States_005479.jpg,2 459 469 619 485 2 0 447 355 486
United_States_005480.jpg,1 366 438 457 508
United_States_005481.jpg,1 310 476 462 570 1 64 567 128 640 1 252 583 278 640 2 296 587 388 617
United_States_005482.jpg,1 98 429 184 575
United_States_005483.jpg,1 389 414 534 637 2 246 481 361 502 2 282 411 397 428 2 335 448 417 466 2 423 449 528 465
United_States_005484.jpg,1 437 445 487 548 1 434 434 580 627
United_States_005485.jpg,1 305 458 374 598 2 184 525 298 549 2 0 544 186 572 2 0 524 290 571 1 325 510 375 600
United_States_005486.jpg,2 358 492 488 540 1 271 536 333 640 1 132 458 172 546 1 133 475 167 547
United_States_005487.jpg,1 328 418 518 639 2 283 523 396 547 2 483 546 638 618 1 68 531 130 640 1 99 430 173 526 1 169 416 242 639 2 226 518 296 534
United_States_005488.jpg,1 441 526 526 629 1 454 425 635 572 1 328 380 393 469 1 350 466 385 544 2 512 460 640 483 2 502 565 626 604 1 323 566 384 621 1 325 567 417 640
United_States_005489.jpg,1 249 373 424 639 2 324 464 443 493 4 78 533 112 554
United_States_005490.jpg,2 548 525 639 621 2 188 400 349 435 2 520 524 639 628
United_States_005491.jpg,1 120 390 255 524 2 0 566 135 595 2 479 548 630 570 1 231 503 249 537
United_States_005492.jpg,1 450 439 514 480 1 277 430 307 495 2 447 446 638 499 1 348 465 387 549 1 348 465 464 639 2 0 522 362 612 3 48 480 175 613 2 507 451 638 477
United_States_005493.jpg,3 172 499 337 639 1 380 561 436 640 1 381 560 459 639
United_States_005494.jpg,1 367 402 494 527 1 183 410 250 638 2 0 469 210 499 2 414 527 496 559 2 359 526 519 567 2 413 526 539 560
United_States_005495.jpg,3 6 360 374 639 2 356 460 454 477 1 414 417 607 624
United_States_005496.jpg,1 323 415 467 639 1 73 445 149 573
United_States_005497.jpg,2 455 476 560 497 1 460 422 532 470 2 115 471 264 494 1 564 440 640 496 2 559 426 639 444
United_States_005498.jpg,1 238 382 266 436
United_States_005499.jpg,1 111 407 140 472 1 49 478 77 513
United_States_005500.jpg,1 21 527 145 619
United_States_005501.jpg,1 143 394 255 637 1 345 385 590 638 1 316 375 413 640 1 266 445 297 521 2 490 467 640 494 2 361 466 427 478
United_States_005502.jpg,1 154 430 206 544 1 240 509 266 549 1 150 361 175 402
United_States_005503.jpg,1 328 429 372 483 2 452 495 582 523 1 301 480 334 518 1 0 383 127 462 2 556 510 625 527
United_States_005504.jpg,1 352 479 372 536
United_States_005505.jpg,1 499 505 637 626 1 354 490 451 639 1 263 398 279 436 1 389 424 634 619 3 355 492 454 640 1 371 405 449 473
United_States_005506.jpg,1 287 429 460 639 3 21 414 142 621 1 288 430 374 517
United_States_005507.jpg,1 184 581 209 639 1 322 572 369 640 1 323 574 393 640 1 329 468 606 632
United_States_005508.jpg,2 141 455 365 480
United_States_005509.jpg,2 96 500 309 543 2 175 449 271 466
United_States_005510.jpg,1 413 394 640 571 2 0 506 126 531
United_States_005511.jpg,2 240 424 366 442
United_States_005512.jpg,1 325 366 348 420 3 184 435 316 639 3 221 433 313 640 1 284 372 302 425 1 578 479 640 558 2 586 545 640 574
United_States_005513.jpg,1 60 433 191 623 1 143 395 176 440 2 273 526 452 553 1 440 539 520 639 1 405 498 423 548
United_States_005514.jpg,1 114 469 206 590 1 76 467 208 636 1 368 410 447 639
United_States_005515.jpg,1 207 432 235 524 1 377 479 457 617 1 443 472 604 612 2 29 507 223 531 2 10 503 336 540
United_States_005516.jpg,1 198 468 256 639
United_States_005517.jpg,1 363 492 470 629 1 81 488 134 598 2 0 481 126 504 1 67 489 134 617
United_States_005518.jpg,1 238 516 263 616
United_States_005519.jpg,1 376 503 447 639 3 375 503 445 639
United_States_005520.jpg,2 107 426 408 458 1 0 522 39 609
United_States_005521.jpg,1 39 524 84 626 1 125 434 153 511 3 391 430 639 607 1 449 547 519 623 2 0 495 242 535 2 449 547 518 622
United_States_005522.jpg,1 123 495 165 567 1 241 413 265 543 1 235 410 265 639 3 337 408 556 627
United_States_005523.jpg,1 324 410 556 636 1 317 403 466 557 2 367 411 503 440 1 316 400 392 491
United_States_005524.jpg,2 368 449 578 498
United_States_005525.jpg,1 184 397 268 549 1 504 513 543 565 1 522 441 639 566
United_States_005526.jpg,1 32 378 164 451 1 309 384 358 540 1 0 458 76 534 1 323 445 358 539 1 538 589 585 639 1 443 484 476 526 1 0 377 164 461 1 0 457 76 566
United_States_005527.jpg,1 493 551 572 639 2 492 516 640 552 2 459 435 626 460 3 115 442 306 505 3 114 462 304 506 2 443 431 638 463
United_States_005528.jpg,1 26 517 96 607 1 219 478 243 543
United_States_005529.jpg,1 127 519 231 640 2 239 534 382 557
United_States_005530.jpg,2 461 489 555 513
United_States_005531.jpg,
United_States_005532.jpg,1 222 481 292 638
United_States_005533.jpg,1 0 433 108 528 1 127 404 158 431
United_States_005534.jpg,1 307 501 352 552 1 330 394 566 639 1 163 426 204 520 1 472 499 545 563 2 1 553 120 578 1 363 373 432 419 2 0 556 99 577
United_States_005535.jpg,2 353 541 475 597 1 69 405 143 638 2 147 534 474 639 2 349 509 537 599
United_States_005536.jpg,1 272 398 519 639
United_States_005537.jpg,2 0 534 287 565 2 0 533 279 596 2 0 534 209 561 2 66 538 278 594
United_States_005538.jpg,2 162 499 520 538 3 313 467 533 640
United_States_005539.jpg,1 115 423 226 636 2 0 589 86 609
United_States_005540.jpg,1 280 460 320 621 2 116 447 290 469 2 125 441 458 468 2 348 446 453 461
United_States_005541.jpg,1 158 406 330 638 2 552 557 639 594
United_States_005542.jpg,1 315 507 349 639 1 207 482 281 640 1 0 505 115 600 2 347 607 457 639
United_States_005543.jpg,2 370 506 522 541 2 364 505 523 555 2 574 595 640 624 2 0 464 173 499 2 185 415 437 434 1 89 526 158 639 1 92 408 222 639 2 324 505 519 567 1 347 374 388 404 1 538 488 639 565 2 55 412 438 437
United_States_005544.jpg,1 139 432 179 580
United_States_005545.jpg,1 198 431 233 550 2 132 550 229 588
United_States_005546.jpg,3 68 380 495 551 1 365 473 474 622
United_States_005547.jpg,1 360 409 454 579 2 130 462 357 491 2 462 518 589 537 1 260 478 287 557 1 584 445 640 499
United_States_005548.jpg,1 225 388 270 636 2 77 434 240 457
United_States_005549.jpg,1 18 395 216 625 2 207 506 315 526
United_States_005550.jpg,1 225 399 285 556 1 234 436 286 555
United_States_005551.jpg,1 244 496 280 640 1 245 500 276 588
United_States_005552.jpg,1 114 427 164 553
United_States_005553.jpg,1 72 490 116 600
United_States_005554.jpg,1 370 504 478 639 2 58 565 201 589 2 294 455 546 531 1 370 505 412 559 1 247 451 297 550 2 149 452 253 468
United_States_005555.jpg,2 365 534 430 567 1 87 431 139 570
United_States_005556.jpg,1 201 398 251 558 2 290 469 504 554 1 252 558 297 639 2 1 587 101 615 1 202 395 293 639 1 324 531 386 606 2 480 479 575 506 2 9 456 134 475
United_States_005557.jpg,1 311 445 413 639 2 57 456 316 490 1 476 443 639 528
United_States_005558.jpg,1 378 512 404 593 2 5 470 238 516 1 116 509 142 588 2 386 489 481 518 2 238 421 369 440 1 143 412 166 489 2 1 412 157 428 2 281 473 481 510 2 466 509 515 526
United_States_005559.jpg,1 197 407 322 553
United_States_005560.jpg,1 105 431 159 574
United_States_005561.jpg,3 149 388 408 545 3 68 389 406 566 2 0 524 84 547 3 251 393 406 542
United_States_005562.jpg,3 182 400 318 565 2 0 549 205 580 3 330 420 440 554
United_States_005563.jpg,2 497 577 638 606 3 6 463 264 526 2 241 506 409 533
United_States_005564.jpg,1 348 432 570 639 1 169 440 222 638
United_States_005565.jpg,2 402 538 637 583 1 363 400 429 639 1 352 373 394 468
United_States_005566.jpg,3 393 407 579 618 1 388 407 574 616 2 322 445 416 462 2 52 463 291 496
United_States_005567.jpg,3 344 411 638 639
United_States_005568.jpg,1 44 408 167 622 2 162 434 274 454 2 0 411 159 432
United_States_005569.jpg,1 229 384 255 489 1 489 484 580 553
United_States_005570.jpg,1 75 416 155 582 1 229 463 257 537 1 227 452 260 544
United_States_005571.jpg,3 256 418 404 640 3 260 495 376 640 1 438 477 588 627 1 303 412 383 491
United_States_005572.jpg,2 423 522 638 572 1 401 414 526 526 1 394 407 467 479
United_States_005573.jpg,3 0 394 151 621 2 421 503 535 532 3 2 392 272 588
United_States_005574.jpg,1 79 444 177 640 1 246 463 292 640 1 202 412 241 455 2 276 506 426 565 1 84 410 227 638
United_States_005575.jpg,1 0 429 176 618 1 245 363 299 497 2 380 494 615 524 2 117 481 280 511 2 164 489 275 511
United_States_005576.jpg,1 231 413 286 638 3 494 523 638 619 2 517 524 637 549
United_States_005577.jpg,3 324 424 438 637
United_States_005578.jpg,2 0 401 276 433 1 114 423 171 639
United_States_005579.jpg,1 17 511 99 620 2 220 549 531 639
United_States_005580.jpg,1 10 518 92 618 1 182 413 224 615 2 94 439 158 454
United_States_005581.jpg,1 393 563 416 616 1 358 513 388 569 1 257 494 273 533 2 132 598 556 638
United_States_005582.jpg,1 60 458 194 628
United_States_005583.jpg,2 149 462 397 502
United_States_005584.jpg,1 87 552 163 639 1 286 489 325 639 1 466 557 562 640
United_States_005585.jpg,1 270 440 336 638
United_States_005586.jpg,1 407 538 571 639 1 248 555 288 639 1 248 554 307 640 1 320 539 349 579 1 323 577 437 640
United_States_005587.jpg,1 190 413 274 637 1 355 427 446 639 2 92 526 194 560
United_States_005588.jpg,3 315 438 503 640
United_States_005589.jpg,1 304 462 358 577 2 307 593 423 640
United_States_005590.jpg,1 240 405 270 639 2 325 425 546 445 2 156 441 250 457
United_States_005591.jpg,1 349 414 430 639 1 353 475 431 635
United_States_005592.jpg,1 269 414 356 544
United_States_005593.jpg,3 262 423 455 639 1 86 411 197 639 1 90 474 171 639 1 271 423 461 639
United_States_005594.jpg,1 79 417 140 499 1 22 547 111 620 1 241 464 336 633 1 228 420 336 637 1 0 476 40 557
United_States_005595.jpg,1 508 508 603 575
United_States_005596.jpg,2 78 594 527 640
United_States_005597.jpg,1 497 510 599 621 2 296 400 367 414 2 47 447 441 524 2 0 440 335 496 1 350 375 419 477 2 64 448 522 506
United_States_005598.jpg,1 216 548 255 640 2 254 505 351 525 2 10 527 230 572
United_States_005599.jpg,1 171 454 216 572 2 50 546 364 614 2 0 523 151 551 2 35 429 192 449 1 186 578 213 640
United_States_005600.jpg,1 277 380 538 638 2 0 562 94 591 1 199 388 217 427
United_States_005601.jpg,1 382 539 443 640 1 248 478 281 550 1 187 596 223 639 1 173 597 223 639
United_States_005602.jpg,3 230 397 489 638
United_States_005603.jpg,1 500 370 640 548 1 501 369 572 438
United_States_005604.jpg,1 138 483 207 634 1 296 374 356 464
United_States_005605.jpg,1 74 508 125 596 3 295 450 564 631 1 433 491 575 637 1 0 452 53 542 1 389 462 569 636
United_States_005606.jpg,3 1 401 182 617 2 307 465 419 486
United_States_005607.jpg,3 300 410 442 502
United_States_005608.jpg,3 0 396 511 637 2 0 459 183 490 2 4 513 176 587 4 19 558 52 587
United_States_005609.jpg,2 193 447 321 465 1 288 406 330 459
United_States_005610.jpg,1 289 429 314 504 3 23 397 227 640 3 81 402 226 637 1 3 393 128 469 1 303 550 333 638 3 11 393 227 560 1 282 395 314 503 1 98 407 226 639 1 133 383 191 438 1 71 476 124 526
United_States_005611.jpg,1 55 449 108 497 1 308 449 389 557 1 103 418 228 639 3 95 411 232 639 1 306 450 432 635
United_States_005612.jpg,1 45 516 89 608
United_States_005613.jpg,1 1 424 136 613
United_States_005614.jpg,1 11 483 173 619 1 8 457 200 617
United_States_005615.jpg,1 239 528 285 639 1 388 556 460 640
United_States_005616.jpg,1 108 460 134 568 1 193 478 234 601 2 34 452 126 469 1 0 566 27 615 2 129 468 198 482
United_States_005617.jpg,1 349 546 399 640 2 568 538 638 568 1 282 391 395 547 2 387 518 590 554 2 32 469 415 525 2 0 482 384 526
United_States_005618.jpg,1 41 513 109 618 1 202 520 248 640
United_States_005619.jpg,1 304 398 337 451
United_States_005620.jpg,2 90 589 171 638
United_States_005621.jpg,1 226 508 254 640 1 369 583 398 640
United_States_005622.jpg,1 150 477 245 638
United_States_005623.jpg,2 78 554 157 619 1 391 520 449 639 1 413 555 448 639
United_States_005624.jpg,1 62 494 155 632 2 4 505 118 529 1 2 424 117 509 1 59 423 121 474
United_States_005625.jpg,2 74 536 305 568 2 77 529 406 571
United_States_005626.jpg,2 419 483 538 578 2 84 540 384 640 1 437 385 639 490 4 307 558 355 597 2 538 500 575 522 4 306 552 380 597 1 383 375 639 487 2 438 439 492 458 1 371 369 544 441
United_States_005627.jpg,1 330 475 357 555 1 334 487 356 553
United_States_005628.jpg,1 122 497 178 636
United_States_005629.jpg,2 98 511 290 542 3 309 435 389 558 2 407 532 640 570
United_States_005630.jpg,3 18 414 193 639 2 176 500 253 520 1 150 400 185 475 1 194 450 208 483 1 243 493 263 581
United_States_005631.jpg,1 85 501 182 629 2 165 596 246 619
United_States_005632.jpg,3 273 376 428 444
United_States_005633.jpg,1 238 527 297 640 2 135 591 236 610
United_States_005634.jpg,1 164 424 225 640 2 115 531 333 582 1 197 426 225 543
United_States_005635.jpg,2 381 438 639 468
United_States_005636.jpg,1 244 407 306 638 2 246 392 471 411
United_States_005637.jpg,1 412 552 426 586 1 436 511 577 640 1 284 429 453 611 3 288 434 461 639 1 281 426 379 515
United_States_005638.jpg,2 8 460 182 481
United_States_005639.jpg,1 320 392 547 638 2 0 474 87 492 1 256 407 365 638 1 396 475 546 637 1 322 395 463 547
United_States_005640.jpg,2 17 432 401 501
United_States_005641.jpg,3 84 413 578 636 3 217 423 572 640 2 2 524 144 545
United_States_005642.jpg,3 63 374 620 640
United_States_005643.jpg,1 101 469 221 640 2 223 390 371 415
United_States_005644.jpg,3 90 410 419 639 1 95 419 329 633 2 150 474 214 513 2 379 598 573 634
United_States_005645.jpg,1 54 414 80 448 1 5 522 84 619 1 81 453 109 497 1 4 452 113 615
United_States_005646.jpg,1 210 483 239 559 2 467 596 612 619 2 323 619 382 637 1 88 544 154 601 1 287 496 331 639
United_States_005647.jpg,2 328 460 440 476
United_States_005648.jpg,1 292 570 411 640
United_States_005649.jpg,2 239 536 393 558 1 194 540 244 640
United_States_005650.jpg,1 2 465 138 621 2 145 571 335 614 2 13 429 171 450 2 192 427 263 441 3 1 460 131 623 1 166 382 204 559 1 248 393 366 637
United_States_005651.jpg,1 304 390 337 498 2 331 432 429 450 2 178 425 413 449 3 419 425 639 615
United_States_005652.jpg,2 377 542 589 572 1 489 492 638 584
United_States_005653.jpg,2 510 523 639 580 1 217 381 323 638 1 0 404 89 532 2 255 393 398 416 2 384 537 528 570
United_States_005654.jpg,1 190 371 262 482 1 246 489 268 539 2 71 438 432 530 2 34 460 441 537
United_States_005655.jpg,1 396 414 473 470 3 105 394 553 637 1 450 402 640 515 3 0 397 298 636 1 398 414 536 518 3 146 396 296 637 3 106 391 374 637 1 401 389 640 516
United_States_005656.jpg,1 290 408 413 639 1 62 473 177 605 2 365 469 509 494 2 0 575 67 595 2 325 468 518 496 1 0 468 65 552
United_States_005657.jpg,1 305 367 335 444 1 247 430 297 639 1 311 395 334 442 1 255 435 292 536 1 434 492 524 576
United_States_005658.jpg,1 243 551 285 639
United_States_005659.jpg,1 97 527 154 640 1 314 418 512 638
United_States_005660.jpg,1 101 494 205 640 1 269 471 293 517 3 369 578 498 640
United_States_005661.jpg,1 87 426 143 598 1 231 420 307 547 1 227 421 366 637
United_States_005662.jpg,1 18 477 157 617 3 202 395 606 639 1 89 388 194 455 1 315 554 343 638 1 91 401 184 453
United_States_005663.jpg,2 12 461 285 495 1 118 377 178 445
United_States_005664.jpg,1 277 441 341 548 1 186 394 209 450 2 329 470 548 498
United_States_005665.jpg,1 427 476 627 622
United_States_005666.jpg,1 360 379 639 557 3 404 455 589 639 3 112 394 485 623 3 110 394 384 637 3 121 395 614 556
United_States_005667.jpg,2 5 489 222 554
United_States_005668.jpg,2 7 451 173 481 2 4 420 222 482
United_States_005669.jpg,1 359 380 404 419
United_States_005670.jpg,1 48 462 117 620
United_States_005671.jpg,1 82 533 107 577 3 133 398 209 544 1 54 463 130 546
United_States_005672.jpg,2 311 468 425 506
United_States_005673.jpg,2 0 486 322 546 1 140 424 205 590 1 148 423 193 595 1 158 426 205 514 1 182 597 206 640 1 147 447 178 600
United_States_005674.jpg,1 468 482 640 590 1 266 414 359 508 1 220 464 252 542 2 0 527 91 546 2 255 447 496 547
United_States_005675.jpg,1 0 509 106 610 1 67 562 147 639
United_States_005676.jpg,3 364 453 637 570 1 254 546 348 640 2 112 481 301 542
United_States_005677.jpg,1 360 523 419 639 1 465 519 561 592 2 406 616 492 634
United_States_005678.jpg,1 63 472 132 637 1 510 564 587 640 1 384 468 497 569 1 385 467 585 637
United_States_005679.jpg,3 3 384 290 628 1 418 408 640 593 1 340 409 532 639 1 339 404 458 555 2 478 431 627 458
United_States_005680.jpg,2 59 449 401 508 2 68 466 299 504
United_States_005681.jpg,1 194 389 247 504 1 155 393 242 638
United_States_005682.jpg,1 262 395 288 457
United_States_005683.jpg,2 189 481 511 560 1 487 442 567 494 2 30 521 425 570 1 218 403 256 544 1 486 443 580 510
United_States_005684.jpg,2 67 542 157 560 1 144 513 189 558
United_States_005685.jpg,1 299 480 339 639 1 285 475 341 640 1 294 396 335 475
United_States_005686.jpg,1 182 430 236 561 1 305 428 341 533 3 304 428 439 541 2 350 526 416 543 2 514 573 621 595 2 467 573 627 604 1 95 426 237 640 1 334 558 368 640
United_States_005687.jpg,
United_States_005688.jpg,2 143 525 340 564 1 0 424 163 606 1 332 449 426 557 2 23 565 102 582
United_States_005689.jpg,1 226 450 263 536 1 301 406 521 639
United_States_005690.jpg,1 267 414 378 635
United_States_005691.jpg,1 219 419 380 639 2 295 452 399 477 1 84 506 141 587
United_States_005692.jpg,1 54 448 174 622
United_States_005693.jpg,1 102 444 207 624 1 83 430 217 638
United_States_005694.jpg,2 215 467 477 564 1 476 455 639 558
United_States_005695.jpg,3 0 386 326 639 3 356 399 611 638
United_States_005696.jpg,2 37 508 206 530 1 198 461 244 574 2 114 534 573 596 2 259 529 640 570 2 14 504 209 532
United_States_005697.jpg,1 206 392 235 445 2 231 461 461 524
United_States_005698.jpg,1 367 541 439 640
United_States_005699.jpg,3 202 402 488 638 2 441 481 631 510 1 159 440 222 558
United_States_005700.jpg,1 185 437 224 557 2 39 535 353 569 2 55 506 429 575
United_States_005701.jpg,1 467 525 588 638 1 375 448 437 509 2 0 448 363 489 2 0 458 192 489
United_States_005702.jpg,2 377 560 550 633 1 0 403 158 600 1 100 413 209 638 1 449 469 571 577 1 415 453 590 579
United_States_005703.jpg,1 215 454 235 530 1 261 431 280 487 2 462 451 573 473 1 259 430 290 560 2 112 524 263 545 1 228 398 245 440 1 322 402 474 566 2 239 408 324 424 1 433 519 481 566
United_States_005704.jpg,3 229 468 303 640 1 236 470 304 640 1 379 560 425 640
United_States_005705.jpg,1 225 443 295 520
United_States_005706.jpg,1 290 437 460 639 2 339 425 467 455 1 563 565 639 623
United_States_005707.jpg,1 20 536 80 617 2 326 508 464 551 1 247 456 278 540 1 241 442 278 543
United_States_005708.jpg,1 150 390 204 479 1 274 517 295 575 2 51 415 119 429 1 0 448 89 574 1 59 588 155 640
United_States_005709.jpg,1 333 521 387 622 2 382 605 461 626
United_States_005710.jpg,1 518 545 571 638 1 411 457 522 638 1 302 434 331 509 1 0 395 183 539 1 201 570 256 630 2 193 570 256 631 1 297 432 331 527
United_States_005711.jpg,2 110 520 326 555
United_States_005712.jpg,3 322 510 451 640
United_States_005713.jpg,1 196 508 252 639 2 145 571 366 601 2 243 578 359 597
United_States_005714.jpg,1 167 501 204 603 1 168 504 213 632
United_States_005715.jpg,1 1 497 154 619
United_States_005716.jpg,1 400 402 637 613 1 334 413 398 639 1 464 403 523 441
United_States_005717.jpg,1 153 481 178 553 1 152 478 250 638 1 182 545 267 640
United_States_005718.jpg,1 389 425 543 637 1 148 451 287 638 2 321 584 469 628 1 331 421 349 464 2 481 488 640 514 2 432 484 640 513 2 563 487 639 507
United_States_005719.jpg,1 431 436 638 626
United_States_005720.jpg,3 97 386 485 638 3 266 389 505 638 3 124 391 257 638
United_States_005721.jpg,1 355 527 403 640 1 355 529 423 640
United_States_005722.jpg,1 111 466 156 640 1 122 469 158 578
United_States_005723.jpg,1 455 493 542 638
United_States_005724.jpg,1 0 522 105 617 1 346 520 379 575 1 133 507 258 639 1 282 484 309 549 1 405 566 462 639 1 398 559 486 639 1 92 499 261 640
United_States_005725.jpg,3 347 406 565 639 1 201 425 314 639 2 75 460 216 482 1 328 371 346 427 2 496 470 638 504 3 373 401 521 637
United_States_005726.jpg,1 294 371 324 463 1 186 463 234 535 2 9 515 199 541 1 212 370 252 440 3 183 460 240 536
United_States_005727.jpg,1 67 506 135 600 2 0 470 99 491 2 128 394 403 423 1 222 382 250 402 1 111 570 158 640
United_States_005728.jpg,3 0 386 522 639
United_States_005729.jpg,1 420 497 598 624 2 300 499 435 544 1 142 381 175 481 1 113 384 181 632
United_States_005730.jpg,1 0 445 96 616 1 0 404 139 615
United_States_005731.jpg,1 8 480 195 618 4 403 532 425 545 1 214 487 241 524
United_States_005732.jpg,1 434 509 539 615 1 209 457 235 639 2 287 534 531 615 2 506 560 587 581 2 280 525 600 617
United_States_005733.jpg,1 425 554 488 636 1 254 508 311 640
United_States_005734.jpg,2 123 444 440 487 2 129 450 376 485
United_States_005735.jpg,1 436 470 576 620 2 504 461 593 522
United_States_005736.jpg,2 2 468 229 507 2 220 428 378 456
United_States_005737.jpg,2 77 505 224 539 3 121 385 223 473 1 248 531 299 639
United_States_005738.jpg,1 0 429 156 602 1 258 437 290 545 1 249 434 292 633
United_States_005739.jpg,1 247 424 424 634 2 105 479 288 525 2 0 487 97 513 1 207 386 243 418
United_States_005740.jpg,2 0 533 198 567 2 240 505 484 564 1 194 392 231 630
United_States_005741.jpg,3 0 371 561 639 3 101 379 640 638 2 0 449 85 471
United_States_005742.jpg,1 194 412 254 548 1 398 411 607 624 1 463 478 611 623
United_States_005743.jpg,1 95 401 169 525 2 258 449 328 465
United_States_005744.jpg,1 241 425 279 637 1 0 405 75 492
United_States_005745.jpg,1 307 429 461 639 1 175 430 216 502 1 180 587 224 639 1 160 586 224 639
United_States_005746.jpg,1 385 398 559 471
United_States_005747.jpg,3 178 378 522 637 3 171 374 521 560 2 495 551 638 578
United_States_005748.jpg,2 119 483 238 500
United_States_005749.jpg,2 179 434 314 469 1 132 382 402 638 1 543 441 640 613
United_States_005750.jpg,1 175 397 217 545 2 15 535 172 567
United_States_005751.jpg,3 0 378 424 639
United_States_005752.jpg,2 44 448 433 544 1 340 398 371 456
United_States_005753.jpg,1 250 483 290 604 1 0 386 129 517 2 267 486 424 527 1 163 410 180 436
United_States_005754.jpg,1 242 436 358 640
United_States_005755.jpg,1 388 558 427 640
United_States_005756.jpg,1 356 534 404 574 1 259 480 286 639 1 359 598 389 639
United_States_005757.jpg,2 229 412 400 451 2 385 504 433 531 2 237 414 396 443
United_States_005758.jpg,1 487 445 638 553 1 298 412 348 536 1 346 393 521 573 2 0 530 176 570 1 354 394 584 570
United_States_005759.jpg,1 197 372 283 634 1 459 425 636 545 1 398 515 562 636 1 392 376 636 542 1 298 409 396 637 1 308 423 352 551
United_States_005760.jpg,2 310 451 481 494
United_States_005761.jpg,2 5 524 181 593 1 285 402 343 557 2 540 536 602 602 2 382 409 638 431 1 541 534 602 603
United_States_005762.jpg,2 0 496 410 549 1 75 423 206 638 2 17 489 399 542 1 144 419 206 521 2 121 461 565 533
United_States_005763.jpg,1 402 441 464 552
United_States_005764.jpg,1 232 396 312 639 1 73 394 189 638 1 113 391 190 574 1 241 444 304 640 2 161 468 243 487 2 285 564 366 588
United_States_005765.jpg,1 238 433 297 546 2 0 484 47 507
United_States_005766.jpg,1 291 502 322 567 1 289 482 341 640
United_States_005767.jpg,1 284 471 343 564 2 206 549 423 603
United_States_005768.jpg,1 64 415 129 466 1 161 433 212 572 1 159 440 211 639
United_States_005769.jpg,1 109 470 164 582 2 1 443 267 486
United_States_005770.jpg,3 129 400 441 619 2 0 550 176 584 2 85 483 432 552 2 0 423 105 445 2 94 489 254 549
United_States_005771.jpg,1 367 429 429 553 1 546 422 640 501 1 359 416 482 637
United_States_005772.jpg,2 307 438 402 458
United_States_005773.jpg,2 365 545 431 572
United_States_005774.jpg,1 46 466 166 621 1 54 416 205 616
United_States_005775.jpg,3 414 541 560 640 1 295 530 325 605
United_States_005776.jpg,1 510 454 554 487 2 336 426 640 454 2 184 466 259 482 2 354 431 496 450
United_States_005777.jpg,1 54 413 157 620 1 213 446 241 526 1 265 470 291 545 3 209 417 294 542
United_States_005778.jpg,1 102 409 238 639 1 111 497 189 638
United_States_005779.jpg,2 124 495 386 544
United_States_005780.jpg,1 373 533 422 640 1 257 511 285 606 1 373 532 442 639
United_States_005781.jpg,1 0 437 69 602 1 0 438 69 553
United_States_005782.jpg,1 342 483 376 549 2 0 473 160 496 2 341 474 415 490
United_States_005783.jpg,2 444 535 638 569 1 352 388 394 552
United_States_005784.jpg,1 299 390 401 552 1 438 400 640 511 1 407 555 476 640 1 298 386 463 638 2 357 453 413 470
United_States_005785.jpg,1 289 410 419 639 1 421 446 640 619 1 230 455 259 640 1 504 530 639 625 1 143 469 178 495
United_States_005786.jpg,1 270 504 350 638 1 272 506 386 640
United_States_005787.jpg,1 395 506 533 639 1 396 548 426 579
United_States_005788.jpg,1 335 404 366 506 1 432 447 508 577 2 541 606 599 625 1 419 429 556 638
United_States_005789.jpg,3 22 423 303 636
United_States_005790.jpg,1 319 395 369 543 2 82 446 239 474
United_States_005791.jpg,1 249 418 280 512 1 249 415 283 565 1 252 476 284 566
United_States_005792.jpg,2 0 537 219 571 1 202 475 238 639 1 427 520 531 636
United_States_005793.jpg,2 549 490 639 514
United_States_005794.jpg,1 170 456 220 551 1 296 450 327 639 1 0 402 187 569 2 151 439 259 457 1 390 480 430 558 1 388 479 444 567
United_States_005795.jpg,1 141 419 163 501
United_States_005796.jpg,1 344 387 437 435 1 472 429 639 502 1 339 509 373 573
United_States_005797.jpg,1 239 414 260 484 1 123 414 165 501 2 20 474 407 521 2 0 472 308 530 3 33 415 202 638
United_States_005798.jpg,2 76 506 316 576
United_States_005799.jpg,1 191 488 276 640 4 431 555 457 575 2 253 561 434 604 4 445 573 474 589 1 158 493 275 639 4 430 556 458 582 4 429 554 475 588 4 429 555 467 576
United_States_005800.jpg,1 329 500 373 639 2 105 511 330 543 2 78 504 433 545
United_States_005801.jpg,2 64 510 349 563
United_States_005802.jpg,2 379 502 543 546 3 267 434 409 596 2 48 407 167 427 1 260 412 407 598 2 283 395 353 407
United_States_005803.jpg,2 238 489 398 519 2 207 406 334 424
United_States_005804.jpg,1 221 452 269 563 1 570 496 639 560
United_States_005805.jpg,1 362 398 417 487 1 361 548 475 640 1 307 460 434 554 1 590 558 640 624 1 461 441 525 512 1 457 411 523 511
United_States_005806.jpg,1 66 449 188 637
United_States_005807.jpg,1 401 530 488 613 1 523 554 593 594
United_States_005808.jpg,1 165 476 190 567 2 255 495 403 550 2 233 434 301 457
United_States_005809.jpg,2 0 484 396 572
United_States_005810.jpg,1 363 449 520 638
United_States_005811.jpg,2 423 546 574 574 2 4 544 164 577 2 269 446 472 484 2 189 443 475 486 2 421 546 592 582
United_States_005812.jpg,1 271 461 306 637 1 0 515 54 624 1 51 429 162 543 2 63 616 135 637 1 0 430 160 629
United_States_005813.jpg,1 281 410 390 544 1 330 467 390 548
United_States_005814.jpg,1 132 423 252 638 1 337 462 368 553
United_States_005815.jpg,2 371 523 462 554 2 509 579 603 599 2 0 562 184 591 2 0 527 321 590
United_States_005816.jpg,1 481 529 582 640 1 367 404 552 555
United_States_005817.jpg,1 195 411 225 564
United_States_005818.jpg,1 516 419 633 621 1 588 543 628 621 1 515 419 569 494
United_States_005819.jpg,1 189 405 272 639 1 470 483 616 623 2 90 449 254 471 1 369 475 389 531 2 68 445 258 472
United_States_005820.jpg,1 96 381 242 527 3 204 386 323 638 2 455 521 628 545 3 157 409 509 638 3 209 402 434 637 4 164 440 198 459
United_States_005821.jpg,1 228 510 256 639 1 275 495 315 632 1 324 494 434 640 1 322 492 480 639
United_States_005822.jpg,1 14 419 169 613 2 0 522 64 539
United_States_005823.jpg,1 433 250 478 339
United_States_005824.jpg,1 258 415 292 561 1 257 409 292 638 2 126 419 261 436 2 186 481 260 496
United_States_005825.jpg,1 191 370 227 459
United_States_005826.jpg,1 244 497 261 536 1 331 515 383 640
United_States_005827.jpg,1 219 493 238 553 1 469 422 639 566 1 265 420 295 496 1 0 398 147 478 1 477 477 574 622
United_States_005828.jpg,1 295 512 381 639
United_States_005829.jpg,1 52 533 168 593 1 499 500 614 619 1 421 435 615 615 1 308 417 330 476 1 325 514 353 604 1 307 389 332 475
United_States_005830.jpg,2 64 556 267 639 2 0 538 122 563 2 20 429 87 444
United_States_005831.jpg,1 13 416 168 554 1 397 496 530 639 1 398 500 444 541 2 106 481 449 519 2 77 476 474 528 1 255 389 275 435
United_States_005832.jpg,1 271 405 308 441
United_States_005833.jpg,1 0 394 193 531 1 226 399 319 639 2 70 461 256 483 1 240 387 318 601 1 385 435 469 618
United_States_005834.jpg,1 139 356 245 455 2 480 540 640 571
United_States_005835.jpg,1 407 459 525 638 2 178 575 297 601 1 387 419 527 638
United_States_005836.jpg,2 208 520 345 544
United_States_005837.jpg,1 239 453 289 640 2 0 502 90 535 2 183 439 345 462 2 255 439 344 458
United_States_005838.jpg,1 125 411 205 582 2 165 455 493 517 1 436 471 631 615 2 290 416 595 498 1 362 411 421 464 1 223 380 244 416 2 587 518 614 549 1 395 441 627 615 2 584 519 625 550 1 125 387 234 581
United_States_005839.jpg,1 241 405 262 493 1 65 502 161 636 3 230 462 366 640 2 359 474 454 494 1 0 478 47 559
United_States_005840.jpg,1 183 399 253 506 1 89 335 148 370 2 565 399 640 436
United_States_005841.jpg,1 279 401 308 484 1 162 447 211 590 1 0 477 79 599 1 98 404 173 488 1 284 406 385 638 1 129 435 215 639
United_States_005842.jpg,1 86 453 213 633 1 518 429 633 497 1 235 424 266 497 1 316 396 360 542 1 555 491 639 598 1 329 443 358 542
United_States_005843.jpg,
United_States_005844.jpg,1 265 453 496 640 2 415 587 510 606
United_States_005845.jpg,1 296 417 354 506 1 385 469 461 567 3 382 469 583 638 3 240 468 584 640
United_States_005846.jpg,1 0 462 144 616 1 158 530 177 577 2 556 515 640 556
United_States_005847.jpg,1 197 392 234 640 2 0 447 122 478 1 202 399 233 546
United_States_005848.jpg,1 395 403 418 519 2 486 425 640 445 1 449 389 484 436 2 484 559 640 606 2 411 436 479 449 2 484 539 639 607 1 453 391 569 584
United_States_005849.jpg,1 262 441 340 638 1 6 513 79 599 1 262 445 302 543 1 143 504 177 587
United_States_005850.jpg,1 358 448 526 639 1 345 383 395 437
United_States_005851.jpg,1 354 421 550 638 1 300 393 353 486 2 67 588 135 608 1 513 414 555 432 2 443 450 511 466 1 206 444 229 524 2 384 445 457 460 1 238 386 249 412
United_States_005852.jpg,1 269 394 311 519
United_States_005853.jpg,2 157 447 348 513
United_States_005854.jpg,3 0 379 224 634 3 74 376 223 634 3 245 389 470 639 3 248 408 545 638 2 469 554 628 618 3 39 377 505 637
United_States_005855.jpg,3 286 463 412 562 1 64 412 209 626 2 138 527 234 554
United_States_005856.jpg,3 319 498 460 640 1 136 429 187 638 1 226 444 245 488
United_States_005857.jpg,1 369 439 569 639 2 29 509 486 574 1 465 527 571 639 2 9 530 405 577
United_States_005858.jpg,1 2 400 235 615 2 0 542 166 587
United_States_005859.jpg,1 463 489 640 611 3 362 453 391 480
United_States_005860.jpg,1 253 473 306 640
United_States_005861.jpg,1 292 407 381 555 1 230 452 255 549
United_States_005862.jpg,2 415 584 488 600 1 446 556 490 586 1 330 502 422 596 1 330 505 465 640
United_States_005863.jpg,2 0 493 219 518
United_States_005864.jpg,1 165 396 278 637 2 201 452 268 476
United_States_005865.jpg,2 478 607 559 628 1 297 421 326 505 1 369 510 408 640
United_States_005866.jpg,2 192 457 306 475 2 186 454 521 485
United_States_005867.jpg,1 65 529 126 639 2 307 445 398 465 3 264 487 412 639 1 437 477 578 563 1 172 446 193 491
United_States_005868.jpg,1 0 460 43 610
United_States_005869.jpg,1 424 488 560 640
United_States_005870.jpg,1 418 505 534 625
United_States_005871.jpg,2 197 445 366 469 2 54 439 370 473 1 331 415 548 638
United_States_005872.jpg,1 414 454 531 571 2 542 547 625 579 1 295 478 329 562
United_States_005873.jpg,1 386 416 535 637 2 202 446 400 473 1 177 599 207 639
United_States_005874.jpg,3 250 406 414 567 1 114 509 167 590 2 365 488 479 508 2 338 422 422 437
United_States_005875.jpg,2 189 523 436 555
United_States_005876.jpg,1 97 485 170 638 1 419 500 559 638
United_States_005877.jpg,1 400 572 484 640
United_States_005878.jpg,1 307 466 354 621
United_States_005879.jpg,1 7 409 144 621 1 0 400 134 533 1 413 510 478 639 1 0 409 106 543
United_States_005880.jpg,1 404 426 553 622 2 320 532 401 566
United_States_005881.jpg,1 0 424 179 603 1 137 399 176 429
United_States_005882.jpg,1 0 465 56 533
United_States_005883.jpg,1 394 470 551 632 1 0 456 95 600
United_States_005884.jpg,1 509 398 639 459 2 483 469 586 500 2 476 460 640 503 1 377 392 566 638
United_States_005885.jpg,3 253 424 557 638 2 1 549 149 578
United_States_005886.jpg,3 342 521 440 640
United_States_005887.jpg,1 353 420 542 639 1 462 446 640 563 1 287 502 370 640 1 255 367 276 432
United_States_005888.jpg,1 236 506 293 639 1 237 505 324 640
United_States_005889.jpg,2 177 473 361 506 2 0 461 153 491 2 308 427 384 447
United_States_005890.jpg,1 56 496 190 635 1 0 501 115 596
United_States_005891.jpg,3 73 482 173 609
United_States_005892.jpg,1 232 476 299 638 1 209 391 230 440 4 417 519 449 537
United_States_005893.jpg,2 448 544 576 576 2 213 498 640 575 1 569 468 636 508 1 623 441 639 510
United_States_005894.jpg,1 131 440 215 636
United_States_005895.jpg,1 28 450 95 558 1 16 556 53 616
United_States_005896.jpg,1 181 460 227 640 3 0 539 42 621 1 102 394 133 475 1 365 471 430 516 1 451 461 639 571
United_States_005897.jpg,1 391 476 444 560 1 34 450 205 614 2 503 493 640 516 2 465 490 640 521 3 0 450 107 527 2 199 454 252 468 1 37 509 139 615
United_States_005898.jpg,2 174 432 548 468 2 0 432 181 459 2 0 425 387 467 1 189 426 247 548
United_States_005899.jpg,3 72 427 530 637 2 0 571 98 602 3 190 435 576 639
United_States_005900.jpg,1 414 414 640 609
United_States_005901.jpg,1 181 375 239 490 1 81 502 142 596 1 0 429 62 494 1 0 429 65 472
United_States_005902.jpg,1 399 566 428 640
United_States_005903.jpg,3 151 430 611 639 3 78 411 599 595
United_States_005904.jpg,1 0 475 124 615 2 85 424 277 445
United_States_005905.jpg,2 9 523 158 638 2 448 434 582 460 1 11 524 158 639 2 216 480 332 514 2 179 596 471 640 2 179 608 409 640
United_States_005906.jpg,1 467 551 513 640 1 374 468 515 639
United_States_005907.jpg,1 510 505 639 605 2 64 479 424 556 1 59 433 145 600 1 348 400 530 495 2 0 547 81 570 1 38 422 150 617 2 0 503 370 585
United_States_005908.jpg,1 24 506 104 619 3 527 321 640 499 2 0 557 52 584 1 313 489 358 578
United_States_005909.jpg,1 66 460 141 595 1 66 543 97 595
United_States_005910.jpg,1 106 378 198 560 2 412 557 517 601 1 110 380 198 507
United_States_005911.jpg,1 378 439 601 618 1 215 502 241 550 2 83 459 192 478 1 297 437 422 559 1 45 480 95 601
United_States_005912.jpg,1 0 458 107 606
United_States_005913.jpg,1 274 489 354 638 3 74 545 156 640 1 271 482 386 640
United_States_005914.jpg,2 48 465 435 519 2 9 473 404 515 2 0 477 362 518
United_States_005915.jpg,1 505 469 638 557
United_States_005916.jpg,1 100 492 201 639 3 300 489 390 575
United_States_005917.jpg,1 149 440 235 638 1 275 423 320 639 3 266 416 520 639 2 305 553 417 576 3 352 435 521 639 2 142 435 206 447
United_States_005918.jpg,1 11 452 112 611 1 268 484 431 640 1 174 448 195 523
United_States_005919.jpg,1 73 486 149 637
United_States_005920.jpg,1 370 435 640 638 1 12 374 138 510
United_States_005921.jpg,3 17 446 208 639 2 198 423 423 473
United_States_005922.jpg,1 297 396 318 441 1 337 482 363 544
United_States_005923.jpg,1 60 379 254 610
United_States_005924.jpg,1 266 440 392 639 1 32 433 183 619 1 128 390 165 432 2 0 426 128 459
United_States_005925.jpg,3 0 420 508 639 2 430 560 576 598
United_States_005926.jpg,1 297 471 348 638 2 360 575 476 621 2 8 456 280 481 1 334 413 520 640
United_States_005927.jpg,1 34 453 76 501
United_States_005928.jpg,1 125 413 259 640 2 276 472 477 496
United_States_005929.jpg,2 26 534 127 553 1 363 414 639 576 2 552 490 633 513 1 279 411 413 581 1 281 412 365 494 2 47 417 275 459 2 44 441 124 455 2 171 417 278 439 2 460 519 516 561 1 272 409 458 623
United_States_005930.jpg,2 419 524 620 582 1 446 422 625 526 1 417 403 623 521
United_States_005931.jpg,1 328 510 361 574
United_States_005932.jpg,1 441 471 543 557 1 290 504 312 571 1 440 470 624 617 2 50 420 380 450 1 315 572 346 640 1 446 536 501 591
United_States_005933.jpg,1 404 452 502 604
United_States_005934.jpg,2 41 558 251 619 1 230 446 265 637 1 222 599 249 639 1 339 476 402 572 1 221 600 262 640
United_States_005935.jpg,2 367 433 431 448 1 143 400 223 578 1 331 417 544 638 1 105 401 222 639
United_States_005936.jpg,1 335 504 451 623 1 251 495 296 635 1 452 565 482 593 1 583 576 640 623
United_States_005937.jpg,3 0 458 263 640 3 100 457 259 640
United_States_005938.jpg,1 362 569 441 640
United_States_005939.jpg,1 140 420 279 638
United_States_005940.jpg,1 378 429 530 632 1 291 396 338 484 1 153 480 218 640 1 306 396 338 479
United_States_005941.jpg,3 58 425 158 639 3 50 491 146 639
United_States_005942.jpg,1 585 585 631 625 2 0 510 131 560 1 95 417 185 481
United_States_005943.jpg,1 181 510 209 589
United_States_005944.jpg,1 264 390 373 639 2 0 566 368 638
United_States_005945.jpg,1 439 545 469 588 2 392 415 639 437 2 329 503 463 526
United_States_005946.jpg,2 0 486 237 548 1 151 429 252 509
United_States_005947.jpg,1 145 422 229 640 2 234 440 507 492 1 22 517 104 619 2 116 569 178 585 2 61 445 210 463
United_States_005948.jpg,1 224 372 275 639 2 253 501 384 525 2 456 584 582 621 2 114 428 234 445 2 0 531 78 551 2 458 576 579 629 2 251 493 402 527
United_States_005949.jpg,1 161 420 268 640 1 391 419 518 536 1 280 507 309 637 1 359 405 378 463 1 281 510 302 570 1 187 450 219 495
United_States_005950.jpg,1 360 416 394 558 2 168 415 365 439 1 320 443 344 552
United_States_005951.jpg,2 469 505 640 528 1 81 416 262 638 1 275 442 331 637
United_States_005952.jpg,1 396 389 427 431 2 323 426 590 457 2 28 491 232 509
United_States_005953.jpg,
United_States_005954.jpg,2 179 436 336 454 2 177 437 307 453
United_States_005955.jpg,1 422 438 594 629 2 495 478 638 508
United_States_005956.jpg,1 319 428 399 638 1 379 430 509 588 1 124 551 194 640 1 359 403 447 514 1 219 465 249 540
United_States_005957.jpg,1 445 436 475 575 1 499 385 546 473 1 496 386 567 512 1 561 428 640 610 1 442 426 489 640
United_States_005958.jpg,1 330 450 384 637 1 314 390 330 426
United_States_005959.jpg,3 239 432 492 639 2 0 537 267 593
United_States_005960.jpg,2 83 464 439 507 1 235 380 253 435
United_States_005961.jpg,3 0 363 240 538 2 292 496 412 534 1 218 540 262 640 3 0 368 254 607 1 0 477 77 575
United_States_005962.jpg,1 271 373 308 474 3 371 453 618 638 1 0 392 174 557 1 398 455 618 633
United_States_005963.jpg,1 459 518 550 640 1 279 478 340 560
United_States_005964.jpg,2 52 561 216 598 1 429 426 460 498
United_States_005965.jpg,1 0 515 66 621 1 128 397 163 443
United_States_005966.jpg,1 488 543 591 639 1 397 387 496 497 1 364 396 433 575 1 427 379 503 439 1 187 544 250 640 2 71 477 213 503 2 594 589 640 610 1 215 412 293 547 1 188 386 307 639 1 364 398 391 496 1 564 459 639 536
United_States_005967.jpg,2 388 527 517 599 2 453 525 519 565
United_States_005968.jpg,1 352 424 519 636 2 0 442 99 464 1 503 481 616 568 1 91 468 166 622
United_States_005969.jpg,1 366 430 527 582 1 366 429 609 593
United_States_005970.jpg,3 500 5 639 164
United_States_005971.jpg,3 0 457 136 621 1 153 395 205 590
United_States_005972.jpg,2 309 515 638 574 2 325 571 523 640 2 498 543 639 589
United_States_005973.jpg,1 324 409 441 622 2 0 500 168 522
United_States_005974.jpg,3 149 444 323 593 3 142 495 293 589
United_States_005975.jpg,1 0 415 112 614
United_States_005976.jpg,3 118 421 565 630 3 87 382 580 610
United_States_005977.jpg,1 170 513 276 640 1 581 550 640 617
United_States_005978.jpg,2 451 590 588 618
United_States_005979.jpg,1 142 520 229 639 1 421 514 546 640 1 384 584 403 625
United_States_005980.jpg,2 370 527 457 584 1 0 441 90 601 1 0 423 100 567
United_States_005981.jpg,1 247 433 393 612 1 340 436 619 614 2 527 507 622 554
United_States_005982.jpg,2 2 484 263 527 2 0 484 413 522
United_States_005983.jpg,1 352 446 507 639 1 565 460 640 530 2 498 608 614 635
United_States_005984.jpg,1 506 445 638 523 1 117 535 143 606 2 2 438 156 460
United_States_005985.jpg,1 159 570 190 635
United_States_005986.jpg,1 91 406 194 633
United_States_005987.jpg,1 293 413 336 521 2 197 595 408 636 1 384 516 430 637
United_States_005988.jpg,1 304 428 393 640
United_States_005989.jpg,2 2 492 90 510
United_States_005990.jpg,2 71 500 162 516
United_States_005991.jpg,2 462 573 580 624 2 288 599 413 639 1 303 443 381 585 2 199 601 415 640
United_States_005992.jpg,1 339 380 488 637 2 220 454 382 475 2 467 506 563 525 4 189 446 215 460 2 380 429 621 449
United_States_005993.jpg,1 259 386 376 638 2 344 491 516 541
United_States_005994.jpg,1 179 410 211 454 1 247 400 279 639 1 118 548 160 640 2 0 464 359 504 2 55 464 366 497 1 249 491 279 639
United_States_005995.jpg,1 203 580 228 640 1 141 525 164 563 1 301 475 379 528 1 400 544 570 639
United_States_005996.jpg,1 171 430 228 567 1 133 425 233 639
United_States_005997.jpg,
United_States_005998.jpg,1 288 419 403 638
United_States_005999.jpg,1 317 497 407 640 1 290 410 393 637
United_States_006000.jpg,2 314 502 635 573 1 406 432 459 529 2 30 581 166 615 2 231 454 565 558
United_States_006001.jpg,2 223 448 450 479 2 221 443 544 491 1 63 394 283 627
United_States_006002.jpg,3 101 404 180 638 2 220 465 339 503 1 46 455 71 501 1 46 426 80 500 1 620 524 636 565
United_States_006003.jpg,1 0 423 179 617 1 492 528 605 625 1 154 414 182 469
United_States_006004.jpg,1 239 407 291 463 3 0 408 118 618 1 415 409 640 531 3 0 452 99 619
