United_States_004805.jpg,2 0 439 258 463 2 270 492 379 517 4 183 469 206 485
United_States_004806.jpg,3 80 392 399 591 2 475 586 639 629 2 394 536 567 578
United_States_004807.jpg,3 205 517 328 639 3 214 580 292 639 1 69 500 268 637
United_States_004808.jpg,1 371 480 398 534
United_States_004809.jpg,2 331 562 449 583 1 298 442 346 500 1 86 485 272 639 1 311 504 350 640
United_States_004810.jpg,2 216 447 349 470 1 325 420 339 453 1 0 483 80 568
United_States_004811.jpg,1 219 391 265 454
United_States_004812.jpg,1 434 534 543 637
United_States_004813.jpg,2 149 530 378 579 1 375 526 517 639
United_States_004814.jpg,1 97 425 166 562 2 39 511 114 526
United_States_004815.jpg,1 232 523 277 639
United_States_004816.jpg,1 456 509 559 639 1 145 417 238 570 1 99 361 202 419
United_States_004817.jpg,1 322 382 407 463 2 115 519 351 577 1 39 475 133 618 1 313 412 441 602 2 449 567 550 608 1 312 411 491 615
United_States_004818.jpg,
United_States_004819.jpg,1 470 575 521 638 1 471 575 493 618
United_States_004820.jpg,2 161 455 500 490 2 300 462 492 489
United_States_004821.jpg,1 378 525 476 639 1 148 361 179 454 1 117 463 175 640 1 201 366 217 401 1 298 594 329 640 1 230 422 248 452
United_States_004822.jpg,2 154 453 265 474 3 401 471 597 640 2 146 476 263 495 1 513 428 639 495
United_States_004823.jpg,1 306 393 328 444 1 306 435 335 558
United_States_004824.jpg,1 147 523 243 639
United_States_004825.jpg,1 87 451 151 587 1 171 396 200 455 2 162 507 241 535
United_States_004826.jpg,1 116 423 181 639 2 530 581 640 624 2 418 558 535 605
United_States_004827.jpg,2 102 453 235 487 2 105 454 206 484
United_States_004828.jpg,1 120 478 160 580 1 261 428 309 551 2 191 451 266 473
United_States_004829.jpg,2 0 507 256 546
United_States_004830.jpg,1 206 413 322 559 1 457 564 518 639
United_States_004831.jpg,1 157 441 178 493
United_States_004832.jpg,1 442 517 561 640 1 286 398 389 638
United_States_004833.jpg,1 274 433 318 639 1 274 438 301 537
United_States_004834.jpg,1 226 568 262 640 1 211 571 262 640 1 431 583 473 639
United_States_004835.jpg,1 223 464 292 639 1 0 486 32 588
United_States_004836.jpg,2 259 457 502 494 1 61 413 202 637 1 238 376 264 639 1 237 416 268 589
United_States_004837.jpg,3 52 427 197 619 2 445 427 563 460 1 264 480 281 519 1 244 422 255 446
United_States_004838.jpg,2 53 499 172 527 1 14 553 62 620
United_States_004839.jpg,2 383 494 537 558 1 428 454 480 509 1 431 414 637 522
United_States_004840.jpg,1 292 438 350 557
United_States_004841.jpg,1 229 417 278 535 2 21 508 442 614
United_States_004842.jpg,1 106 486 195 639 3 333 390 368 413
United_States_004843.jpg,1 144 379 279 568 2 511 426 638 448
United_States_004844.jpg,1 415 441 629 606
United_States_004845.jpg,1 359 468 426 568 1 360 469 415 550
United_States_004846.jpg,1 308 390 457 538 1 476 559 560 639 1 534 458 549 484 3 57 426 373 639 2 432 413 603 458 2 577 456 640 472 1 434 412 597 458 2 303 442 415 474
United_States_004847.jpg,1 43 447 241 597 1 36 506 86 612 2 282 456 462 517 1 77 434 240 578
United_States_004848.jpg,1 377 524 449 613 1 168 445 183 483 2 493 560 639 637 1 293 481 341 556
United_States_004849.jpg,1 496 576 557 639
United_States_004850.jpg,1 81 547 196 640
United_States_004851.jpg,1 194 464 239 557 1 172 555 215 640
United_States_004852.jpg,1 360 561 409 639
United_States_004853.jpg,1 0 427 63 513 1 205 391 273 548 2 315 454 418 475 2 141 537 490 629 2 323 533 487 571 2 145 571 360 638 1 358 422 568 629
United_States_004854.jpg,1 113 573 145 640 2 2 437 198 457
United_States_004855.jpg,1 332 438 492 639 1 121 528 155 581 2 100 465 238 483
United_States_004856.jpg,1 405 383 612 622 1 161 393 239 496 2 528 513 638 534 2 0 546 160 583 1 51 433 117 470
United_States_004857.jpg,
United_States_004858.jpg,1 498 458 631 555 1 0 470 84 611
United_States_004859.jpg,2 97 464 321 519
United_States_004860.jpg,2 190 453 339 481 1 108 382 229 638
United_States_004861.jpg,1 307 439 348 639 2 150 419 506 459
United_States_004862.jpg,1 119 437 194 578 1 295 421 357 554
United_States_004863.jpg,1 83 415 167 521 2 371 611 505 640 1 123 511 186 638
United_States_004864.jpg,2 495 512 601 542 1 408 406 579 635 1 334 554 369 640 1 482 514 580 639
United_States_004865.jpg,2 219 436 303 461 2 512 460 578 497
United_States_004866.jpg,2 75 472 180 496 2 183 463 295 503 2 360 425 482 459
United_States_004867.jpg,
United_States_004868.jpg,1 306 533 426 639 1 233 604 263 640 1 205 605 263 640
United_States_004869.jpg,1 58 416 172 626 2 0 495 123 519 1 430 459 505 504
United_States_004870.jpg,2 186 573 520 620 2 511 571 596 603 1 352 478 383 549
United_States_004871.jpg,3 173 376 455 636
United_States_004872.jpg,1 0 397 193 545 1 327 413 355 466
United_States_004873.jpg,1 80 480 212 631
United_States_004874.jpg,1 338 410 466 548 1 150 510 217 612 2 0 441 180 463
United_States_004875.jpg,1 181 441 227 573 2 86 526 168 545 1 408 394 637 526 1 311 420 387 558
United_States_004876.jpg,1 371 437 511 638 1 0 456 173 611 1 0 545 54 619 1 444 452 628 623
United_States_004877.jpg,1 62 517 162 639 1 443 507 540 633 2 349 475 489 498 1 212 400 283 554
United_States_004878.jpg,1 383 455 566 631 1 138 438 186 554 1 272 404 305 535
United_States_004879.jpg,1 288 514 348 570
United_States_004880.jpg,1 0 378 137 528 1 203 479 233 639 2 1 563 129 587
United_States_004881.jpg,2 90 427 246 447
United_States_004882.jpg,1 60 500 120 585 1 190 406 225 545 1 98 436 138 485 3 240 361 255 394 1 240 362 255 393
United_States_004883.jpg,2 6 473 362 549 1 0 536 40 606 2 0 497 261 551 1 0 535 40 581
United_States_004884.jpg,1 144 364 176 553 1 438 464 638 580 3 290 385 569 640 3 289 387 404 474 2 0 394 72 417 1 289 387 401 469
United_States_004885.jpg,2 439 511 630 581 2 441 522 571 582
United_States_004886.jpg,1 237 536 284 639
United_States_004887.jpg,1 363 428 416 495 1 369 502 408 568 1 315 422 359 501 1 315 418 407 561 1 327 390 415 493
United_States_004888.jpg,1 0 446 106 574 1 318 473 414 639
United_States_004889.jpg,3 2 365 419 629 2 337 497 547 547 1 0 372 221 586 2 346 438 570 465
United_States_004890.jpg,1 392 424 482 550 1 221 444 237 476 1 391 423 563 637
United_States_004891.jpg,1 471 447 635 567
United_States_004892.jpg,2 32 514 325 615
United_States_004893.jpg,1 414 598 464 640 1 349 526 392 633 1 413 599 490 640
United_States_004894.jpg,1 0 397 98 515
United_States_004895.jpg,4 130 481 165 513
United_States_004896.jpg,1 399 415 489 547 1 535 467 639 563 4 459 509 490 546 1 502 574 552 639 1 398 414 544 638 2 509 498 573 513
United_States_004897.jpg,2 88 450 521 535 1 409 388 639 550 2 104 457 224 477 3 76 0 251 159
United_States_004898.jpg,2 436 587 482 635 1 197 446 240 606
United_States_004899.jpg,1 364 457 529 638 3 145 456 477 640 2 191 482 404 512
United_States_004900.jpg,1 457 502 554 639 1 370 521 390 579
United_States_004901.jpg,1 60 453 129 634 1 132 389 156 433
United_States_004902.jpg,3 261 405 339 537 1 105 553 168 639 1 190 392 253 506
United_States_004903.jpg,1 132 496 243 640 1 373 565 405 639
United_States_004904.jpg,3 340 552 424 639 3 327 394 548 639 2 257 409 337 429 2 35 428 237 450
United_States_004905.jpg,3 279 461 371 639 2 187 462 309 479
United_States_004906.jpg,2 257 533 382 560
United_States_004907.jpg,
United_States_004908.jpg,2 341 457 569 546 1 45 535 117 626 1 316 541 381 639 1 248 386 310 538 1 28 433 91 462 1 520 511 640 579
United_States_004909.jpg,1 491 538 555 640 1 413 468 450 532
United_States_004910.jpg,3 106 373 580 640 3 10 366 485 638 3 185 377 640 637
United_States_004911.jpg,1 458 469 597 635 1 389 397 403 424 2 70 436 351 469 2 0 545 114 575 2 234 448 344 467 1 439 385 636 529 1 70 480 172 616 1 229 363 291 451
United_States_004912.jpg,1 65 551 145 619 3 204 487 255 639
United_States_004913.jpg,2 79 492 352 532 2 458 526 638 550 3 448 412 619 499
United_States_004914.jpg,2 292 501 510 545 1 365 405 387 482 1 299 387 327 473 1 377 544 427 639
United_States_004915.jpg,3 296 416 578 637 2 0 523 223 582 2 553 512 639 536
United_States_004916.jpg,1 146 456 204 559
United_States_004917.jpg,1 248 421 280 524 1 430 450 559 639 2 48 507 463 542 1 198 554 246 640
United_States_004918.jpg,1 410 480 551 639
United_States_004919.jpg,1 143 514 167 567
United_States_004920.jpg,1 165 368 286 634 1 332 415 388 632 1 418 470 551 638
United_States_004921.jpg,3 5 395 207 610
United_States_004922.jpg,1 112 406 174 549 2 320 469 557 531
United_States_004923.jpg,2 490 591 578 609
United_States_004924.jpg,
United_States_004925.jpg,2 101 487 250 513 1 365 408 414 538 2 545 588 640 630 1 241 409 275 477
United_States_004926.jpg,1 393 431 595 629 1 526 490 639 572
United_States_004927.jpg,
United_States_004928.jpg,1 403 408 453 529 1 453 552 500 640
United_States_004929.jpg,1 97 437 127 505
United_States_004930.jpg,2 441 490 531 523 2 510 505 590 529
United_States_004931.jpg,1 388 468 557 639 1 321 381 366 434 1 79 481 178 638 1 188 396 226 469
United_States_004932.jpg,1 241 392 467 637 1 169 440 199 592
United_States_004933.jpg,1 0 523 135 616
United_States_004934.jpg,1 202 421 249 507 2 1 508 106 528
United_States_004935.jpg,1 0 554 41 621 1 2 396 143 614
United_States_004936.jpg,2 164 505 493 638 2 354 503 493 578
United_States_004937.jpg,1 179 394 259 558 1 362 541 409 639 2 0 583 117 606 1 0 387 138 481 1 371 464 481 582 1 0 385 139 527
United_States_004938.jpg,2 94 482 234 502 1 50 508 127 597 1 324 445 346 481
United_States_004939.jpg,1 58 396 148 636 2 143 415 334 444
United_States_004940.jpg,1 19 394 195 633 2 0 463 134 497 1 175 427 203 467
United_States_004941.jpg,1 365 480 449 630 2 445 620 530 636
United_States_004942.jpg,3 89 431 252 631 3 0 445 247 636
United_States_004943.jpg,2 274 539 403 559 1 213 537 281 640 1 254 536 281 586
United_States_004944.jpg,2 316 482 477 525 2 26 575 145 597 1 259 375 344 632 2 27 446 233 490 2 319 430 432 450 2 565 492 639 521 1 260 376 328 544 2 50 452 223 487 2 0 553 57 572
United_States_004945.jpg,1 477 547 589 639 2 146 437 356 467 1 233 394 262 639
United_States_004946.jpg,1 158 412 285 639 1 539 443 639 527
United_States_004947.jpg,1 332 441 472 574
United_States_004948.jpg,1 239 429 262 497 2 3 524 183 559 1 316 416 365 537 1 234 525 270 639
United_States_004949.jpg,2 0 500 467 599 2 45 495 467 578
United_States_004950.jpg,
United_States_004951.jpg,1 198 429 394 639 1 120 375 149 431 2 205 510 345 543
United_States_004952.jpg,2 118 577 383 639 1 318 405 470 638 1 464 404 501 433 2 345 424 510 443 1 0 440 148 600
United_States_004953.jpg,1 0 469 77 607 2 0 416 351 479 2 471 599 639 640 2 422 581 471 623 1 185 358 222 422
United_States_004954.jpg,3 0 398 336 616
United_States_004955.jpg,3 92 361 564 638 3 188 376 620 637
United_States_004956.jpg,2 0 476 210 504 2 309 587 432 615
United_States_004957.jpg,2 43 448 509 589 2 0 463 453 596 2 124 442 550 566
United_States_004958.jpg,2 0 468 182 500 2 442 479 540 494
United_States_004959.jpg,1 394 531 457 640
United_States_004960.jpg,1 500 520 594 622 2 29 463 463 516 1 253 404 268 435 2 18 543 138 566 2 70 430 203 447
United_States_004961.jpg,1 0 422 94 605 2 97 444 202 462 3 216 544 301 639 3 221 396 623 637 3 330 426 640 633 1 460 440 639 537 1 226 380 300 470
United_States_004962.jpg,1 227 390 323 639 1 228 390 287 636 4 529 547 552 564 1 68 386 185 637
United_States_004963.jpg,1 344 400 469 638 1 58 531 142 636 1 162 457 230 541 1 181 458 228 538
United_States_004964.jpg,1 418 500 552 638 1 0 414 136 571 2 289 482 479 531
United_States_004965.jpg,1 224 377 277 631 2 76 450 232 472 1 179 470 229 627 1 197 498 264 639 1 185 470 267 639 1 343 430 463 611
United_States_004966.jpg,2 324 478 496 529 4 102 472 133 489
United_States_004967.jpg,1 105 525 153 638
United_States_004968.jpg,1 37 438 128 616
United_States_004969.jpg,2 364 493 489 530 2 270 495 488 531 3 78 402 339 640 2 297 577 400 603
United_States_004970.jpg,1 30 428 197 603
United_States_004971.jpg,1 330 447 357 552
United_States_004972.jpg,1 0 514 119 610
United_States_004973.jpg,1 132 469 226 584 1 141 395 220 467 2 108 444 548 479 2 204 445 640 470 1 0 490 69 562 1 0 450 75 496 2 153 445 629 476 2 60 443 481 476
United_States_004974.jpg,1 33 389 130 440 1 159 396 211 522 2 10 429 183 450 1 0 443 50 537
United_States_004975.jpg,1 130 406 236 593
United_States_004976.jpg,3 143 401 273 556 2 191 574 291 640
United_States_004977.jpg,1 0 530 117 615 1 285 538 372 580 1 243 493 306 640
United_States_004978.jpg,1 127 417 170 581 1 258 559 293 639 1 72 415 171 603
United_States_004979.jpg,1 25 450 86 507 2 0 528 57 559
United_States_004980.jpg,1 0 427 152 559 1 195 416 251 556 2 59 492 214 515 2 0 487 214 520 1 40 419 116 472 1 163 415 251 618 2 249 445 428 471
United_States_004981.jpg,2 0 512 229 551 2 33 513 225 542
United_States_004982.jpg,1 429 402 639 547 2 89 425 238 446 1 337 404 467 636 1 338 402 401 530 1 228 414 277 537
United_States_004983.jpg,1 196 423 288 639 1 289 357 306 396 2 290 430 478 458
United_States_004984.jpg,1 413 448 637 621 3 402 443 506 519 2 0 416 50 435
United_States_004985.jpg,1 323 429 383 533 2 519 419 639 441
United_States_004986.jpg,1 343 402 640 583 1 205 451 229 555 1 124 504 165 640 2 222 450 298 472
United_States_004987.jpg,1 389 521 443 640
United_States_004988.jpg,1 390 493 535 638 1 467 574 538 638 1 389 491 460 579
United_States_004989.jpg,
United_States_004990.jpg,2 0 574 173 599 1 284 535 307 595
United_States_004991.jpg,
United_States_004992.jpg,1 547 533 639 589 1 298 548 334 639
United_States_004993.jpg,1 87 498 114 593 2 0 462 135 489 2 0 403 40 423
United_States_004994.jpg,1 0 443 95 612 3 0 420 94 614 1 117 527 146 640 1 184 469 204 541 4 269 537 288 554 1 0 414 74 515
United_States_004995.jpg,1 412 456 482 559
United_States_004996.jpg,1 23 449 159 613 1 252 384 309 555
United_States_004997.jpg,1 46 426 94 515 1 151 474 181 591 2 172 570 514 640 2 348 571 507 621
United_States_004998.jpg,2 250 546 433 563
United_States_004999.jpg,2 25 536 230 572
United_States_005000.jpg,3 233 394 322 546 1 114 521 158 608 1 312 561 383 639 1 3 538 71 619 1 453 452 638 565 1 236 392 320 546
United_States_005001.jpg,2 81 520 348 551
United_States_005002.jpg,2 405 467 461 488 1 0 442 74 492 1 0 433 117 546 1 33 514 124 610 1 405 466 462 488
United_States_005003.jpg,1 42 475 135 621
United_States_005004.jpg,2 415 521 639 560 1 220 492 283 569 1 364 408 479 539 1 218 494 283 546 2 333 491 417 522
United_States_005005.jpg,2 170 449 368 481 1 334 397 488 639 2 95 532 378 609 2 222 398 338 413 2 402 507 582 540
United_States_005006.jpg,1 382 424 639 564
United_States_005007.jpg,2 228 488 333 523 2 239 422 355 448 1 23 573 55 613
United_States_005008.jpg,1 404 455 456 561 1 489 388 639 465 1 419 465 456 562
United_States_005009.jpg,1 62 410 200 630 1 230 376 262 639 2 0 444 467 489 2 72 442 528 492 2 4 466 166 487 2 192 442 559 476 1 355 455 483 638 1 312 401 476 633
United_States_005010.jpg,3 314 414 575 639 3 74 389 195 627 1 451 427 639 537 1 75 382 199 622 3 71 435 174 629
United_States_005011.jpg,1 115 409 250 636 2 2 474 196 492 2 0 419 97 438 1 339 482 397 639 2 237 437 536 466 1 364 554 400 640 2 237 433 612 469
United_States_005012.jpg,2 0 444 111 463 1 333 495 422 580 2 0 432 262 465
United_States_005013.jpg,1 311 389 343 501 1 31 512 229 616 2 31 511 229 617 2 0 572 54 600
United_States_005014.jpg,1 16 483 154 626
United_States_005015.jpg,2 498 590 588 633 1 547 461 640 523
United_States_005016.jpg,1 228 470 279 564 1 169 570 212 640
United_States_005017.jpg,2 0 449 342 525 2 318 412 442 439 1 335 445 517 639 1 362 559 388 639 1 0 449 34 509
United_States_005018.jpg,1 342 376 393 447 1 225 417 258 477 1 314 436 336 491
United_States_005019.jpg,1 264 390 386 631 1 113 421 181 533 2 66 477 129 490 1 32 555 100 609 2 10 476 129 491
United_States_005020.jpg,1 251 498 273 576
United_States_005021.jpg,1 338 450 408 640
United_States_005022.jpg,1 64 439 187 611 1 313 439 399 622 2 484 598 618 625 1 223 410 247 494 1 208 410 248 553 2 580 575 640 595 1 501 417 638 492
United_States_005023.jpg,1 246 394 283 539 1 154 414 179 448
United_States_005024.jpg,1 177 480 203 564 2 314 484 403 501 1 390 412 432 448 1 483 443 566 486 1 279 404 333 549 2 63 546 172 569 1 335 549 377 638
United_States_005025.jpg,1 112 407 258 637 2 337 525 443 546
United_States_005026.jpg,2 0 555 137 585 1 0 399 128 536 1 244 448 266 523
United_States_005027.jpg,1 58 453 194 638 2 451 532 639 565 1 387 448 472 638
United_States_005028.jpg,1 424 415 473 467 1 202 391 333 637 3 234 397 335 557 2 552 598 640 621 3 203 396 332 634
United_States_005029.jpg,1 145 410 245 558 2 0 455 92 476
United_States_005030.jpg,1 61 383 214 600 1 42 466 61 510 1 249 383 265 431
United_States_005031.jpg,1 405 515 485 604 2 5 505 200 533 2 254 504 432 542
United_States_005032.jpg,1 314 396 348 639
United_States_005033.jpg,2 138 477 306 508 1 453 453 515 500 3 309 440 492 629 3 282 390 492 600
United_States_005034.jpg,2 0 498 120 530 2 0 597 62 624 1 166 379 201 458 3 100 391 241 594 2 167 527 244 552
United_States_005035.jpg,1 270 438 339 556
United_States_005036.jpg,1 59 399 190 551
United_States_005037.jpg,1 292 447 339 640 2 1 568 105 597 3 95 519 225 603
United_States_005038.jpg,1 212 401 253 549 2 238 476 449 533 1 0 477 39 586 1 307 421 417 638 1 212 464 237 553 2 527 569 620 594
United_States_005039.jpg,
United_States_005040.jpg,1 270 511 296 639 1 140 429 217 639 2 241 465 523 509
United_States_005041.jpg,2 20 499 293 529
United_States_005042.jpg,1 99 430 200 544 1 362 431 425 550 1 378 464 427 550
United_States_005043.jpg,1 157 554 228 640 1 479 419 639 518 2 444 580 587 605 1 346 412 414 579 1 245 385 283 493 1 0 557 93 615
United_States_005044.jpg,2 442 498 568 533 1 144 437 208 634 1 169 441 210 579
United_States_005045.jpg,1 107 437 234 638 1 339 563 409 639 1 318 402 399 562 2 3 481 245 506
United_States_005046.jpg,1 526 590 588 639
United_States_005047.jpg,1 149 402 241 486 2 178 487 622 526 1 440 500 535 639 2 419 420 582 439 1 46 556 103 614 1 392 417 533 636 2 9 479 233 502 2 223 477 636 528 1 46 410 237 588 1 66 503 130 560
United_States_005048.jpg,1 401 397 557 638
United_States_005049.jpg,2 0 417 240 453
United_States_005050.jpg,1 366 514 388 567 1 0 487 178 588
United_States_005051.jpg,2 213 478 445 507 1 0 432 90 542 1 122 410 243 637 2 67 455 209 477 2 74 532 170 550
United_States_005052.jpg,3 94 416 343 639
United_States_005053.jpg,1 194 355 223 411 1 0 426 129 578 1 21 426 131 516
United_States_005054.jpg,1 223 502 242 556 1 211 375 246 499 1 210 373 239 458
United_States_005055.jpg,2 2 466 256 494 2 0 489 32 507 2 192 427 471 463
United_States_005056.jpg,1 244 492 300 639
United_States_005057.jpg,1 412 561 530 633 1 72 571 127 639 1 304 521 393 640
United_States_005058.jpg,1 76 538 129 639
United_States_005059.jpg,1 293 412 359 640 2 0 575 224 607 1 362 462 451 634 1 117 420 174 534 1 105 418 173 585 2 50 578 225 605 1 257 379 273 416 1 212 465 234 514
United_States_005060.jpg,2 362 488 561 550 1 98 390 218 638 2 0 467 181 496 1 412 408 638 527 3 87 386 305 638
United_States_005061.jpg,2 249 518 326 536 2 188 573 409 595 1 320 480 338 540 1 346 593 387 639
United_States_005062.jpg,3 337 427 561 638 1 246 391 282 517
United_States_005063.jpg,1 0 448 99 558 1 226 398 274 558 1 301 395 384 549
United_States_005064.jpg,
United_States_005065.jpg,1 447 457 615 616 2 3 523 211 552
United_States_005066.jpg,2 0 440 141 468
United_States_005067.jpg,1 194 463 234 554 1 0 384 133 462
United_States_005068.jpg,2 412 483 639 568 2 0 547 188 582 2 56 548 187 581
United_States_005069.jpg,1 328 415 399 493 2 307 470 511 539 1 292 502 338 638 1 511 473 639 559
United_States_005070.jpg,
United_States_005071.jpg,1 451 547 502 639
United_States_005072.jpg,2 0 505 118 534
United_States_005073.jpg,1 187 543 213 639 1 56 485 123 606
United_States_005074.jpg,2 5 471 252 514 2 70 472 247 508
United_States_005075.jpg,2 223 598 326 621
United_States_005076.jpg,1 168 416 197 503 1 112 581 194 639 2 0 488 392 555 3 213 448 517 597 1 478 488 574 557 2 0 448 78 469
United_States_005077.jpg,1 68 439 183 598 1 33 540 70 591
United_States_005078.jpg,1 0 400 148 593 3 234 445 476 640 1 237 437 327 639
United_States_005079.jpg,1 376 442 540 551
United_States_005080.jpg,2 0 519 428 561 2 245 513 434 551 2 0 501 423 562
United_States_005081.jpg,1 155 451 192 553 2 30 500 152 520
United_States_005082.jpg,3 0 370 191 620 2 0 416 111 440 2 167 464 225 477
United_States_005083.jpg,3 343 408 597 638 1 352 438 587 638 1 331 403 441 471 1 273 389 308 420 1 532 514 639 603 1 355 413 640 619
United_States_005084.jpg,1 481 544 503 595
United_States_005085.jpg,1 32 515 98 616 2 0 448 92 468
United_States_005086.jpg,
United_States_005087.jpg,1 310 428 388 541 1 431 476 535 556 1 411 546 487 639
United_States_005088.jpg,2 422 562 508 599 2 470 543 629 616
United_States_005089.jpg,1 389 449 531 611
United_States_005090.jpg,1 235 460 338 543 1 374 397 426 443 1 376 399 504 544 1 136 390 217 460
United_States_005091.jpg,1 383 454 557 639 1 460 440 639 551 2 147 475 229 492 1 0 483 80 606
United_States_005092.jpg,1 360 431 481 590 1 234 420 266 557 1 39 510 128 615 2 416 467 633 497 1 325 409 340 429
United_States_005093.jpg,3 124 506 189 639 1 241 468 326 639 1 328 502 452 639
United_States_005094.jpg,1 176 397 265 554 2 310 550 419 639 1 437 510 472 561
United_States_005095.jpg,1 155 463 209 558 2 443 507 639 541 2 0 520 145 543 3 186 396 241 447
United_States_005096.jpg,2 437 537 593 577 1 158 406 257 635 3 133 558 254 639
United_States_005097.jpg,1 260 380 337 438 4 336 561 372 594
United_States_005098.jpg,2 60 555 216 599 2 62 554 214 583 1 0 526 49 606 1 317 444 492 638
United_States_005099.jpg,1 336 554 368 640 2 231 463 522 510 2 159 463 531 517 1 247 423 280 501
United_States_005100.jpg,1 391 465 430 526 3 0 425 296 627 1 408 394 640 622
United_States_005101.jpg,2 266 441 465 465
United_States_005102.jpg,2 96 537 150 552 2 193 547 373 567 2 270 548 387 567 1 455 501 639 609 1 436 488 514 538 2 95 539 385 567 2 456 534 631 552
United_States_005103.jpg,
United_States_005104.jpg,1 368 461 440 567 1 106 470 206 623 1 203 463 220 489 1 147 479 196 567
United_States_005105.jpg,2 495 498 634 518 1 177 405 283 467 1 112 469 242 568 2 89 555 186 577 1 254 405 281 431 1 98 467 241 603
United_States_005106.jpg,1 351 522 440 639 1 166 482 238 598 3 109 517 166 561
United_States_005107.jpg,3 462 457 578 556 2 76 487 480 512
United_States_005108.jpg,1 213 393 240 482 1 158 548 197 639 1 240 500 257 534
United_States_005109.jpg,2 425 527 572 573 1 189 401 253 594 2 426 522 631 574
United_States_005110.jpg,1 152 469 210 640 2 339 461 462 490 2 99 435 183 449 2 25 466 163 483 3 285 487 409 639
United_States_005111.jpg,1 148 433 237 639
United_States_005112.jpg,1 370 476 446 559 2 1 520 122 545 2 496 505 539 538
United_States_005113.jpg,3 530 492 640 600 1 112 450 179 563
United_States_005114.jpg,2 109 511 387 553
United_States_005115.jpg,1 230 531 262 583
United_States_005116.jpg,1 312 425 345 547 1 402 412 512 639 1 406 413 476 550
United_States_005117.jpg,1 385 367 640 535 1 272 414 307 559 2 300 402 437 417 1 176 437 263 637
United_States_005118.jpg,3 345 463 511 591 1 0 438 64 540 3 521 509 639 614 1 229 384 244 420
United_States_005119.jpg,2 270 459 340 475 2 257 426 323 441 1 318 428 398 560
United_States_005120.jpg,1 419 459 475 564 1 487 550 519 586
United_States_005121.jpg,2 129 513 215 530 1 289 394 323 504 1 315 494 357 640 1 524 513 621 603 3 496 579 616 640
United_States_005122.jpg,1 156 483 180 639 1 250 508 381 639
United_States_005123.jpg,1 196 443 363 639
United_States_005124.jpg,2 0 494 211 524 1 499 417 639 542 1 338 414 393 539 1 244 396 267 476 1 388 413 431 455
United_States_005125.jpg,3 0 352 379 640 1 252 389 267 423
United_States_005126.jpg,3 327 431 375 546 1 203 439 247 555 1 440 465 568 616 1 370 390 393 429
United_States_005127.jpg,1 0 477 133 606 3 0 472 258 614
United_States_005128.jpg,1 57 493 130 599
United_States_005129.jpg,1 339 462 436 607 2 30 563 184 592
United_States_005130.jpg,2 0 461 97 482 1 148 539 193 640 1 22 507 39 539 2 209 422 415 446
United_States_005131.jpg,3 292 408 542 635 1 132 522 155 582 1 433 434 639 573
United_States_005132.jpg,1 343 421 509 639 1 0 509 69 575 2 55 526 204 555 2 89 527 203 552
United_States_005133.jpg,1 278 451 327 550 1 451 530 473 595
United_States_005134.jpg,1 171 471 213 554 1 120 469 215 639
United_States_005135.jpg,1 421 418 638 570
United_States_005136.jpg,1 418 403 475 564
United_States_005137.jpg,1 212 411 266 640 1 34 484 117 603 1 213 411 246 568
United_States_005138.jpg,2 273 435 463 517 1 383 485 449 562 2 282 541 370 588 2 423 393 551 421
United_States_005139.jpg,1 220 388 285 542 1 394 468 458 542 4 39 450 85 472
United_States_005140.jpg,1 140 505 176 640 1 65 482 84 521
United_States_005141.jpg,1 338 552 436 639
United_States_005142.jpg,1 63 418 173 636 2 244 573 412 625 1 0 448 46 476
United_States_005143.jpg,1 0 488 76 597 1 64 443 202 637
United_States_005144.jpg,2 448 564 567 589 1 186 552 235 639 1 316 572 392 639
United_States_005145.jpg,2 99 586 196 605 1 242 530 280 640 1 337 501 422 639
United_States_005146.jpg,1 104 436 200 576 3 296 409 479 630
United_States_005147.jpg,1 256 451 283 545
United_States_005148.jpg,1 274 407 353 551 1 188 450 250 556
United_States_005149.jpg,2 111 468 246 488 1 237 444 282 552
United_States_005150.jpg,
United_States_005151.jpg,1 378 521 464 640 2 204 550 360 571 2 0 572 177 596 1 151 501 262 638
United_States_005152.jpg,1 194 405 238 524
United_States_005153.jpg,2 91 440 227 461
United_States_005154.jpg,1 1 485 146 630 2 1 433 283 466 2 286 460 457 486 1 356 373 376 420 1 0 470 69 519 1 215 374 318 634 1 208 478 285 639 1 248 375 318 550 3 434 358 640 524 3 435 355 640 429 1 0 469 70 538 3 508 419 639 536
United_States_005155.jpg,1 114 435 150 473 1 294 471 362 639 1 131 590 154 640 1 57 509 101 578
United_States_005156.jpg,2 0 497 150 519 3 130 500 234 564 3 126 484 257 564
United_States_005157.jpg,1 0 487 102 620
United_States_005158.jpg,1 0 373 156 491 3 0 440 424 635
United_States_005159.jpg,1 317 414 370 554 1 198 420 264 556 3 198 421 263 558
United_States_005160.jpg,2 388 573 549 594
United_States_005161.jpg,1 2 479 86 621 2 466 474 609 542 1 144 423 175 515 1 218 559 286 639
United_States_005162.jpg,1 405 394 544 491 1 588 473 640 525
United_States_005163.jpg,3 1 486 249 631 3 94 487 247 626
United_States_005164.jpg,2 123 561 398 640 1 382 568 482 639
United_States_005165.jpg,1 145 420 230 513
United_States_005166.jpg,1 422 430 636 625 3 88 404 265 637 1 57 411 147 466 2 0 443 55 460 1 348 472 377 549 1 347 472 399 547 2 117 448 212 464 1 376 553 410 640
United_States_005167.jpg,1 336 518 454 640 1 271 514 316 640
United_States_005168.jpg,2 172 548 285 591 2 93 547 285 598 1 432 576 542 640
United_States_005169.jpg,2 93 473 346 542 1 381 458 404 473
United_States_005170.jpg,1 238 483 306 640 1 349 474 382 565
United_States_005171.jpg,1 102 436 165 519 1 360 379 562 638 2 301 409 367 424 2 159 419 246 439 1 364 385 484 562
United_States_005172.jpg,2 0 499 259 530 1 242 400 293 548 2 517 596 640 621 2 140 495 607 532 2 271 501 632 534
United_States_005173.jpg,3 263 186 495 340 1 288 479 317 544 1 176 390 197 424
United_States_005174.jpg,1 348 502 410 639
United_States_005175.jpg,2 7 514 192 539 1 0 437 89 549 1 0 436 86 594
United_States_005176.jpg,1 374 498 448 639 1 379 537 451 639
United_States_005177.jpg,1 234 403 429 632 1 363 402 634 519 1 68 369 143 464 1 0 480 46 594
United_States_005178.jpg,1 482 491 601 629 1 22 472 145 616 2 173 431 290 449 1 236 472 264 513 2 358 477 634 504 1 594 464 640 521 3 331 403 466 551 1 333 537 375 639 1 593 464 639 503
United_States_005179.jpg,1 458 521 555 639 2 244 447 416 479 2 475 492 631 517 1 454 414 539 499 1 440 484 480 528
United_States_005180.jpg,1 321 399 452 560 1 210 446 261 559 2 126 524 221 545 1 562 420 640 478
United_States_005181.jpg,1 292 436 338 533 1 611 314 631 377
United_States_005182.jpg,1 151 398 246 639 1 292 383 327 508
United_States_005183.jpg,2 313 450 481 474
United_States_005184.jpg,1 341 432 578 639 1 261 425 364 639 2 0 452 233 487 1 320 425 348 449 1 458 454 638 555
United_States_005185.jpg,2 24 447 122 464 2 184 448 347 471 2 181 450 395 471
United_States_005186.jpg,2 406 449 468 468 1 264 422 360 567
United_States_005187.jpg,1 180 473 256 639 1 4 436 103 580 3 3 435 103 580 3 172 479 264 639
United_States_005188.jpg,1 47 491 113 619 2 0 456 181 495 2 51 587 205 640 2 0 451 272 493
United_States_005189.jpg,1 115 430 196 562 2 476 511 639 539 2 7 430 185 450
United_States_005190.jpg,1 531 509 566 548 1 227 488 250 543
United_States_005191.jpg,3 190 382 327 540 2 0 571 107 597 1 0 452 62 590 1 0 453 62 529
United_States_005192.jpg,1 0 402 192 579 2 507 602 640 631 2 419 442 554 461
United_States_005193.jpg,1 335 408 486 639 1 394 429 441 482 1 116 479 185 605 1 189 541 233 640 3 186 456 290 638 1 0 521 75 617 2 429 464 579 485 2 430 464 582 494
United_States_005194.jpg,1 367 511 445 635
United_States_005195.jpg,1 330 449 422 557 2 468 583 563 604 1 122 442 160 494 1 307 382 386 460 1 325 448 499 639
United_States_005196.jpg,1 212 440 260 637 2 306 483 391 526 1 535 488 639 560
United_States_005197.jpg,
United_States_005198.jpg,1 73 525 134 617 1 231 511 258 640
United_States_005199.jpg,1 357 502 439 639
United_States_005200.jpg,2 345 523 521 550 1 91 408 235 638 2 438 568 558 592 2 316 571 412 591 1 302 449 352 542
United_States_005201.jpg,2 81 467 247 504 1 244 469 301 639 2 214 526 259 539 1 258 528 304 640
United_States_005202.jpg,2 200 565 559 639 1 292 479 310 528 1 269 550 285 589 2 531 522 637 544
United_States_005203.jpg,
United_States_005204.jpg,1 27 508 146 622 1 383 382 408 410 1 0 444 116 528 2 0 525 97 547 1 351 443 374 504 3 345 413 541 638 3 349 412 449 541 3 400 513 542 639
United_States_005205.jpg,1 263 526 379 640 1 231 593 251 640
United_States_005206.jpg,3 363 398 407 462 4 479 442 496 457
United_States_005207.jpg,1 277 431 295 482 1 160 442 232 619
United_States_005208.jpg,2 497 561 549 590 1 408 502 557 639 2 131 588 243 622 2 129 581 401 626 2 208 583 399 629
United_States_005209.jpg,1 214 387 293 539 1 347 425 432 637 2 406 490 640 526 2 410 491 504 507 2 512 502 639 527
United_States_005210.jpg,1 425 512 580 638 1 259 495 285 572 2 165 576 265 597 1 240 604 262 639
United_States_005211.jpg,1 223 400 310 639
United_States_005212.jpg,1 168 434 228 559
United_States_005213.jpg,1 36 420 151 522 1 324 423 358 528
United_States_005214.jpg,1 343 430 556 639 1 395 423 626 569 1 25 406 139 618 2 247 591 382 615 1 109 570 135 636 2 452 526 526 545
United_States_005215.jpg,1 424 518 550 640
United_States_005216.jpg,1 226 435 263 478 1 232 514 251 561 1 227 436 254 475 2 234 422 307 438 1 225 435 278 480
United_States_005217.jpg,1 374 419 599 620
United_States_005218.jpg,2 177 479 334 507 2 339 533 476 578 1 18 386 243 616 1 171 382 242 487
United_States_005219.jpg,1 117 416 229 605 1 272 463 290 493 1 278 574 337 640
United_States_005220.jpg,1 339 472 386 555 1 360 414 621 618 1 1 451 141 596 1 165 428 187 467 2 109 481 255 526 2 251 449 415 481 1 338 466 430 626 1 357 404 496 514 1 233 389 256 457
United_States_005221.jpg,1 383 429 442 560 2 286 591 443 616 1 524 416 640 516
United_States_005222.jpg,1 161 368 199 474
United_States_005223.jpg,3 333 387 582 639 2 121 543 196 563
United_States_005224.jpg,2 2 477 359 511 2 429 522 639 571 2 429 540 606 570
United_States_005225.jpg,3 164 363 270 449 3 208 458 399 640
United_States_005226.jpg,1 125 396 339 605 1 1 394 264 552 2 526 523 588 538 3 112 424 501 638 2 316 575 493 639
United_States_005227.jpg,1 459 525 494 578 1 458 526 555 637
United_States_005228.jpg,1 132 438 241 591 3 298 417 456 640 3 478 530 639 624 1 33 539 108 619 1 1 391 158 512 3 0 394 157 509 1 231 402 247 434
United_States_005229.jpg,
United_States_005230.jpg,3 323 385 449 475 1 0 398 97 461 2 56 571 288 638 3 249 526 423 639 2 129 575 291 637 1 0 401 95 495
United_States_005231.jpg,1 48 563 94 620 1 114 545 141 639 1 268 466 309 505
United_States_005232.jpg,2 559 546 625 591 1 224 403 259 452 1 345 481 395 546 2 465 449 609 482
United_States_005233.jpg,1 343 548 430 639 1 456 494 512 539
United_States_005234.jpg,1 422 456 548 639
United_States_005235.jpg,1 382 444 411 479 1 296 558 345 636 1 295 558 365 639
United_States_005236.jpg,1 425 394 457 552 1 425 439 453 557
United_States_005237.jpg,1 326 416 379 573 2 363 453 512 474
United_States_005238.jpg,1 393 466 458 569
United_States_005239.jpg,2 0 450 116 472 2 163 449 275 472 2 0 542 77 565 1 64 484 138 604 2 0 446 283 479 1 433 486 481 519 2 0 593 113 616 1 336 494 409 575
United_States_005240.jpg,1 340 415 496 639 1 495 423 554 461 1 318 431 334 470 1 42 520 89 579
United_States_005241.jpg,2 335 496 489 520 2 54 443 204 465 3 298 416 418 639 1 301 411 363 638
United_States_005242.jpg,2 82 551 272 639
United_States_005243.jpg,1 140 428 190 526 1 72 479 138 590 2 177 477 226 490
United_States_005244.jpg,1 371 408 598 629 1 211 466 236 570
United_States_005245.jpg,2 153 384 405 419 2 171 435 474 486 2 81 431 479 490
United_States_005246.jpg,1 390 391 422 471 1 371 417 388 471
United_States_005247.jpg,1 143 455 167 506 1 495 582 562 640
United_States_005248.jpg,1 63 479 191 592 2 419 519 491 533 3 363 476 454 589 2 0 566 156 593
United_States_005249.jpg,1 399 503 461 640
United_States_005250.jpg,1 1 453 143 613 2 127 515 288 533 1 255 440 283 515
United_States_005251.jpg,1 290 390 368 490 1 30 552 86 604 3 125 385 219 634 3 132 391 218 578
United_States_005252.jpg,1 261 389 284 458 2 341 483 474 508 1 305 417 403 638 3 219 513 340 639
United_States_005253.jpg,1 388 395 486 489
United_States_005254.jpg,1 129 425 192 568
United_States_005255.jpg,1 250 472 272 538
United_States_005256.jpg,2 408 540 640 575 2 409 545 564 575 1 395 590 447 640
United_States_005257.jpg,2 284 501 514 529 1 0 418 125 508
United_States_005258.jpg,1 240 417 292 639 2 416 598 484 639 2 0 533 137 562 1 143 379 172 416 2 33 414 136 432
United_States_005259.jpg,1 430 407 640 613 1 251 395 266 440
United_States_005260.jpg,1 215 448 260 539 1 501 461 639 576 2 134 526 215 544 2 179 394 405 460
United_States_005261.jpg,1 0 515 94 618 1 439 422 494 466 1 55 448 131 492 1 264 450 405 520 1 160 492 217 591
United_States_005262.jpg,2 341 555 399 569 2 429 573 618 592
United_States_005263.jpg,1 114 405 171 491 2 425 586 591 621 1 0 487 54 560
United_States_005264.jpg,2 16 408 457 470 1 299 453 339 543
United_States_005265.jpg,3 418 527 559 637
United_States_005266.jpg,1 288 505 348 639 2 0 527 53 548
United_States_005267.jpg,2 77 464 362 515
United_States_005268.jpg,3 0 386 196 615 2 156 439 330 469 3 307 476 430 555 1 153 535 202 639 1 435 388 639 511 1 350 419 375 457
United_States_005269.jpg,2 0 467 153 487 1 149 386 195 473
United_States_005270.jpg,1 457 586 503 640
United_States_005271.jpg,3 0 408 359 638 1 368 413 553 629 1 461 419 638 534 2 446 405 552 426
United_States_005272.jpg,1 0 460 157 574
United_States_005273.jpg,2 263 455 619 497 2 79 428 381 459
United_States_005274.jpg,1 190 388 227 450
United_States_005275.jpg,2 379 506 556 550 1 413 397 632 535
United_States_005276.jpg,2 383 512 509 540
United_States_005277.jpg,2 47 573 177 614 3 228 360 577 608 3 130 371 200 446 3 244 373 640 569 2 43 501 433 620
United_States_005278.jpg,1 293 498 404 590 1 78 521 142 639 1 184 537 204 608 3 182 457 234 507 2 230 518 301 536 2 490 580 530 596 2 300 558 359 585
United_States_005279.jpg,1 515 498 631 627 2 315 587 418 622
United_States_005280.jpg,1 450 520 546 640 1 123 433 224 562
United_States_005281.jpg,1 83 444 168 638
United_States_005282.jpg,1 399 402 594 635
United_States_005283.jpg,
United_States_005284.jpg,1 69 469 157 637 2 425 438 546 457 1 0 477 66 558
United_States_005285.jpg,1 305 455 389 572 1 31 472 146 586 1 222 465 273 639
United_States_005286.jpg,1 265 543 293 640 1 254 410 288 538 1 246 399 290 634
United_States_005287.jpg,2 263 467 630 542 1 449 444 523 640 2 475 516 640 545
United_States_005288.jpg,1 302 413 379 639 1 339 534 381 640 2 188 460 306 479 1 47 425 225 622
United_States_005289.jpg,3 0 431 271 625 3 449 501 535 639
United_States_005290.jpg,1 447 464 536 540 1 199 385 225 489 1 349 420 397 478 2 441 454 571 473
United_States_005291.jpg,3 77 399 203 637 1 199 396 243 414 1 78 399 203 636
United_States_005292.jpg,2 29 477 236 541
United_States_005293.jpg,1 465 498 632 621 1 354 488 406 560
United_States_005294.jpg,3 169 426 326 552
United_States_005295.jpg,2 107 572 485 625 2 0 573 61 593 3 0 455 99 539 2 126 489 175 503
United_States_005296.jpg,2 482 421 596 439 1 259 425 294 540 2 188 553 320 574 1 433 383 491 419 2 534 458 640 477 3 348 412 440 560 1 421 568 471 640 1 548 478 640 542
United_States_005297.jpg,1 366 462 445 577
United_States_005298.jpg,1 252 537 298 640 1 256 511 301 639
United_States_005299.jpg,1 193 393 265 486 2 79 455 390 486 2 208 462 372 484
United_States_005300.jpg,1 269 575 301 639 1 269 575 316 640
United_States_005301.jpg,
United_States_005302.jpg,
United_States_005303.jpg,1 17 408 101 611 2 46 513 278 620 2 51 488 364 616 1 431 517 554 639
United_States_005304.jpg,1 191 470 245 639
United_States_005305.jpg,1 276 447 332 639
United_States_005306.jpg,1 449 398 639 497 3 317 400 462 556 1 446 397 554 450 3 0 447 143 603 3 169 423 265 562 1 0 444 148 599
United_States_005307.jpg,1 410 423 639 544 2 265 395 477 435 1 221 396 289 526 3 0 438 75 607
United_States_005308.jpg,2 0 464 219 492 1 213 388 241 549 1 220 375 239 466
United_States_005309.jpg,1 10 430 60 461 1 147 419 231 640 1 253 454 282 544 3 130 511 233 640
United_States_005310.jpg,1 476 382 588 517 1 477 470 572 620
United_States_005311.jpg,1 121 386 182 441 2 100 507 232 525 1 221 453 243 554 3 276 511 409 566 1 60 516 120 604
United_States_005312.jpg,3 211 428 326 555 1 59 579 104 639 1 0 407 124 513 3 0 415 183 634
United_States_005313.jpg,1 439 401 631 626 2 32 471 211 498 2 534 492 639 515 2 35 475 365 515 1 99 473 254 616
United_States_005314.jpg,1 383 470 417 548 2 397 444 638 462
United_States_005315.jpg,1 107 449 217 613 2 214 441 399 467 1 389 424 481 563
United_States_005316.jpg,1 0 428 150 561 1 400 471 524 640
United_States_005317.jpg,1 144 375 293 637 1 0 381 217 529 1 0 351 254 526 2 199 410 261 425
United_States_005318.jpg,1 133 483 218 640
United_States_005319.jpg,1 180 403 272 556
United_States_005320.jpg,1 353 437 415 553 2 424 521 605 547 1 128 461 230 639
United_States_005321.jpg,2 70 558 247 625 2 149 432 349 466 1 242 419 273 639
United_States_005322.jpg,2 128 491 492 538 2 0 502 121 540
United_States_005323.jpg,2 0 549 213 595 1 509 428 639 496 1 379 502 403 548 1 450 471 604 617 1 172 454 245 634 1 0 475 58 533 1 0 478 59 566
United_States_005324.jpg,1 200 433 267 562 1 388 442 533 637 2 207 406 384 432
United_States_005325.jpg,1 326 512 368 640 4 323 509 336 521
United_States_005326.jpg,1 389 383 501 441 1 315 435 362 532 1 507 454 639 549
United_States_005327.jpg,4 124 520 156 547
United_States_005328.jpg,2 282 499 538 556 1 265 403 306 549 1 130 573 163 640 2 286 459 502 505 2 0 549 210 581
United_States_005329.jpg,2 321 494 466 516 1 363 417 381 462 2 295 405 410 425 1 398 387 551 638
United_States_005330.jpg,3 345 475 465 640
United_States_005331.jpg,1 8 502 95 614 2 1 594 102 617 3 250 421 421 638 1 252 413 395 637 1 306 433 419 614 1 253 414 334 634
United_States_005332.jpg,1 315 425 396 575 1 395 513 466 597 1 105 431 172 535 4 173 549 238 579
United_States_005333.jpg,1 61 463 178 620
United_States_005334.jpg,2 305 411 572 444 1 65 381 209 466
United_States_005335.jpg,1 357 485 488 640 2 0 428 381 480 1 0 377 132 604 1 367 462 411 491 1 79 369 141 456
United_States_005336.jpg,1 354 417 592 639 1 466 447 611 527 2 0 554 125 579 1 284 371 302 408
United_States_005337.jpg,1 363 509 415 594 1 381 553 418 593
United_States_005338.jpg,1 85 387 150 519 3 181 398 342 640 2 344 553 413 592
United_States_005339.jpg,1 387 546 502 640 2 253 539 396 565
United_States_005340.jpg,1 0 528 64 598 1 87 414 128 539 1 529 463 639 619 2 325 506 453 542
United_States_005341.jpg,1 334 438 525 638
United_States_005342.jpg,1 181 470 206 550
United_States_005343.jpg,1 376 475 485 639 1 270 529 296 594
United_States_005344.jpg,2 1 451 230 489
United_States_005345.jpg,3 2 396 210 535 3 71 396 208 533
United_States_005346.jpg,1 232 405 244 434 1 142 437 163 480
United_States_005347.jpg,1 347 420 553 637 2 0 571 148 602 2 32 486 180 507 1 210 431 248 567 1 209 387 253 567
United_States_005348.jpg,2 63 431 407 560 2 52 562 205 615
United_States_005349.jpg,1 0 373 233 551
United_States_005350.jpg,1 150 419 220 571 2 347 434 454 453
United_States_005351.jpg,1 128 423 240 638
United_States_005352.jpg,1 205 400 245 498 1 410 439 466 481 1 420 516 517 640
United_States_005353.jpg,1 346 461 408 581 2 193 574 605 640
United_States_005354.jpg,2 2 423 340 499
United_States_005355.jpg,1 34 395 129 544
United_States_005356.jpg,1 225 475 262 639 1 236 403 250 438
United_States_005357.jpg,1 152 363 211 636 1 55 431 105 492 2 12 434 435 503 2 0 476 171 517 1 49 520 121 621 1 326 503 417 634 2 50 432 512 496
United_States_005358.jpg,1 41 444 130 608 2 273 445 403 477 2 0 512 91 533 1 18 444 52 466 2 568 586 630 608
United_States_005359.jpg,1 270 472 319 513 1 274 513 307 557 1 129 463 147 521
United_States_005360.jpg,1 247 517 306 578
United_States_005361.jpg,1 429 426 638 605 2 532 495 640 515 3 0 441 176 619 3 0 401 237 622
United_States_005362.jpg,2 327 517 482 573 2 583 601 640 624 1 607 457 634 492 2 331 518 397 550
United_States_005363.jpg,1 342 407 527 577 1 116 413 220 638 1 466 544 545 639 1 438 579 490 637 1 243 467 321 639 1 561 489 639 557
United_States_005364.jpg,1 20 430 119 624 2 23 422 291 482 2 113 420 342 474
United_States_005365.jpg,1 407 494 526 629
United_States_005366.jpg,1 85 588 148 639 1 214 524 256 639
United_States_005367.jpg,3 1 361 258 569
United_States_005368.jpg,1 78 435 161 639 1 270 473 290 520 2 166 451 365 489
United_States_005369.jpg,1 411 461 576 610
United_States_005370.jpg,1 322 514 375 612 1 386 461 637 618
United_States_005371.jpg,1 176 513 225 552 1 307 454 340 528 1 0 442 121 548 1 317 407 441 479 2 208 456 276 479 1 267 507 346 544
United_States_005372.jpg,1 207 500 227 529 1 289 525 334 639 1 138 576 193 640
United_States_005373.jpg,1 158 382 187 469
United_States_005374.jpg,1 397 442 590 634 1 56 419 195 634 2 340 489 443 511
United_States_005375.jpg,3 9 396 355 639
United_States_005376.jpg,1 0 455 88 545 1 43 513 113 587 1 218 465 257 638
United_States_005377.jpg,1 317 399 549 639
United_States_005378.jpg,1 268 393 315 455 1 342 484 429 581 2 419 535 524 586 1 242 472 263 516 2 0 508 322 561 1 239 456 262 514
United_States_005379.jpg,1 321 440 493 640 1 235 423 277 556 1 100 462 151 551
United_States_005380.jpg,2 482 547 634 608 2 411 540 510 600
United_States_005381.jpg,3 328 405 534 637 2 409 470 573 491
United_States_005382.jpg,1 438 593 497 640 1 297 561 341 639
United_States_005383.jpg,1 78 525 128 554 1 331 455 351 511
United_States_005384.jpg,1 91 384 170 479 2 343 513 428 536 2 0 509 185 597
United_States_005385.jpg,1 156 435 222 560 2 99 406 235 427
United_States_005386.jpg,1 180 513 195 555 1 324 524 383 609 1 256 521 305 639 2 155 550 265 570 1 383 521 435 559 2 189 551 265 570 1 257 519 327 640
United_States_005387.jpg,1 272 519 300 639 2 531 519 639 544 2 101 505 268 532
United_States_005388.jpg,1 174 453 210 574 1 411 456 582 600 1 379 558 423 640
United_States_005389.jpg,1 0 397 169 617 1 0 383 132 494
United_States_005390.jpg,1 16 458 80 523 2 259 492 315 506
United_States_005391.jpg,1 372 471 537 625 1 0 385 174 619
United_States_005392.jpg,1 119 495 206 639 2 176 413 390 431 1 170 440 199 483
United_States_005393.jpg,1 262 375 299 451 2 161 469 274 486 2 121 468 276 487
United_States_005394.jpg,1 285 468 321 550 2 240 443 287 457 1 156 485 197 582 1 154 372 199 493 2 310 506 388 550 2 226 442 288 457 1 152 373 200 583
United_States_005395.jpg,2 185 496 523 566 1 394 394 421 462 1 461 474 564 587 2 527 522 640 546 2 231 463 331 481
United_States_005396.jpg,3 0 473 231 621
United_States_005397.jpg,1 316 444 392 638
United_States_005398.jpg,1 301 409 422 640 1 367 559 418 640 1 367 557 437 639
United_States_005399.jpg,2 59 431 447 450 2 55 432 163 446 1 124 475 151 520 2 496 441 636 460 1 608 452 639 497 1 68 553 157 638 2 249 433 442 451
United_States_005400.jpg,1 26 409 183 619 1 2 487 92 624 1 113 446 141 490
United_States_005401.jpg,3 554 555 605 626
United_States_005402.jpg,2 131 548 381 639 3 26 491 119 619
United_States_005403.jpg,2 485 585 639 626 1 377 583 411 640 2 511 588 640 621
United_States_005404.jpg,1 106 449 130 505 1 130 400 148 440
United_States_005405.jpg,2 0 561 197 588 2 399 570 517 596
United_States_005406.jpg,2 72 431 487 529 2 320 435 486 490 2 77 500 254 536
United_States_005407.jpg,1 248 405 364 637 1 342 424 521 577 3 437 531 546 639 1 343 424 551 632
United_States_005408.jpg,2 57 555 266 627 2 0 487 138 509 1 0 395 112 492
United_States_005409.jpg,1 298 444 383 639 1 322 391 416 492 1 147 376 239 626 3 162 378 238 558
United_States_005410.jpg,2 0 505 207 550
United_States_005411.jpg,1 41 560 77 620 3 88 465 235 638
United_States_005412.jpg,1 304 519 374 639
United_States_005413.jpg,1 63 523 123 639 1 177 500 211 586 2 185 602 339 640
United_States_005414.jpg,1 54 449 165 615 1 425 474 464 542 1 297 487 321 532 1 342 429 400 486
United_States_005415.jpg,2 290 586 451 621
United_States_005416.jpg,1 322 488 335 513 2 218 588 331 609
United_States_005417.jpg,2 159 490 378 530 2 28 484 225 520
United_States_005418.jpg,1 225 404 252 503
United_States_005419.jpg,2 0 477 119 500 1 98 427 224 639 3 331 420 586 639 1 249 437 287 637 2 0 526 168 567 1 333 422 595 639 2 381 533 507 561
United_States_005420.jpg,1 117 439 204 567 1 358 411 432 522 1 0 388 140 475 1 216 379 277 549 1 113 559 163 640 2 177 471 233 482
United_States_005421.jpg,2 360 618 541 639
United_States_005422.jpg,3 270 425 489 639 1 84 437 152 599
United_States_005423.jpg,1 360 505 407 585
United_States_005424.jpg,2 257 587 386 631
United_States_005425.jpg,1 383 572 419 639 1 383 572 441 639
United_States_005426.jpg,1 10 440 168 621 1 211 398 238 462 1 295 420 310 458 2 514 593 575 639 1 514 593 575 639 4 391 432 423 451
United_States_005427.jpg,3 79 457 196 590 2 248 424 314 436 2 92 419 310 438
United_States_005428.jpg,3 2 408 295 564
United_States_005429.jpg,1 209 387 241 464 2 0 490 288 522 1 269 382 319 639 1 285 504 322 640
United_States_005430.jpg,2 45 490 466 584 2 0 527 408 588 2 439 496 621 522 2 0 506 443 586
United_States_005431.jpg,3 76 443 260 639 1 381 505 447 639 1 0 397 158 482 2 158 490 261 523
United_States_005432.jpg,3 31 416 444 639
United_States_005433.jpg,1 50 462 124 618 1 245 455 292 525
United_States_005434.jpg,1 459 428 537 501 1 528 423 638 477
United_States_005435.jpg,1 346 431 379 475 1 311 400 331 434 1 122 513 148 596
United_States_005436.jpg,1 12 403 165 624 1 465 452 635 553 1 213 419 241 639 1 211 379 235 636
United_States_005437.jpg,3 115 494 266 639 1 117 583 157 639 1 360 537 396 640
United_States_005438.jpg,3 13 433 191 634 1 233 405 292 639 1 340 436 376 470 1 162 378 186 409
United_States_005439.jpg,1 502 444 639 547 1 453 525 494 579 2 0 491 97 519
United_States_005440.jpg,2 333 470 557 508 2 371 471 551 497
United_States_005441.jpg,1 314 411 350 475
United_States_005442.jpg,
United_States_005443.jpg,1 478 484 617 625 1 431 367 613 471 1 363 475 391 565 2 479 468 612 488
United_States_005444.jpg,2 0 486 121 512 1 302 430 497 638
United_States_005445.jpg,1 271 480 330 639 3 356 501 618 640
United_States_005446.jpg,1 296 397 414 566 2 231 453 352 488 1 188 416 219 533 2 412 542 595 578 1 273 490 324 640 2 550 570 639 595 1 0 499 52 551 2 310 563 408 601 2 1 438 146 467 2 2 427 267 465 2 300 562 410 611 1 0 501 52 574
United_States_005447.jpg,1 555 506 639 616 1 451 384 632 473 2 325 500 450 533 2 477 556 609 575 1 301 394 314 430 3 306 460 391 550
United_States_005448.jpg,1 453 551 594 640 1 268 506 294 550 1 323 534 433 640
United_States_005449.jpg,2 423 509 609 561
United_States_005450.jpg,1 213 482 294 640
United_States_005451.jpg,1 193 381 236 540
United_States_005452.jpg,1 386 506 514 639 1 252 412 281 457 2 30 453 290 512 1 334 397 605 570 2 195 454 280 477 3 290 411 536 640
United_States_005453.jpg,1 349 482 467 639 1 229 457 262 550
United_States_005454.jpg,1 264 536 298 640 1 24 445 92 506 2 124 476 595 528 2 9 477 480 523 2 0 485 432 526 1 350 430 384 485
United_States_005455.jpg,1 161 430 245 639 1 284 411 342 535 3 423 442 639 635 3 253 391 640 640
United_States_005456.jpg,2 285 445 432 468
United_States_005457.jpg,2 140 491 479 554 2 320 522 471 551 1 329 562 356 640
United_States_005458.jpg,1 301 415 398 639
United_States_005459.jpg,1 377 418 546 521
United_States_005460.jpg,1 350 462 405 639 2 11 448 226 467 3 95 434 262 618 3 113 426 263 576
United_States_005461.jpg,1 0 438 123 529
United_States_005462.jpg,1 51 489 143 625 1 324 541 378 640
United_States_005463.jpg,2 2 440 212 484
United_States_005464.jpg,1 463 518 592 623 1 281 458 313 542
United_States_005465.jpg,2 430 439 638 461
United_States_005466.jpg,4 100 440 152 468 3 183 550 299 640 4 77 482 113 503
United_States_005467.jpg,2 298 395 442 417 1 299 431 359 639
United_States_005468.jpg,1 12 413 125 535 2 232 577 362 640 2 0 530 75 571
United_States_005469.jpg,1 210 440 241 561 1 370 394 636 499 1 228 384 262 447 1 345 371 565 482 1 294 527 361 639 2 13 546 240 612 1 123 375 182 469
United_States_005470.jpg,1 62 390 207 636 2 150 471 311 512
United_States_005471.jpg,1 460 458 514 524 3 336 389 427 460 1 96 385 261 637 1 485 527 518 614
United_States_005472.jpg,1 125 484 155 582
United_States_005473.jpg,
United_States_005474.jpg,1 29 423 158 547
United_States_005475.jpg,1 0 538 56 620
United_States_005476.jpg,1 162 548 193 640 1 325 481 388 638 2 57 467 260 519 1 324 480 376 588
United_States_005477.jpg,1 12 395 88 616
United_States_005478.jpg,1 185 383 253 461 1 313 414 329 438
United_States_005479.jpg,2 0 445 363 481 2 443 467 603 488
United_States_005480.jpg,1 370 442 587 628 1 368 443 444 497
United_States_005481.jpg,2 293 587 389 621 1 252 579 276 640 1 72 535 150 639
United_States_005482.jpg,1 98 429 183 576 2 0 511 94 532
United_States_005483.jpg,1 387 401 533 635 2 432 448 524 464 2 246 481 349 503 2 282 412 387 430 1 461 526 542 639 2 337 444 498 467
United_States_005484.jpg,1 438 454 486 547 1 432 448 576 621 4 426 396 451 410
United_States_005485.jpg,1 304 458 376 602 2 1 519 301 569 2 180 520 299 551
United_States_005486.jpg,1 276 541 343 639 1 198 375 216 463 1 132 472 165 545 2 336 491 486 552
United_States_005487.jpg,1 327 421 497 637 2 482 542 639 615 1 66 529 131 637 1 167 429 239 639 2 270 520 396 547
United_States_005488.jpg,1 328 382 390 465 2 511 461 639 485 2 8 491 146 511 1 327 570 399 640 1 349 455 381 539 2 500 564 633 605 1 395 387 634 577
United_States_005489.jpg,1 267 400 431 639 2 324 464 449 493
United_States_005490.jpg,2 511 520 639 638 1 511 518 639 640
United_States_005491.jpg,1 121 389 253 523 2 0 566 139 596 2 489 547 607 569
United_States_005492.jpg,1 451 438 509 478 1 277 434 310 497 1 345 470 468 637 3 60 454 196 630 2 494 449 638 487 2 101 526 369 584
United_States_005493.jpg,3 166 511 323 639 1 381 562 438 639
United_States_005494.jpg,1 371 406 495 529 1 188 407 252 640 2 419 527 496 557 1 582 478 639 546 2 362 525 502 565
United_States_005495.jpg,3 0 361 386 626 1 407 414 606 620
United_States_005496.jpg,1 324 418 462 637 1 70 460 142 572
United_States_005497.jpg,2 464 476 562 498 1 461 423 529 467 2 125 469 265 494 1 559 437 639 496
United_States_005498.jpg,1 239 386 265 440
United_States_005499.jpg,1 52 478 76 510 1 102 502 127 571 1 110 408 141 472 1 109 409 141 452
United_States_005500.jpg,1 18 527 143 622
United_States_005501.jpg,1 371 388 600 639 1 314 379 420 639 1 139 424 238 638 2 488 466 640 492 1 350 469 419 639 1 314 388 348 464 1 269 444 293 519
United_States_005502.jpg,1 154 437 207 543 1 240 509 369 639 1 241 508 265 547 1 153 430 248 612
United_States_005503.jpg,2 557 510 624 528 1 329 429 373 486 1 301 481 335 517 2 441 495 582 525
United_States_005504.jpg,1 353 482 372 533
United_States_005505.jpg,1 493 504 636 626 1 355 490 448 639
United_States_005506.jpg,3 16 427 135 621 1 290 434 463 640 1 290 433 373 522
United_States_005507.jpg,1 371 479 597 634 1 184 582 209 640 1 326 580 365 639 1 169 582 209 640
United_States_005508.jpg,2 145 454 376 480
United_States_005509.jpg,2 106 496 306 540
United_States_005510.jpg,2 0 506 122 529 1 164 440 204 482 1 498 457 638 564 1 443 412 634 561
United_States_005511.jpg,1 355 499 392 594 2 485 532 539 548
United_States_005512.jpg,1 325 367 348 418 1 575 473 640 547 3 231 391 313 640 2 581 544 639 570
United_States_005513.jpg,1 63 439 188 617 1 391 465 513 637 2 264 523 472 553 2 254 517 513 553 1 148 396 176 440 3 226 403 385 464 2 158 575 271 634
United_States_005514.jpg,1 112 472 204 592
United_States_005515.jpg,1 379 485 459 608 1 207 435 233 524 1 78 399 131 431 2 30 508 290 536 2 35 509 219 531
United_States_005516.jpg,1 195 465 260 640 1 193 516 248 640
United_States_005517.jpg,1 206 400 230 450 1 63 487 132 626 2 203 425 361 481 1 365 496 483 637
United_States_005518.jpg,1 240 534 263 640
United_States_005519.jpg,1 378 504 451 640 3 377 504 446 640
United_States_005520.jpg,2 113 427 403 457 1 0 522 39 607 1 0 437 43 521 1 0 522 40 573 1 0 438 43 492
United_States_005521.jpg,1 31 525 83 638 1 127 435 152 510 3 374 418 640 612 2 0 497 240 532 2 449 547 518 626 1 449 547 518 626
United_States_005522.jpg,1 242 409 267 540 1 123 468 186 562 1 124 496 165 564 1 236 411 263 639 1 124 501 151 563
United_States_005523.jpg,1 330 409 462 554 1 334 414 553 637
United_States_005524.jpg,2 366 449 593 502 1 0 441 78 519 2 282 432 348 445
United_States_005525.jpg,1 184 384 268 550 1 505 520 543 564
United_States_005526.jpg,1 189 432 255 544 2 374 526 501 553 1 35 377 165 439 1 539 590 582 639 4 318 421 339 439 1 481 551 508 598 1 0 456 78 524 1 312 390 363 541 1 0 377 168 474 1 324 450 362 548 1 0 375 165 530
United_States_005527.jpg,2 115 480 296 504 2 490 517 639 553 2 188 440 299 456 1 492 547 569 638 2 435 435 631 463 1 290 444 311 557
United_States_005528.jpg,1 26 518 95 606 1 219 477 242 543
United_States_005529.jpg,1 130 481 263 639 2 244 535 386 557
United_States_005530.jpg,2 455 489 556 514
United_States_005531.jpg,
United_States_005532.jpg,1 221 480 292 639
United_States_005533.jpg,1 0 435 110 516
United_States_005534.jpg,1 353 419 561 639 1 477 502 546 565 1 360 374 434 417 1 307 501 352 552 1 162 435 201 521 1 307 470 352 552 2 0 558 82 577
United_States_005535.jpg,2 357 542 476 598 1 64 409 145 638 1 121 411 145 506 1 355 543 475 600
United_States_005536.jpg,1 281 407 508 639 2 431 497 609 553
United_States_005537.jpg,2 0 537 200 560 2 81 529 298 592 2 151 482 230 503
United_States_005538.jpg,2 167 495 551 533 1 402 511 519 638 1 338 564 368 640
United_States_005539.jpg,1 121 408 234 628 1 138 597 173 639 2 0 587 89 617
United_States_005540.jpg,2 348 446 458 462 1 278 459 315 622 2 114 445 292 467 2 115 443 428 469
United_States_005541.jpg,2 244 479 432 519 3 474 543 608 633 1 149 399 288 640
United_States_005542.jpg,1 316 509 357 640 2 350 619 451 639 1 214 484 280 639 1 0 506 109 593 1 87 508 202 625 1 317 509 374 640
United_States_005543.jpg,2 0 461 172 499 2 50 415 453 434 2 573 602 640 626 2 319 505 515 572 1 159 372 230 547 2 166 500 519 572 1 340 366 388 403 2 367 505 516 540 1 92 371 241 634 2 36 420 180 438
United_States_005544.jpg,1 136 439 176 586
United_States_005545.jpg,1 198 434 232 550 2 132 550 223 587
United_States_005546.jpg,2 79 442 201 463 3 49 382 374 555 2 0 503 185 532 2 120 428 200 441
United_States_005547.jpg,1 367 427 456 578 2 138 464 347 490 2 451 518 577 538 1 260 470 286 555
United_States_005548.jpg,2 84 435 231 455 1 225 390 250 549 1 226 393 269 638 1 226 390 254 631
United_States_005549.jpg,1 17 398 215 623
United_States_005550.jpg,1 225 378 283 553
United_States_005551.jpg,1 241 496 279 639 1 45 509 142 590
United_States_005552.jpg,1 117 431 163 550
United_States_005553.jpg,
United_States_005554.jpg,2 144 452 251 469 2 59 565 204 588 2 296 460 542 525 2 371 460 537 507 1 249 445 299 547 2 294 455 540 553
United_States_005555.jpg,2 367 533 428 567 1 89 436 137 567
United_States_005556.jpg,2 290 468 517 550 1 201 390 243 551 2 0 585 105 618
United_States_005557.jpg,1 309 437 420 639 2 110 457 319 482 1 503 456 638 528
United_States_005558.jpg,1 143 406 167 492 2 2 472 239 515 1 115 509 142 590 2 233 420 365 442 2 269 476 483 508 1 375 475 473 592 1 374 483 450 591
United_States_005559.jpg,1 202 413 324 552 1 82 410 108 468 2 153 560 310 619
United_States_005560.jpg,1 105 438 158 571
United_States_005561.jpg,3 189 397 399 543 2 0 523 87 548
United_States_005562.jpg,3 181 404 311 568 2 312 461 419 481 1 393 429 467 636 2 0 550 182 578
United_States_005563.jpg,2 504 579 640 606 2 232 508 410 536 3 144 457 256 545 1 474 567 523 639
United_States_005564.jpg,1 343 412 565 635 1 165 440 221 639
United_States_005565.jpg,2 399 536 640 584 2 0 521 23 541
United_States_005566.jpg,2 320 445 409 462 1 384 401 560 616 1 385 399 522 557 2 56 467 215 490 2 53 466 282 496 2 0 484 29 499 2 401 532 490 550 3 390 393 578 623
United_States_005567.jpg,3 330 417 638 639
United_States_005568.jpg,1 44 422 161 628 2 158 434 276 453 2 186 434 275 450
United_States_005569.jpg,1 229 379 255 481 1 494 489 579 554 1 479 464 578 554
United_States_005570.jpg,1 74 425 152 583 1 222 428 261 543 1 229 461 260 544
United_States_005571.jpg,1 507 532 586 634 3 267 416 400 639 3 306 410 380 489 3 268 470 383 639
United_States_005572.jpg,2 423 522 639 574 2 428 526 528 572 1 397 409 474 487
United_States_005573.jpg,3 0 394 150 620 2 377 501 535 566 3 179 474 322 551 2 378 471 432 493 3 0 419 330 578
United_States_005574.jpg,1 203 412 239 454 1 248 460 294 640
United_States_005575.jpg,1 0 432 178 612 1 245 362 297 491 2 395 497 604 521 2 166 491 273 510 2 115 482 275 511
United_States_005576.jpg,3 496 521 638 625
United_States_005577.jpg,3 341 444 434 639 1 348 452 437 639
United_States_005578.jpg,2 0 400 271 441 1 112 369 171 640 1 140 385 172 559 2 0 410 173 441
United_States_005579.jpg,2 256 552 524 640 1 16 523 95 621
United_States_005580.jpg,2 93 439 163 454 1 13 511 119 615 3 177 413 227 619 1 178 412 226 615
United_States_005581.jpg,1 358 507 417 615 1 395 561 417 616 1 257 494 274 536 1 189 545 241 639 1 357 504 387 568
United_States_005582.jpg,1 58 461 194 628 1 78 462 193 587
United_States_005583.jpg,2 152 465 398 501
United_States_005584.jpg,1 87 552 163 639 1 287 504 334 639
United_States_005585.jpg,1 270 430 339 640 1 544 575 598 625
United_States_005586.jpg,1 404 532 565 639 1 248 556 288 640 1 542 517 640 566 1 248 557 307 639 1 367 610 410 639 1 326 573 426 640
United_States_005587.jpg,2 93 526 188 559 1 187 427 269 638 1 361 454 440 636 1 359 454 473 639
United_States_005588.jpg,3 322 428 491 639
United_States_005589.jpg,1 304 468 359 575
United_States_005590.jpg,1 239 398 268 639
United_States_005591.jpg,
United_States_005592.jpg,1 273 419 350 539
United_States_005593.jpg,3 260 414 447 636 1 119 477 165 591 3 121 411 198 587 3 263 413 390 636 1 89 415 190 638 1 263 419 446 631 1 117 411 198 592 1 267 415 379 637
United_States_005594.jpg,1 77 417 142 496 1 21 548 106 621 1 253 487 294 559
United_States_005595.jpg,1 510 508 603 576
United_States_005596.jpg,2 82 601 513 640
United_States_005597.jpg,2 293 399 369 415 2 3 446 327 492 1 495 512 599 619 1 473 562 515 610 1 364 389 423 478 2 392 457 583 485
United_States_005598.jpg,1 220 543 258 640 2 1 527 226 578
United_States_005599.jpg,2 43 552 367 619 1 172 453 217 569 2 0 520 155 551
United_States_005600.jpg,1 277 387 480 580 2 0 562 110 594 1 200 388 218 430 3 526 553 639 608
United_States_005601.jpg,1 329 502 345 552 1 183 595 222 639 1 383 482 397 503
United_States_005602.jpg,3 231 389 478 638
United_States_005603.jpg,1 501 369 569 434
United_States_005604.jpg,1 140 489 207 629
United_States_005605.jpg,1 80 480 132 587 1 433 488 565 631 1 1 451 56 493 1 80 500 125 590
United_States_005606.jpg,3 0 421 181 617 3 263 448 349 542 4 41 417 69 432 2 316 463 420 485 2 144 453 198 468
United_States_005607.jpg,
United_States_005608.jpg,2 0 458 178 495 3 60 383 487 616 4 15 549 59 589 3 170 565 388 639
United_States_005609.jpg,2 202 446 302 463
United_States_005610.jpg,1 5 390 132 471 1 135 379 198 437 1 289 428 313 505 1 126 400 222 632 1 304 553 336 639 2 11 458 199 485
United_States_005611.jpg,1 57 450 108 497 1 102 390 233 639 1 350 492 387 557 1 0 454 48 489 1 311 460 393 554
United_States_005612.jpg,1 42 517 88 608
United_States_005613.jpg,1 4 548 50 611
United_States_005614.jpg,1 10 484 178 616
United_States_005615.jpg,1 239 530 284 640 1 392 560 435 639 1 393 562 459 639
United_States_005616.jpg,1 107 460 133 572 2 33 451 126 468 1 0 567 27 614 1 33 425 74 467
United_States_005617.jpg,1 350 547 405 640 2 567 541 639 567 1 289 409 391 546 2 6 469 441 523 2 382 518 603 554
United_States_005618.jpg,1 205 522 251 640 1 40 516 109 618
United_States_005619.jpg,1 305 401 337 451
United_States_005620.jpg,2 90 587 172 639
United_States_005621.jpg,1 223 509 254 640 1 368 584 400 640
United_States_005622.jpg,1 151 468 246 638
United_States_005623.jpg,2 226 477 618 513 2 158 461 576 509 2 44 538 151 611
United_States_005624.jpg,1 61 495 154 628 1 1 425 118 514
United_States_005625.jpg,2 78 537 309 567
United_States_005626.jpg,2 421 482 542 578 1 551 438 640 498 2 437 439 494 462 1 387 372 538 443 2 139 557 359 640 1 388 373 636 491 2 539 499 575 524
United_States_005627.jpg,1 331 474 356 553
United_States_005628.jpg,1 119 496 180 639
United_States_005629.jpg,2 106 514 276 538 2 419 535 640 566 1 312 449 338 554
United_States_005630.jpg,1 150 401 185 474 2 179 500 253 520 3 16 471 173 625 1 242 496 262 586 1 194 450 208 481
United_States_005631.jpg,1 82 495 186 628 2 394 493 554 600 2 156 597 241 619 1 393 493 552 600
United_States_005632.jpg,3 263 374 433 447
United_States_005633.jpg,1 238 524 296 640
United_States_005634.jpg,2 126 531 332 592 1 198 421 226 550 2 140 528 328 639
United_States_005635.jpg,2 390 440 639 469
United_States_005636.jpg,1 242 405 304 639 2 248 392 502 413
United_States_005637.jpg,1 152 455 197 639 1 438 516 584 638 3 286 438 463 582 1 434 487 468 520 1 598 478 639 525 1 599 478 640 552 1 410 549 427 587
United_States_005638.jpg,2 5 460 212 482
United_States_005639.jpg,1 327 401 544 635 1 165 413 230 557
United_States_005640.jpg,2 55 438 391 496
United_States_005641.jpg,3 52 384 510 638 3 221 421 554 640 2 127 461 215 477
United_States_005642.jpg,3 109 389 579 639 3 96 382 404 637
United_States_005643.jpg,1 108 470 224 637
United_States_005644.jpg,1 111 396 339 610 2 384 596 574 635
United_States_005645.jpg,1 83 452 107 497 1 56 414 79 448 1 5 527 83 616 2 5 521 65 540 3 2 519 88 618
United_States_005646.jpg,1 210 490 235 556 2 470 597 608 620 2 324 618 387 638 1 287 486 342 639
United_States_005647.jpg,1 399 514 463 633 2 335 461 448 476 1 110 493 164 550
United_States_005648.jpg,
United_States_005649.jpg,1 191 533 245 639 2 231 537 392 557
United_States_005650.jpg,2 18 427 260 447 1 1 466 129 623 2 173 571 337 613
United_States_005651.jpg,2 172 427 431 451 1 304 388 337 491 1 302 386 335 535
United_States_005652.jpg,2 377 543 588 570
United_States_005653.jpg,1 206 361 317 634 1 90 440 139 584 2 0 414 289 469 2 45 394 397 456 2 502 519 639 585 1 0 403 94 547 3 54 372 324 583 1 401 391 611 514
United_States_005654.jpg,1 191 373 263 482 2 271 441 426 488 2 10 443 438 540 2 0 459 382 548 2 0 481 275 545
United_States_005655.jpg,1 3 523 93 618 1 444 401 640 515 1 402 412 525 511 3 95 390 464 640 3 106 414 285 637 3 323 396 374 503 3 372 526 436 556
United_States_005656.jpg,1 290 413 423 640 1 58 475 175 603 2 332 469 511 495 2 200 467 516 506
United_States_005657.jpg,1 303 364 335 445 1 248 433 304 640 1 325 105 391 226 1 307 381 334 446 1 253 436 293 539
United_States_005658.jpg,1 247 552 285 636
United_States_005659.jpg,1 379 501 509 638
United_States_005660.jpg,1 125 474 214 640 1 271 474 293 518 1 269 476 341 528
United_States_005661.jpg,1 85 430 142 598 1 225 416 305 545
United_States_005662.jpg,1 35 478 158 608 1 92 390 191 450 3 126 380 538 637 3 190 377 627 639 1 236 399 294 637
United_States_005663.jpg,2 19 461 277 497 1 93 484 119 516
United_States_005664.jpg,1 277 440 343 548 1 186 395 208 451 2 338 470 545 497
United_States_005665.jpg,1 429 480 622 619
United_States_005666.jpg,1 365 377 637 556 3 123 396 389 638 3 398 454 592 639
United_States_005667.jpg,2 1 482 283 553 2 2 485 207 554
United_States_005668.jpg,1 22 408 206 480
United_States_005669.jpg,1 356 377 395 415
United_States_005670.jpg,1 48 451 120 619
United_States_005671.jpg,1 79 532 108 577 1 131 391 211 544
United_States_005672.jpg,2 311 469 425 507 1 315 501 333 548
United_States_005673.jpg,2 0 486 331 549 2 0 517 173 558 1 147 429 199 597 1 158 431 204 513
United_States_005674.jpg,1 289 431 357 510 1 474 487 640 598 2 260 481 444 547 1 219 467 250 541 1 217 438 273 540 2 0 527 83 547
United_States_005675.jpg,1 0 512 108 594 1 59 564 144 639
United_States_005676.jpg,3 325 444 628 569 3 354 440 568 568
United_States_005677.jpg,1 474 522 588 634 2 404 610 541 633 1 356 523 418 639
United_States_005678.jpg,1 61 473 131 637 1 510 567 585 638 1 467 529 496 573
United_States_005679.jpg,1 417 410 640 598 3 0 420 278 628 1 342 406 457 553 2 477 430 628 459 2 478 434 597 458 1 338 405 540 639
United_States_005680.jpg,2 78 447 469 504
United_States_005681.jpg,1 182 388 244 572
United_States_005682.jpg,1 265 402 285 455
United_States_005683.jpg,1 490 446 570 494 2 147 483 514 561 1 215 398 258 547 2 43 484 516 571 1 220 422 252 543
United_States_005684.jpg,2 78 541 159 560 1 156 514 187 555
United_States_005685.jpg,1 335 366 354 394 1 299 481 339 640 1 294 433 313 475
United_States_005686.jpg,1 180 424 238 562 2 353 526 414 542 1 330 565 367 640 2 464 573 618 602 1 304 423 343 539 1 323 467 341 539
United_States_005687.jpg,1 284 395 346 505
United_States_005688.jpg,1 329 454 418 557 2 144 527 326 561 1 1 492 88 596 1 118 422 168 470 2 22 565 96 582
United_States_005689.jpg,1 225 438 264 533 1 309 411 525 638
United_States_005690.jpg,
United_States_005691.jpg,1 215 417 377 639 2 294 450 411 478
United_States_005692.jpg,1 53 513 129 615
United_States_005693.jpg,1 92 437 214 636
United_States_005694.jpg,1 477 465 639 565 2 220 468 470 561
United_States_005695.jpg,3 361 404 610 638 3 2 440 291 639 3 92 360 278 446 3 34 360 278 455
United_States_005696.jpg,2 173 536 593 609 2 9 506 192 533 1 190 476 242 590
United_States_005697.jpg,2 234 472 429 520
United_States_005698.jpg,1 367 543 447 639 1 367 444 541 637
United_States_005699.jpg,3 215 396 487 638
United_States_005700.jpg,1 188 451 221 553 2 59 498 424 576 2 165 504 425 571 2 172 537 327 573
United_States_005701.jpg,1 464 523 588 635 1 374 447 436 507
United_States_005702.jpg,1 0 433 125 597 1 418 453 605 639 1 419 453 601 581 2 369 562 547 632 2 369 554 608 634
United_States_005703.jpg,1 215 455 235 529 1 258 429 286 556 1 330 438 422 576 2 473 451 569 473 1 228 401 244 438 2 115 525 264 546 1 583 415 640 467 1 261 430 279 486 1 583 416 640 449
United_States_005704.jpg,1 237 469 303 639 1 379 562 420 639 1 327 491 345 545
United_States_005705.jpg,1 224 448 296 517
United_States_005706.jpg,1 289 440 464 639 1 568 567 639 623
United_States_005707.jpg,1 15 538 80 616 2 328 505 470 552
United_States_005708.jpg,1 148 388 204 477 1 0 448 102 546
United_States_005709.jpg,1 333 521 386 624 1 75 569 148 639 2 379 605 464 626
United_States_005710.jpg,1 408 448 510 638 1 200 569 254 628 1 301 434 332 525 2 335 455 410 469 1 290 434 331 531
United_States_005711.jpg,2 116 517 345 553
United_States_005712.jpg,3 331 470 447 640 3 323 546 457 639
United_States_005713.jpg,1 203 527 248 639 2 234 579 370 599 3 407 591 486 639
United_States_005714.jpg,1 167 504 206 608
United_States_005715.jpg,1 3 499 152 616
United_States_005716.jpg,1 398 390 639 616 1 460 402 523 442 1 334 416 380 543 1 334 417 397 638
United_States_005717.jpg,1 181 549 257 640 1 153 479 246 639
United_States_005718.jpg,1 151 458 285 638 2 317 582 472 627 1 376 410 538 632 2 432 483 640 513 1 331 420 349 462 1 235 386 288 459
United_States_005719.jpg,1 435 443 637 624
United_States_005720.jpg,3 269 392 488 634 3 2 393 258 640 3 0 397 106 498
United_States_005721.jpg,1 359 543 417 640
United_States_005722.jpg,1 110 468 156 640
United_States_005723.jpg,
United_States_005724.jpg,1 137 503 256 639 1 0 522 107 614 1 283 480 308 545 1 405 568 465 639 1 345 522 379 578
United_States_005725.jpg,1 326 370 347 431 2 71 461 214 481 2 480 473 638 504 1 209 421 313 638
United_States_005726.jpg,1 294 371 323 458 1 186 468 232 535 2 11 511 191 542 1 213 369 251 439
United_States_005727.jpg,1 66 507 136 600 2 0 470 93 491 2 120 396 411 420
United_States_005728.jpg,3 0 385 447 594 3 27 391 499 557 3 109 405 530 638
United_States_005729.jpg,1 426 501 597 622 2 298 501 431 544 1 141 378 173 483 1 111 377 183 631 1 111 457 186 631
United_States_005730.jpg,1 0 409 137 595
United_States_005731.jpg,1 8 476 200 618 4 403 532 427 546
United_States_005732.jpg,2 262 545 463 622 1 208 409 234 639 1 435 509 540 614 1 434 508 504 575
United_States_005733.jpg,1 429 559 489 632 1 250 531 307 640
United_States_005734.jpg,2 128 444 442 485 2 363 447 438 463
United_States_005735.jpg,1 445 475 560 617
United_States_005736.jpg,2 0 471 227 505 1 171 449 219 471 2 220 429 373 456
United_States_005737.jpg,2 79 507 214 537 2 344 450 429 477
United_States_005738.jpg,1 0 423 164 581 1 259 439 289 542 1 249 431 296 640 1 206 413 223 441
United_States_005739.jpg,2 118 477 288 524 1 222 417 409 618 2 0 475 292 524 2 0 487 81 514
United_States_005740.jpg,2 0 534 197 566 2 240 504 521 562 1 194 415 225 633
United_States_005741.jpg,3 44 379 518 638 3 172 387 640 639 2 0 449 82 468
United_States_005742.jpg,1 192 410 256 550 1 463 480 610 624
United_States_005743.jpg,1 96 405 171 520
United_States_005744.jpg,1 0 363 130 478 1 241 426 277 640
United_States_005745.jpg,1 313 440 461 639 1 174 429 215 503 1 184 555 227 640
United_States_005746.jpg,1 608 449 640 505
United_States_005747.jpg,3 168 375 507 637
United_States_005748.jpg,2 71 485 225 507
United_States_005749.jpg,2 176 434 314 467 1 553 460 640 616
United_States_005750.jpg,1 177 394 218 546 2 11 506 341 568 2 19 538 170 565
United_States_005751.jpg,3 0 393 389 640
United_States_005752.jpg,1 341 392 371 453 2 0 446 432 541 1 532 501 639 560
United_States_005753.jpg,1 178 343 206 396 2 273 483 433 531 1 248 479 320 636 1 165 411 178 435 1 0 383 128 528 2 0 449 34 466
United_States_005754.jpg,1 246 449 348 640
United_States_005755.jpg,1 388 557 427 639
United_States_005756.jpg,1 260 473 286 639 1 358 599 387 639 1 512 606 539 639 1 511 607 550 640
United_States_005757.jpg,2 241 409 394 449 1 385 504 434 530 2 112 390 344 417 2 270 391 343 405
United_States_005758.jpg,1 486 446 638 545 1 296 405 347 532 1 407 436 530 581 2 0 534 169 573 1 379 387 409 410 2 0 517 168 573
United_States_005759.jpg,1 308 423 392 636 1 206 380 280 637 1 397 375 634 542 1 481 438 635 545 1 403 520 559 638 1 458 526 559 638
United_States_005760.jpg,2 312 454 473 493
United_States_005761.jpg,1 286 399 340 559 2 543 533 601 601 2 8 526 185 595 1 543 532 600 602
United_States_005762.jpg,1 145 427 203 523 2 374 451 633 495 2 0 490 391 534 1 75 552 132 629
United_States_005763.jpg,1 403 442 467 553
United_States_005764.jpg,1 240 450 311 639 1 79 395 187 638 1 115 396 188 578 1 231 384 281 456
United_States_005765.jpg,1 235 430 299 544 2 0 484 54 505 3 220 396 299 543 1 225 398 300 544
United_States_005766.jpg,1 292 506 320 564
United_States_005767.jpg,2 204 550 416 604
United_States_005768.jpg,1 161 440 211 573 1 166 565 196 640 1 63 416 128 466
United_States_005769.jpg,1 109 472 166 582 2 4 441 276 489
United_States_005770.jpg,2 131 438 236 457 2 0 554 168 583 1 344 514 402 613 3 120 394 451 604 2 0 424 115 445 3 104 401 448 551
United_States_005771.jpg,1 368 433 429 547 2 198 495 264 511 1 163 469 214 586 1 548 424 640 494
United_States_005772.jpg,2 300 440 398 458
United_States_005773.jpg,2 367 543 436 572
United_States_005774.jpg,1 47 464 169 620 2 114 447 301 468
United_States_005775.jpg,3 415 534 578 639 1 294 534 325 606
United_States_005776.jpg,2 350 428 640 452 1 511 456 553 486
United_States_005777.jpg,1 214 446 240 527 1 53 419 153 618 1 262 467 294 639
United_States_005778.jpg,
United_States_005779.jpg,2 116 495 386 542
United_States_005780.jpg,1 375 538 433 640
United_States_005781.jpg,1 0 439 68 561
United_States_005782.jpg,1 5 569 61 636 2 0 474 158 494 1 341 480 374 547 2 341 472 436 491
United_States_005783.jpg,2 448 534 639 569 1 355 425 396 553 1 353 385 393 555
United_States_005784.jpg,1 447 405 639 509 1 299 394 401 551 1 31 461 83 515 1 32 408 152 512 2 365 452 417 469
United_States_005785.jpg,1 289 426 426 639 1 514 533 638 625 1 230 458 261 639 1 413 443 635 624
United_States_005786.jpg,1 273 511 353 639
United_States_005787.jpg,3 392 506 532 639
United_States_005788.jpg,1 337 408 363 499 2 540 606 597 625 1 437 446 511 576 1 434 443 557 638
United_States_005789.jpg,2 271 542 422 575 3 188 541 263 640 3 40 426 319 628 1 192 542 262 639
United_States_005790.jpg,2 87 448 243 474 1 323 411 368 543 2 89 470 214 485
United_States_005791.jpg,1 33 514 192 610 1 250 421 277 508 1 260 419 276 459
United_States_005792.jpg,2 0 538 217 572 1 199 471 240 639
United_States_005793.jpg,2 546 491 639 514 1 596 503 639 554
United_States_005794.jpg,2 150 439 263 457 1 390 479 432 562 1 298 442 328 640 1 175 452 219 544 1 0 397 190 555 3 0 400 189 556 1 134 390 196 440
United_States_005795.jpg,1 140 417 163 501
United_States_005796.jpg,1 477 430 639 512 1 345 527 374 574 1 341 385 440 437
United_States_005797.jpg,1 70 533 119 611 1 125 503 198 639 2 0 478 312 538 1 99 416 167 502 2 292 490 403 513 1 231 401 260 483
United_States_005798.jpg,2 79 514 273 575
United_States_005799.jpg,1 189 469 278 638 2 256 561 435 604 2 117 579 213 595 1 195 467 226 498
United_States_005800.jpg,1 325 495 377 640 2 0 513 330 554
United_States_005801.jpg,2 54 507 353 590 2 59 510 352 555 1 38 390 198 576
United_States_005802.jpg,2 388 503 541 545 3 250 402 403 597
United_States_005803.jpg,2 241 488 401 518
United_States_005804.jpg,1 223 456 267 561 1 567 496 640 558
United_States_005805.jpg,1 461 442 532 515 1 364 403 417 486 1 308 459 432 553 1 360 550 471 639 1 592 549 639 623
United_States_005806.jpg,1 62 453 191 638
United_States_005807.jpg,1 399 529 484 606 1 523 554 596 596 1 498 523 594 597
United_States_005808.jpg,1 166 480 190 569 1 208 410 251 479 1 54 402 109 488
United_States_005809.jpg,2 0 485 377 571 1 0 451 62 557 1 0 451 62 604
United_States_005810.jpg,1 363 451 519 633
United_States_005811.jpg,2 416 547 569 571 2 3 542 167 574 2 255 449 474 482 2 194 444 477 485
United_States_005812.jpg,1 56 383 214 537 1 273 465 305 636 2 279 622 507 640 3 0 512 58 625 1 56 418 176 538 2 277 624 412 640
United_States_005813.jpg,1 330 467 391 549 1 278 407 391 545 1 280 407 323 488
United_States_005814.jpg,1 134 425 253 637
United_States_005815.jpg,2 367 523 453 554 2 0 562 184 591 2 510 579 603 599
United_States_005816.jpg,1 2 434 203 611 1 482 526 585 639 1 473 483 584 639
United_States_005817.jpg,1 193 416 223 573
United_States_005818.jpg,1 587 542 629 624 1 516 417 628 620 1 516 415 572 500
United_States_005819.jpg,1 180 523 243 639 2 7 444 255 471 2 100 448 250 471 1 189 407 272 638
United_States_005820.jpg,1 96 370 248 519 2 459 521 628 542 3 179 419 513 640 2 283 607 387 630 3 141 386 330 638 4 159 440 196 458
United_States_005821.jpg,1 225 512 258 639 1 275 494 319 636 1 326 495 468 640 1 326 494 422 639
United_States_005822.jpg,1 15 425 173 611 2 0 521 70 537
United_States_005823.jpg,2 2 514 169 557
United_States_005824.jpg,1 255 421 292 560 2 120 417 258 435 3 188 382 211 406
United_States_005825.jpg,1 189 369 226 457
United_States_005826.jpg,1 330 511 385 639 2 233 611 286 627 1 244 499 260 535
United_States_005827.jpg,1 219 495 237 550 1 500 448 639 562 1 0 387 198 488 1 267 421 295 494
United_States_005828.jpg,1 296 517 385 640
United_States_005829.jpg,3 321 540 425 639 1 46 536 166 596 1 419 431 611 614
United_States_005830.jpg,2 59 558 263 639 2 0 540 120 564 2 13 429 91 444
United_States_005831.jpg,1 397 498 529 638 2 99 473 476 514 2 37 458 229 481 1 2 415 167 576 2 6 520 179 560
United_States_005832.jpg,1 256 384 309 440
United_States_005833.jpg,1 387 437 467 611 1 0 394 192 532 1 239 407 317 599 2 69 460 257 486
United_States_005834.jpg,2 480 541 638 569 1 133 362 239 456
United_States_005835.jpg,1 400 436 525 638 2 170 575 297 603
United_States_005836.jpg,2 210 520 344 544
United_States_005837.jpg,1 231 449 285 639 2 180 435 349 463 2 0 503 90 538
United_States_005838.jpg,2 161 438 533 517 1 219 382 242 415 1 552 496 585 525 2 438 421 615 456 1 127 409 206 577 2 146 445 521 536 2 451 403 557 422 1 129 410 204 528
United_States_005839.jpg,1 59 494 166 635 1 241 406 261 490 3 230 464 363 640
United_States_005840.jpg,1 185 385 262 503 1 505 387 528 451 2 0 504 207 544
United_States_005841.jpg,1 279 402 307 481 1 164 449 209 591 1 100 436 141 488 1 316 481 385 637 1 0 478 78 571
United_States_005842.jpg,1 319 393 361 541 1 499 420 633 496 1 85 498 182 638 1 234 394 285 488 1 554 492 639 587 1 554 492 592 515
United_States_005843.jpg,
United_States_005844.jpg,1 274 454 467 640 2 408 587 513 609
United_States_005845.jpg,1 290 385 353 505 3 196 554 451 640 3 210 550 581 638
United_States_005846.jpg,1 0 455 147 619 2 553 513 639 559 1 159 531 178 576
United_States_005847.jpg,2 0 443 153 479 1 198 411 231 639
United_States_005848.jpg,2 477 555 640 605 1 396 400 418 521 2 477 536 640 610 1 459 576 482 640 2 451 426 639 448 1 454 384 527 522
United_States_005849.jpg,1 5 515 78 594 1 268 447 338 640 1 144 502 178 584
United_States_005850.jpg,1 356 449 525 640 1 344 381 391 434
United_States_005851.jpg,1 300 392 354 485 1 350 415 546 638 2 450 450 508 466 2 386 443 457 461 1 515 414 553 433 1 204 431 233 525 2 68 587 135 608
United_States_005852.jpg,1 267 387 311 519
United_States_005853.jpg,2 161 448 340 509 4 386 440 407 453
United_States_005854.jpg,3 0 387 222 598 3 0 389 147 543 1 361 452 538 608
United_States_005855.jpg,3 284 463 412 566 1 65 411 214 620 2 147 529 232 553
United_States_005856.jpg,1 136 448 186 640 3 297 466 456 640 1 0 434 67 524 1 293 439 454 639
United_States_005857.jpg,2 10 514 449 572 2 12 535 87 554 3 377 452 565 639 1 377 449 552 640
United_States_005858.jpg,1 8 407 229 599 2 0 542 159 583 1 143 380 254 471 1 140 399 236 473
United_States_005859.jpg,1 431 462 638 608 1 408 552 457 637
United_States_005860.jpg,1 285 472 301 522
United_States_005861.jpg,1 231 455 253 551 1 292 404 382 555
United_States_005862.jpg,2 421 583 490 600 1 332 507 470 639 4 381 554 403 574 1 210 530 243 639 3 332 507 484 639
United_States_005863.jpg,2 0 493 225 517
United_States_005864.jpg,1 160 398 286 639 2 204 428 348 475
United_States_005865.jpg,1 371 521 404 640 2 480 609 552 629 1 297 418 339 538
United_States_005866.jpg,2 187 458 311 475 2 361 456 530 474 2 117 404 223 435
United_States_005867.jpg,1 172 442 193 491 1 273 480 313 545 2 312 447 405 465 1 62 583 105 639 1 430 475 567 562 2 214 606 310 639 3 260 510 432 639
United_States_005868.jpg,
United_States_005869.jpg,1 431 495 565 639
United_States_005870.jpg,1 422 506 535 629
United_States_005871.jpg,2 198 447 365 469 2 85 443 193 463 2 81 443 368 469
United_States_005872.jpg,1 408 455 532 566 2 541 549 618 579 1 304 509 327 561
United_States_005873.jpg,1 400 451 529 638 2 227 448 598 479 2 223 451 401 472 1 378 395 524 636 1 180 600 204 640 1 169 600 205 640 1 376 388 408 456
United_States_005874.jpg,3 249 414 360 522 1 115 491 216 585 2 282 488 469 527
United_States_005875.jpg,
United_States_005876.jpg,1 95 484 170 639
United_States_005877.jpg,1 403 575 459 639
United_States_005878.jpg,1 307 458 352 619
United_States_005879.jpg,1 0 394 137 512 1 416 516 484 640
United_States_005880.jpg,1 413 432 545 612 2 318 531 397 567
United_States_005881.jpg,1 0 429 181 586 1 139 402 172 432 4 555 469 575 481 1 0 513 80 582
United_States_005882.jpg,1 0 461 55 601 1 0 462 55 540
United_States_005883.jpg,
United_States_005884.jpg,2 500 460 640 499 1 364 380 561 639 3 361 382 553 640 1 509 397 640 463
United_States_005885.jpg,3 253 441 558 640 2 0 549 156 578
United_States_005886.jpg,3 348 526 430 639
United_States_005887.jpg,1 351 428 537 635 1 459 437 639 563 1 293 507 369 639 1 253 363 275 427
United_States_005888.jpg,1 240 511 295 640 1 241 512 320 640
United_States_005889.jpg,2 197 472 363 503 2 0 461 155 491 2 203 427 385 465
United_States_005890.jpg,1 55 501 186 632 1 0 501 116 571
United_States_005891.jpg,3 71 422 203 612
United_States_005892.jpg,1 236 477 302 639 1 207 388 230 440
United_States_005893.jpg,2 445 545 572 575 1 623 440 640 516 2 433 506 638 535
United_States_005894.jpg,1 135 445 212 638
United_States_005895.jpg,1 12 504 61 615 1 5 431 106 614
United_States_005896.jpg,1 185 504 231 640
United_States_005897.jpg,2 436 494 640 525 1 392 477 443 560 1 361 414 438 554 1 46 460 195 602
United_States_005898.jpg,2 183 439 528 471 2 0 434 184 458
United_States_005899.jpg,3 217 423 584 639 3 67 413 499 640
United_States_005900.jpg,1 415 417 639 610
United_States_005901.jpg,1 181 371 238 491 1 79 501 133 598 1 0 428 61 484 1 280 440 300 517
United_States_005902.jpg,1 85 534 153 600 1 397 567 429 639
United_States_005903.jpg,3 260 428 617 640 3 84 419 545 632
United_States_005904.jpg,2 76 423 273 444 1 0 474 128 615
United_States_005905.jpg,1 2 514 159 638 2 2 512 158 639 2 187 606 498 640 2 185 609 409 640 2 221 480 340 515
United_States_005906.jpg,1 466 546 510 640
United_States_005907.jpg,2 96 469 448 550 1 65 431 147 586 2 0 546 72 570 1 370 396 627 594
United_States_005908.jpg,1 13 494 104 624 2 0 556 56 585 3 1 484 108 626
United_States_005909.jpg,1 65 460 144 596 1 101 461 143 528
United_States_005910.jpg,1 112 368 198 506 1 133 499 153 559
United_States_005911.jpg,1 215 505 240 551 1 389 445 491 536 1 297 442 404 546 1 35 473 98 608 2 0 457 190 495
United_States_005912.jpg,
United_States_005913.jpg,1 273 488 364 639
United_States_005914.jpg,2 9 485 379 509 2 20 477 423 510
United_States_005915.jpg,
United_States_005916.jpg,1 99 495 199 639 3 299 483 398 564 1 299 488 389 563
United_States_005917.jpg,3 270 414 529 639 1 147 436 232 639 2 117 434 208 449
United_States_005918.jpg,1 10 459 112 615
United_States_005919.jpg,1 69 485 151 639
United_States_005920.jpg,1 14 385 127 510 1 357 441 640 639
United_States_005921.jpg,3 12 438 210 639 2 199 431 371 473 3 67 437 206 639 2 198 427 431 474
United_States_005922.jpg,
United_States_005923.jpg,
United_States_005924.jpg,1 267 434 383 636 1 29 425 185 618 1 126 391 165 435 2 0 427 138 457 1 0 517 63 618
United_States_005925.jpg,3 0 434 226 639 3 32 401 484 640
United_States_005926.jpg,1 300 449 367 639 2 0 457 274 479 2 354 576 426 626 2 352 578 478 625
United_States_005927.jpg,1 32 452 78 501
United_States_005928.jpg,1 132 403 259 638 2 278 471 477 497 2 91 438 193 454
United_States_005929.jpg,1 371 413 629 583 2 25 534 128 554 3 268 410 614 581 2 48 413 279 454 1 276 406 370 506
United_States_005930.jpg,2 418 524 619 580
United_States_005931.jpg,1 329 516 360 572 1 286 453 361 570
United_States_005932.jpg,1 443 471 553 556 2 46 417 385 446 1 290 504 311 565
United_States_005933.jpg,3 488 1 639 275
United_States_005934.jpg,2 15 560 251 620 1 230 446 262 640 1 596 580 640 626 1 329 455 398 565 1 343 489 400 565
United_States_005935.jpg,2 368 433 427 449
United_States_005936.jpg,1 252 496 296 614 1 335 505 464 624
United_States_005937.jpg,3 3 470 270 639 1 20 485 58 520
United_States_005938.jpg,1 357 565 437 640
United_States_005939.jpg,1 149 425 279 636
United_States_005940.jpg,1 281 395 338 483 1 374 417 520 610 1 146 483 212 639
United_States_005941.jpg,3 56 423 166 638
United_States_005942.jpg,2 1 507 140 559 1 585 585 630 626 1 1 508 139 559 1 100 408 191 479
United_States_005943.jpg,1 180 508 209 589
United_States_005944.jpg,2 98 582 335 630 1 262 384 362 639 2 0 578 123 607
United_States_005945.jpg,1 440 546 469 589 2 314 502 468 529
United_States_005946.jpg,2 0 487 247 547 1 149 429 252 507
United_States_005947.jpg,1 141 416 227 639 2 231 439 511 492 1 27 490 117 613 2 60 444 217 465
United_States_005948.jpg,2 458 583 575 630 1 226 378 264 639 2 247 493 398 531 2 0 532 74 549 2 118 428 227 445 2 47 538 220 574
United_States_005949.jpg,1 167 416 268 640 1 395 414 512 532 4 303 465 326 480 1 189 449 218 494 1 358 404 377 462 1 326 367 343 424 2 416 396 598 424 2 324 473 484 509 3 312 408 511 544 1 282 509 311 640
United_States_005950.jpg,1 360 420 393 555 1 320 447 342 544 1 369 490 393 556 2 155 418 321 435
United_States_005951.jpg,1 273 451 329 635 2 469 505 639 526
United_States_005952.jpg,2 40 490 225 507 2 325 428 599 451
United_States_005953.jpg,2 124 609 439 639
United_States_005954.jpg,2 180 435 339 455 2 180 436 309 453
United_States_005955.jpg,1 427 443 599 623 1 36 521 126 624 2 483 479 640 508 2 389 471 453 490 1 64 554 127 635
United_States_005956.jpg,1 318 423 397 640 1 130 552 193 638 1 364 405 509 590 1 219 467 250 541
United_States_005957.jpg,1 444 429 473 572 1 442 425 487 640
United_States_005958.jpg,1 314 390 328 426 1 328 453 392 639 2 220 420 368 438
United_States_005959.jpg,2 299 472 538 532 1 125 455 157 572 1 250 423 364 639 2 161 536 276 574 2 0 562 129 590 1 123 441 165 571 3 238 427 422 639
United_States_005960.jpg,2 83 467 419 506 1 235 385 251 435
United_States_005961.jpg,3 0 371 242 554 2 295 497 407 535 1 0 368 142 574
United_States_005962.jpg,1 272 360 306 472 1 0 383 179 561 3 375 454 631 636 3 330 424 618 637
United_States_005963.jpg,1 460 518 547 639
United_States_005964.jpg,1 418 400 460 493 2 37 562 218 600
United_States_005965.jpg,1 124 403 159 444 1 0 442 118 613
United_States_005966.jpg,1 490 543 594 638 1 362 398 443 588 1 402 396 497 497 1 189 402 301 635 1 215 406 299 551 1 412 417 498 499 2 600 590 639 611
United_States_005967.jpg,2 386 520 521 601
United_States_005968.jpg,2 0 442 107 465 1 391 512 498 637
United_States_005969.jpg,1 376 436 530 585
United_States_005970.jpg,
United_States_005971.jpg,3 0 461 117 625
United_States_005972.jpg,2 326 516 640 581 2 328 571 504 640
United_States_005973.jpg,1 316 398 467 639 2 0 501 168 518 2 0 531 162 551
United_States_005974.jpg,3 139 470 365 583
United_States_005975.jpg,1 0 415 115 604
United_States_005976.jpg,3 107 426 574 634
United_States_005977.jpg,1 193 509 280 639
United_States_005978.jpg,2 458 591 574 617
United_States_005979.jpg,1 385 587 403 622 1 424 515 539 639
United_States_005980.jpg,2 371 527 459 584 1 36 461 67 509 2 13 524 99 543
United_States_005981.jpg,1 291 480 396 614 1 252 436 395 611
United_States_005982.jpg,2 0 489 399 524 2 0 487 287 526
United_States_005983.jpg,1 567 461 640 531 1 332 425 455 586 2 498 604 640 635 1 330 428 505 639
United_States_005984.jpg,1 509 449 639 527 2 0 539 132 566
United_States_005985.jpg,1 158 572 190 639
United_States_005986.jpg,1 90 417 190 639 2 181 458 246 477
United_States_005987.jpg,2 203 592 416 634 1 292 412 334 519 1 383 512 438 639
United_States_005988.jpg,1 314 443 393 639
United_States_005989.jpg,1 179 403 227 640
United_States_005990.jpg,2 60 499 166 516
United_States_005991.jpg,2 464 573 588 623 1 463 573 587 622 2 285 597 423 640 2 127 597 424 639
United_States_005992.jpg,1 338 376 502 638 2 467 506 556 525 2 221 454 386 475 2 377 430 619 450 4 186 447 214 462 4 118 508 144 531
United_States_005993.jpg,2 348 488 520 543 1 258 389 374 640 1 257 388 323 535
United_States_005994.jpg,2 0 483 132 503 1 179 410 211 455 1 114 555 158 639 1 248 408 277 639 1 38 502 129 624 2 4 461 351 504 2 78 457 429 500
United_States_005995.jpg,1 395 544 542 640 1 142 525 163 564 1 202 582 228 640 1 293 469 381 529
United_States_005996.jpg,1 173 427 228 559 1 137 425 227 639 2 213 484 280 503
United_States_005997.jpg,2 431 533 575 555 2 431 532 640 559
United_States_005998.jpg,1 292 435 398 638
United_States_005999.jpg,1 318 500 416 640 2 575 523 617 588
United_States_006000.jpg,2 37 582 168 616 2 256 474 640 570 2 305 506 637 571 1 407 438 462 555
United_States_006001.jpg,2 222 447 452 479 2 222 445 502 484 1 63 401 269 616
United_States_006002.jpg,3 104 388 176 639 1 46 428 82 501 2 221 467 344 505 2 497 469 570 501
United_States_006003.jpg,1 0 444 168 614
United_States_006004.jpg,3 0 417 108 621 1 240 408 289 462 1 415 414 639 532
